session_turn_index,metric,group_dimension,group_value,unit,count,mean,stddev_population,min,p10,p25,p50,p75,p90,p95,p99,max,sum
0,isl_tokens,session_turn_index,0,tokens,8600,24268.195,25679.632621643097,402.0,10290.800000000003,13878.0,18601.5,25966.0,37736.1,49186.49999999996,169018.01,710767.0,208706477.0
0,osl_tokens,session_turn_index,0,tokens,8600,322.5124418604651,589.3983401177613,1.0,5.0,125.0,239.0,380.0,570.1000000000004,770.0499999999993,2079.3100000000068,29561.0,2773607.0
0,context_length_tokens,session_turn_index,0,tokens,8600,24268.195,25679.632621643097,402.0,10290.800000000003,13878.0,18601.5,25966.0,37736.1,49186.49999999996,169018.01,710767.0,208706477.0
1,isl_tokens,session_turn_index,1,tokens,7855,5114.890770210057,8706.892815675637,1.0,146.0,633.0,1956.0,5995.0,14149.6,20191.899999999998,38569.68,309624.0,40177467.0
1,osl_tokens,session_turn_index,1,tokens,7855,407.613112667091,762.1380206209718,1.0,44.0,125.0,262.0,415.0,710.6000000000004,1145.8999999999978,3670.340000000001,16338.0,3201801.0
1,context_length_tokens,session_turn_index,1,tokens,7855,26656.21973265436,17560.81082666667,2711.0,12501.400000000001,16824.5,23473.0,33064.0,43265.40000000001,51999.999999999956,75616.54000000002,711459.0,209384606.0
2,isl_tokens,session_turn_index,2,tokens,7467,4975.651265568501,6935.514125021367,2.0,101.0,488.0,2202.0,6829.5,13456.400000000001,18710.399999999994,32086.920000000035,64767.0,37153188.0
2,osl_tokens,session_turn_index,2,tokens,7467,475.83487344314983,1218.477540070153,1.0,47.0,125.0,265.0,458.5,854.8000000000011,1409.7999999999993,3984.720000000001,43970.0,3553059.0
2,context_length_tokens,session_turn_index,2,tokens,7467,31630.25164055176,17862.72816511406,2984.0,14979.2,20454.0,28994.0,39861.5,50551.8,59660.39999999998,82695.8,712542.0,236183089.0
3,isl_tokens,session_turn_index,3,tokens,7163,4504.0205221276,6433.874204501506,3.0,84.0,415.5,1931.0,6066.0,12164.400000000005,17246.799999999996,29297.760000000006,98991.0,32262299.0
3,osl_tokens,session_turn_index,3,tokens,7163,555.6998464330587,1723.0181647541765,1.0,47.0,123.0,265.0,490.0,1023.8000000000002,1795.4999999999945,5400.420000000001,64000.0,3980478.0
3,context_length_tokens,session_turn_index,3,tokens,7163,36691.48373586486,19865.769222277904,3156.0,16816.0,23541.0,34300.0,46468.5,58977.8,69118.7,92369.3,713161.0,262821098.0
4,isl_tokens,session_turn_index,4,tokens,6805,3841.210580455547,5599.705320593046,2.0,76.0,365.0,1731.0,4983.0,10324.0,14508.39999999999,25526.120000000003,85648.0,26139438.0
4,osl_tokens,session_turn_index,4,tokens,6805,564.1788390889052,1248.569791020768,1.0,48.0,121.0,261.0,521.0,1149.2000000000007,2038.5999999999985,5833.040000000003,35452.0,3839237.0
4,context_length_tokens,session_turn_index,4,tokens,6805,41294.63952975753,21782.506810316376,3276.0,18893.0,26797.0,38851.0,51522.0,66323.40000000001,76855.99999999994,102449.00000000001,713897.0,281010022.0
5,isl_tokens,session_turn_index,5,tokens,6480,3389.7708333333335,6378.828776167428,3.0,66.0,275.75,1420.0,4201.0,8986.1,12871.599999999991,25052.370000000006,301025.0,21965715.0
5,osl_tokens,session_turn_index,5,tokens,6480,587.8253086419753,1263.0356525476175,1.0,46.0,117.0,257.5,526.25,1235.0,2177.7999999999884,6228.9400000000005,21205.0,3809108.0
5,context_length_tokens,session_turn_index,5,tokens,6480,45287.687191358025,23864.517442164357,3401.0,20648.8,29546.75,42304.5,56062.5,72754.40000000001,84415.04999999986,115284.80000000002,714302.0,293464213.0
6,isl_tokens,session_turn_index,6,tokens,6191,2830.0243902439024,4509.671908920333,1.0,58.0,199.5,1111.0,3477.5,7812.0,11338.5,22186.300000000054,55347.0,17520681.0
6,osl_tokens,session_turn_index,6,tokens,6191,596.0533031820385,1182.0003249907072,1.0,46.0,113.0,247.0,561.0,1323.0,2310.5,6148.700000000006,17576.0,3690166.0
6,context_length_tokens,session_turn_index,6,tokens,6191,48539.45937651429,25036.946401441026,3522.0,22732.0,32080.0,45288.0,59878.5,77772.0,90397.0,125475.70000000006,714789.0,300507793.0
7,isl_tokens,session_turn_index,7,tokens,5846,2481.510434485118,4376.319508144914,2.0,50.0,171.0,874.0,2948.0,6636.5,10356.0,20109.0,107048.0,14506910.0
7,osl_tokens,session_turn_index,7,tokens,5846,611.064317482039,1323.7619401825432,1.0,45.0,110.0,235.0,535.75,1300.0,2417.25,6973.35000000001,27237.0,3572282.0
7,context_length_tokens,session_turn_index,7,tokens,5846,51415.76103318508,26467.718756049995,4691.0,24427.0,34201.5,47698.0,63463.0,81968.0,94685.0,132923.75000000006,715393.0,300576539.0
8,isl_tokens,session_turn_index,8,tokens,5537,2231.193787249413,3708.5772562397424,4.0,52.0,166.0,811.0,2684.0,5939.200000000004,9357.199999999999,17896.040000000095,46527.0,12354120.0
8,osl_tokens,session_turn_index,8,tokens,5537,651.2420083077478,1487.1301850926022,1.0,46.0,110.0,228.0,560.0,1469.800000000001,2694.2,7018.320000000037,32000.0,3605927.0
8,context_length_tokens,session_turn_index,8,tokens,5537,54066.546505327795,27630.303297537976,4891.0,25773.8,36224.0,49959.0,66470.0,86074.00000000001,99555.99999999997,140807.32,715827.0,299366468.0
9,isl_tokens,session_turn_index,9,tokens,5242,2050.755436856162,3625.668439902697,4.0,48.0,139.0,708.0,2426.75,5483.0,8264.95,17092.0,80761.0,10750060.0
9,osl_tokens,session_turn_index,9,tokens,5242,645.4463945059138,1455.8455207741108,1.0,46.0,104.0,222.5,565.0,1441.5000000000027,2622.749999999999,7406.570000000003,31032.0,3383430.0
9,context_length_tokens,session_turn_index,9,tokens,5242,56253.438573063715,28436.464803712126,5334.0,27224.600000000002,37928.75,52198.0,69100.0,89299.70000000004,103098.45,144264.05000000002,716272.0,294880525.0
10,isl_tokens,session_turn_index,10,tokens,4968,1907.0090579710145,3337.233003203639,2.0,48.700000000000045,138.75,684.5,2260.0,5003.6,7725.299999999992,16012.549999999997,43812.0,9474021.0
10,osl_tokens,session_turn_index,10,tokens,4968,688.6841787439613,1506.1982851036596,1.0,45.0,108.0,225.0,570.0,1546.9000000000005,3085.54999999999,7995.519999999997,22805.0,3421383.0
10,context_length_tokens,session_turn_index,10,tokens,4968,58274.55696457327,29096.194699076405,5566.0,28543.9,39619.0,54005.0,71175.25,92126.8,106337.7,148301.81999999998,716864.0,289507999.0
11,isl_tokens,session_turn_index,11,tokens,4734,1741.45690747782,5276.854566211846,4.0,47.0,106.0,586.0,1956.0,4416.799999999994,7092.249999999992,14453.960000000006,301506.0,8244057.0
11,osl_tokens,session_turn_index,11,tokens,4734,679.4501478664977,1594.70138818424,1.0,46.0,106.0,222.0,571.75,1515.0,2828.0,7877.750000000002,24096.0,3216517.0
11,context_length_tokens,session_turn_index,11,tokens,4734,60277.83924799324,30144.197645975208,5705.0,29920.5,41026.25,55778.0,73533.0,95184.69999999998,109510.64999999994,151406.63,717413.0,285355291.0
12,isl_tokens,session_turn_index,12,tokens,4521,1656.3890732138907,3153.4736079056734,4.0,47.0,110.0,560.0,1914.0,4244.0,6989.0,13767.600000000017,73139.0,7488535.0
12,osl_tokens,session_turn_index,12,tokens,4521,720.2267197522672,1554.6774332290875,1.0,46.0,107.0,229.0,581.0,1763.0,3214.0,8064.600000000034,21871.0,3256145.0
12,context_length_tokens,session_turn_index,12,tokens,4521,62201.008184030085,30614.114423239465,5820.0,30999.0,42539.0,57584.0,75805.0,97869.0,112345.0,158568.4000000003,717882.0,281210758.0
13,isl_tokens,session_turn_index,13,tokens,4307,1461.365451590434,2625.1728102936545,5.0,46.0,93.5,465.0,1700.0,3945.0,5998.799999999999,12889.019999999888,47536.0,6294101.0
13,osl_tokens,session_turn_index,13,tokens,4307,693.8908753192477,1619.2644321737125,1.0,47.0,107.0,217.0,576.0,1583.4000000000015,3045.699999999998,7149.899999999966,28700.0,2988588.0
13,context_length_tokens,session_turn_index,13,tokens,4307,64067.197817506385,31260.322541899714,7923.0,32218.2,44085.5,59236.0,77879.5,101072.0,116345.19999999998,162955.37999999992,719653.0,275937421.0
14,isl_tokens,session_turn_index,14,tokens,4109,1416.2139206619615,2523.7449230928873,1.0,47.0,95.0,451.0,1639.0,3636.600000000001,5966.999999999999,12805.200000000004,29643.0,5819223.0
14,osl_tokens,session_turn_index,14,tokens,4109,673.993429058165,1484.9646225113056,1.0,47.0,108.0,223.0,601.0,1514.6000000000022,2909.6,6973.520000000008,26855.0,2769439.0
14,context_length_tokens,session_turn_index,14,tokens,4109,65766.53760038939,31956.84003857802,9013.0,33275.0,45493.0,60418.0,80445.0,103878.00000000001,119339.59999999999,165338.64000000007,720032.0,270234703.0
15,isl_tokens,session_turn_index,15,tokens,3920,1412.409948979592,2943.6788619686454,1.0,46.0,92.0,448.5,1525.0,3498.3999999999996,5800.749999999996,13939.349999999993,62953.0,5536647.0
15,osl_tokens,session_turn_index,15,tokens,3920,692.3818877551021,1481.596964471489,1.0,48.0,105.0,218.0,600.0,1565.1,2950.3499999999817,8057.509999999991,17171.0,2714137.0
15,context_length_tokens,session_turn_index,15,tokens,3920,67671.61658163265,32766.212853414814,9425.0,34626.6,46621.75,61935.0,82939.75,106349.8,122655.74999999994,166811.35,720253.0,265272737.0
16,isl_tokens,session_turn_index,16,tokens,3749,1383.4278474259802,2847.0726495076447,3.0,45.0,87.0,405.0,1478.0,3407.800000000001,5712.799999999997,13427.279999999997,41668.0,5186471.0
16,osl_tokens,session_turn_index,16,tokens,3749,678.3056815150707,1354.533860058338,1.0,47.0,108.0,218.0,607.0,1683.200000000003,3040.0,6948.839999999999,22203.0,2542968.0
16,context_length_tokens,session_turn_index,16,tokens,3749,69488.95198719659,33708.463573133755,10484.0,35556.200000000004,48071.0,63280.0,84846.0,109314.40000000001,125741.0,171469.88,720580.0,260514081.0
17,isl_tokens,session_turn_index,17,tokens,3597,1294.981095357242,2573.8109777765158,3.0,40.60000000000002,77.0,357.0,1377.0,3280.4,5678.399999999997,12869.039999999999,40972.0,4658047.0
17,osl_tokens,session_turn_index,17,tokens,3597,655.0939671948846,1402.826931437393,1.0,48.0,108.0,216.0,602.0,1498.0000000000005,2804.199999999998,6928.08,27046.0,2356373.0
17,context_length_tokens,session_turn_index,17,tokens,3597,71543.87656380318,34548.064930593195,10656.0,36780.0,49447.0,65258.0,86905.0,112655.40000000001,129153.39999999997,177632.15999999992,720977.0,257343324.0
18,isl_tokens,session_turn_index,18,tokens,3470,1280.4550432276658,2447.195915912891,1.0,45.0,79.25,353.0,1391.75,3348.899999999999,5365.649999999989,11477.749999999998,27217.0,4443179.0
18,osl_tokens,session_turn_index,18,tokens,3470,660.4942363112392,1397.9660809588509,1.0,50.0,107.0,235.0,584.0,1517.3999999999996,2840.0,7183.189999999986,28447.0,2291915.0
18,context_length_tokens,session_turn_index,18,tokens,3470,73451.21988472622,35159.56301633297,11769.0,38128.2,50870.25,67069.0,90151.5,115400.79999999999,133245.24999999994,183052.72999999992,721606.0,254875733.0
19,isl_tokens,session_turn_index,19,tokens,3331,1207.7850495346743,2244.952079469854,5.0,45.0,82.0,334.0,1339.5,3193.0,5484.0,11250.199999999997,25711.0,4023132.0
19,osl_tokens,session_turn_index,19,tokens,3331,697.1852296607625,1530.2654830871993,1.0,48.0,105.5,220.0,611.0,1658.0,2945.0,7636.299999999984,27679.0,2322324.0
19,context_length_tokens,session_turn_index,19,tokens,3331,75451.2230561393,35966.20165870743,12485.0,39651.0,52276.0,68851.0,92351.5,118092.0,135319.0,190396.89999999898,722301.0,251328024.0
20,isl_tokens,session_turn_index,20,tokens,3215,1175.2538102643857,2290.072937294988,2.0,40.0,75.0,308.0,1239.0,3132.6,5008.899999999985,11574.74000000002,28878.0,3778441.0
20,osl_tokens,session_turn_index,20,tokens,3215,675.0777604976672,1477.3386612166187,1.0,48.0,105.0,223.0,611.5,1559.0,2735.5999999999995,7371.740000000014,22357.0,2170375.0
20,context_length_tokens,session_turn_index,20,tokens,3215,77114.25909797823,36790.71580025635,13086.0,40618.8,53502.0,70320.0,94211.5,120425.0,139532.19999999992,194640.82000000007,722861.0,247922343.0
21,isl_tokens,session_turn_index,21,tokens,3104,1193.3630798969073,2543.725062937176,1.0,39.30000000000001,78.0,319.5,1237.25,3013.800000000001,5083.5999999999985,12132.719999999965,43815.0,3704199.0
21,osl_tokens,session_turn_index,21,tokens,3104,674.2644974226804,1289.5347206253618,1.0,50.0,110.0,225.5,645.25,1710.0,2885.9999999999964,6836.699999999978,12445.0,2092917.0
21,context_length_tokens,session_turn_index,21,tokens,3104,78720.88466494845,37288.462855610574,13307.0,41868.9,54596.5,71567.0,95822.25,122776.10000000005,141524.94999999998,198968.2599999996,724411.0,244349626.0
22,isl_tokens,session_turn_index,22,tokens,2999,1177.400466822274,2357.681618501076,1.0,40.0,76.0,288.0,1213.5,3070.4000000000033,5280.299999999994,11125.279999999999,39247.0,3531024.0
22,osl_tokens,session_turn_index,22,tokens,2999,692.1037012337446,1533.2591290348028,1.0,48.0,105.0,217.0,609.5,1624.0,2700.4999999999995,7638.899999999998,24570.0,2075619.0
22,context_length_tokens,session_turn_index,22,tokens,2999,80545.02467489163,37682.49946165041,14535.0,43006.6,55978.0,73562.0,98335.0,124949.80000000006,143974.19999999995,199477.49999999997,724804.0,241554529.0
23,isl_tokens,session_turn_index,23,tokens,2893,1128.037331489803,2547.152127491318,6.0,39.0,70.0,258.0,1151.0,2964.800000000002,4683.200000000001,10864.39999999999,56455.0,3263412.0
23,osl_tokens,session_turn_index,23,tokens,2893,656.1645350846871,1292.243867661564,1.0,52.0,106.0,226.0,637.0,1552.4000000000005,2757.600000000001,6228.359999999997,19939.0,1898284.0
23,context_length_tokens,session_turn_index,23,tokens,2893,82297.54683719322,38251.45368883369,14730.0,44048.8,57056.0,75077.0,100495.0,127667.80000000002,147612.2,202985.51999999996,725444.0,238086803.0
24,isl_tokens,session_turn_index,24,tokens,2782,1091.464773544213,2225.847281713755,1.0,39.10000000000002,70.0,269.0,1094.75,2779.3000000000025,5114.849999999967,11634.800000000007,27364.0,3036455.0
24,osl_tokens,session_turn_index,24,tokens,2782,689.1944644140906,1347.7743778060317,1.0,47.0,105.0,237.5,660.5,1700.9,3046.8999999999887,6597.360000000002,17310.0,1917339.0
24,context_length_tokens,session_turn_index,24,tokens,2782,84205.40510424155,38867.53104563235,14827.0,45201.0,58549.0,76532.0,102488.5,130179.0,151254.69999999992,206615.5500000001,726884.0,234259437.0
25,isl_tokens,session_turn_index,25,tokens,2682,1089.643922445936,2155.7847718303437,5.0,37.0,69.0,251.0,1108.0,2912.7000000000003,5024.149999999997,11013.770000000004,22742.0,2922425.0
25,osl_tokens,session_turn_index,25,tokens,2682,721.183072334079,1367.7587690733837,1.0,50.0,110.0,241.0,676.0,1809.5000000000005,3235.0999999999967,6885.750000000002,15807.0,1934213.0
25,context_length_tokens,session_turn_index,25,tokens,2682,85848.0182699478,39378.45489578228,15210.0,46325.8,59881.5,78259.0,104670.25,134163.90000000005,153658.8499999998,206579.3400000002,727780.0,230244385.0
26,isl_tokens,session_turn_index,26,tokens,2602,984.9400461183704,1967.8347772289305,3.0,37.0,68.0,271.5,1032.0,2481.7000000000003,4329.849999999999,8961.229999999983,37095.0,2562814.0
26,osl_tokens,session_turn_index,26,tokens,2602,682.0714834742506,1398.9505049354175,1.0,46.0,102.0,224.5,632.0,1653.2000000000007,3014.699999999999,7051.319999999963,21372.0,1774750.0
26,context_length_tokens,session_turn_index,26,tokens,2602,87352.14681014605,38058.64940342376,15366.0,47411.3,60803.0,79933.5,106099.5,135700.30000000002,156027.84999999998,211609.34999999884,390500.0,227290286.0
27,isl_tokens,session_turn_index,27,tokens,2518,1031.9837172359016,2303.6489042731787,6.0,39.0,67.0,247.0,956.5,2676.6000000000095,4513.450000000001,11304.839999999953,49815.0,2598535.0
27,osl_tokens,session_turn_index,27,tokens,2518,675.2160444797458,1358.6190260158237,1.0,46.0,105.0,229.0,641.75,1750.6000000000004,2802.0500000000006,6345.269999999995,32668.0,1700194.0
27,context_length_tokens,session_turn_index,27,tokens,2518,89296.21604447975,38956.779155619304,15465.0,48616.200000000004,62098.0,81423.5,108387.75,139630.0,159963.25,216123.53999999986,390976.0,224847872.0
28,isl_tokens,session_turn_index,28,tokens,2442,1104.554873054873,2325.5358986407664,1.0,39.0,70.0,282.0,1083.25,2850.6000000000004,5156.299999999983,10514.930000000004,40626.0,2697323.0
28,osl_tokens,session_turn_index,28,tokens,2442,719.1420966420966,1473.733827051024,1.0,47.0,105.0,239.0,677.5,1709.000000000001,3222.4499999999907,7164.65000000002,21727.0,1756145.0
28,context_length_tokens,session_turn_index,28,tokens,2442,91176.43243243243,39698.17892396755,15794.0,49641.8,63676.75,82970.0,110468.25,140931.2,165006.94999999995,220206.23000000024,396843.0,222652848.0
29,isl_tokens,session_turn_index,29,tokens,2379,1063.1651954602773,2320.789734742681,4.0,37.0,66.0,230.0,1017.5,2692.4000000000074,4936.299999999997,11480.339999999971,42005.0,2529270.0
29,osl_tokens,session_turn_index,29,tokens,2379,676.927700714586,1354.5904579504063,1.0,45.80000000000001,102.5,232.0,658.0,1651.6000000000022,2967.0,6268.779999999981,23064.0,1610411.0
29,context_length_tokens,session_turn_index,29,tokens,2379,93119.6805380412,40639.84823122397,15893.0,50317.2,64671.5,84896.0,112890.5,145515.80000000005,168173.19999999995,224425.53999999966,397463.0,221531720.0
30,isl_tokens,session_turn_index,30,tokens,2296,1025.5810104529617,2171.9529736893805,2.0,32.0,64.0,229.0,957.25,2476.5,4916.0,11074.450000000052,22686.0,2354734.0
30,osl_tokens,session_turn_index,30,tokens,2296,668.1215156794425,1289.0163069862415,1.0,46.0,107.0,248.0,620.0,1576.0,2988.0,6393.650000000013,14373.0,1534007.0
30,context_length_tokens,session_turn_index,30,tokens,2296,94959.2456445993,41161.15968054289,16095.0,51654.0,66535.5,86773.0,115165.25,148183.0,169641.75,227855.50000000003,399035.0,218026428.0
31,isl_tokens,session_turn_index,31,tokens,2237,1003.2025033527045,2084.478093084225,4.0,37.0,66.0,246.0,971.0,2581.0000000000005,4587.799999999999,11082.439999999984,23096.0,2244164.0
31,osl_tokens,session_turn_index,31,tokens,2237,632.1618238712562,1241.4074981269418,1.0,45.0,105.0,227.0,626.0,1568.4,2533.5999999999976,5918.9599999999855,18597.0,1414146.0
31,context_length_tokens,session_turn_index,31,tokens,2237,96725.47340187752,41864.86804597359,16191.0,52320.600000000006,68044.0,88437.0,117177.0,150913.80000000002,171914.7999999998,230408.59999999992,399384.0,216374884.0
32,isl_tokens,session_turn_index,32,tokens,2180,1048.284862385321,2282.799830091606,4.0,32.900000000000006,63.75,228.0,939.25,2517.4000000000033,5281.549999999997,12357.100000000004,22867.0,2285261.0
32,osl_tokens,session_turn_index,32,tokens,2180,652.0619266055046,1269.6597385400871,1.0,46.0,109.0,243.5,605.25,1494.800000000001,2929.8499999999954,6549.630000000004,15433.0,1421495.0
32,context_length_tokens,session_turn_index,32,tokens,2180,98615.31422018349,42566.970897848,16416.0,53346.4,69555.25,90300.5,119725.5,153516.90000000002,176963.34999999992,236601.16,399979.0,214981385.0
33,isl_tokens,session_turn_index,33,tokens,2122,1005.7445805843544,2171.0559027957825,5.0,29.0,62.0,236.0,940.75,2638.2000000000025,4300.749999999999,10739.0,34069.0,2134190.0
33,osl_tokens,session_turn_index,33,tokens,2122,640.5918944392083,1232.8700992830563,1.0,46.0,102.0,238.0,598.0,1501.1000000000008,2680.7999999999956,6446.539999999992,17297.0,1359336.0
33,context_length_tokens,session_turn_index,33,tokens,2122,100176.41093308199,42943.324556094834,16542.0,54147.50000000001,70724.25,91750.5,120898.0,156075.40000000002,179993.04999999996,237765.3899999999,401511.0,212574344.0
34,isl_tokens,session_turn_index,34,tokens,2068,971.3462282398452,2163.1246556029228,3.0,37.0,65.0,240.0,836.25,2564.3999999999987,4144.599999999999,10598.32,29814.0,2008744.0
34,osl_tokens,session_turn_index,34,tokens,2068,645.5923597678917,1254.749811183501,1.0,46.0,102.0,250.0,626.0,1490.2999999999995,2497.8499999999985,7059.519999999968,16422.0,1335085.0
34,context_length_tokens,session_turn_index,34,tokens,2068,101825.52901353965,43062.87419213054,16663.0,55269.9,71962.0,93544.5,122732.25,158195.59999999998,181115.94999999998,238781.32999999996,404585.0,210575194.0
35,isl_tokens,session_turn_index,35,tokens,2021,963.745175655616,2049.659069146747,3.0,37.0,65.0,225.0,964.0,2480.0,4203.0,10391.599999999999,26099.0,1947729.0
35,osl_tokens,session_turn_index,35,tokens,2021,662.7243938644235,1345.855839371293,1.0,45.0,105.0,229.0,649.0,1630.0,2535.0,6227.799999999999,29612.0,1339366.0
35,context_length_tokens,session_turn_index,35,tokens,2021,103665.15042058387,43837.61003276294,16931.0,57002.0,73186.0,95154.0,124690.0,161302.0,183990.0,241326.6,405123.0,209507269.0
36,isl_tokens,session_turn_index,36,tokens,1981,942.4482584553256,1906.7863826102466,4.0,35.0,66.0,221.0,909.0,2439.0,4460.0,10343.80000000001,16987.0,1866990.0
36,osl_tokens,session_turn_index,36,tokens,1981,656.1943462897526,1190.9372221175547,1.0,46.0,97.0,234.0,639.0,1728.0,2798.0,5697.400000000014,15596.0,1299921.0
36,context_length_tokens,session_turn_index,36,tokens,1981,105032.41544674407,44070.80055376022,17075.0,58155.0,74428.0,96696.0,126626.0,162488.0,187046.0,241363.20000000004,406467.0,208069215.0
37,isl_tokens,session_turn_index,37,tokens,1927,1018.1759211209134,2275.5596944193703,6.0,32.0,63.0,211.0,898.5,2575.400000000001,4816.299999999998,12166.640000000005,27867.0,1962025.0
37,osl_tokens,session_turn_index,37,tokens,1927,632.2200311364816,1304.5586302956958,1.0,45.0,105.0,231.0,643.5,1518.6000000000004,2526.2999999999965,5509.32,32000.0,1218288.0
37,context_length_tokens,session_turn_index,37,tokens,1927,106859.97768552153,44650.03707530572,17187.0,59132.8,76150.0,98169.0,128489.5,164014.8,188474.89999999982,244897.94,406872.0,205919177.0
38,isl_tokens,session_turn_index,38,tokens,1888,979.4735169491526,2784.5371983969394,5.0,33.0,64.0,217.5,840.25,2285.2999999999993,4303.749999999998,11152.979999999936,81355.0,1849246.0
38,osl_tokens,session_turn_index,38,tokens,1888,641.3659957627119,1165.7068334969597,1.0,45.0,102.0,251.5,693.5,1517.9999999999995,2465.95,5666.359999999956,12597.0,1210899.0
38,context_length_tokens,session_turn_index,38,tokens,1888,108697.89088983051,45161.44295702422,17285.0,60245.200000000004,77561.75,99973.5,130763.5,166248.1,190532.3,248296.18999999992,408393.0,205221618.0
39,isl_tokens,session_turn_index,39,tokens,1849,881.281773931855,1906.9593493528519,5.0,29.0,62.0,197.0,808.0,2321.8,3955.1999999999994,9714.599999999997,28212.0,1629490.0
39,osl_tokens,session_turn_index,39,tokens,1849,626.7420227149811,1429.7444665250962,1.0,45.0,109.0,238.0,625.0,1526.4000000000003,2330.199999999998,5314.719999999999,38114.0,1158846.0
39,context_length_tokens,session_turn_index,39,tokens,1849,110071.06489994592,45309.370099500695,17567.0,61230.2,78997.0,101462.0,132189.0,168118.40000000002,194122.59999999983,249392.63999999998,408827.0,203521399.0
40,isl_tokens,session_turn_index,40,tokens,1816,971.6844713656387,2212.8159572055933,6.0,30.0,59.0,214.5,880.25,2511.5,4637.0,10453.14999999998,40157.0,1764579.0
40,osl_tokens,session_turn_index,40,tokens,1816,606.8535242290749,1083.1754317698415,1.0,45.0,104.0,254.0,628.0,1458.5,2424.0,5805.499999999994,11808.0,1102046.0
40,context_length_tokens,session_turn_index,40,tokens,1816,111600.46585903084,45042.137995209014,17671.0,62094.5,80232.75,103320.0,134168.0,170151.0,195589.25,252605.2999999999,410148.0,202666446.0
41,isl_tokens,session_turn_index,41,tokens,1784,976.8217488789238,2168.505635270435,6.0,29.0,59.0,223.0,893.25,2346.200000000001,4719.449999999997,11444.820000000003,28375.0,1742650.0
41,osl_tokens,session_turn_index,41,tokens,1784,659.6748878923767,1335.1270730731176,1.0,45.0,100.0,260.0,657.25,1547.2000000000003,2758.4499999999985,5298.990000000003,27290.0,1176860.0
41,context_length_tokens,session_turn_index,41,tokens,1784,113409.41143497758,45669.79533336539,18107.0,62945.1,81563.5,105167.5,136449.0,172195.1,198725.05,254879.33000000005,411474.0,202322390.0
42,isl_tokens,session_turn_index,42,tokens,1746,921.8717067583046,1985.7181912277201,4.0,28.0,58.0,190.5,829.75,2407.5,4413.75,10302.199999999995,19491.0,1609588.0
42,osl_tokens,session_turn_index,42,tokens,1746,603.0229095074455,1003.5149517334501,1.0,45.0,103.0,259.0,655.0,1435.5,2449.75,5225.849999999995,10563.0,1052878.0
42,context_length_tokens,session_turn_index,42,tokens,1746,114981.24169530356,46132.21890941625,18213.0,63783.5,83228.75,106802.0,137841.5,174735.0,201232.0,262989.5499999999,413109.0,200757248.0
43,isl_tokens,session_turn_index,43,tokens,1712,894.8533878504672,2024.491401487412,1.0,28.0,57.0,175.0,779.25,2357.6000000000013,4173.349999999996,10408.499999999982,25040.0,1531989.0
43,osl_tokens,session_turn_index,43,tokens,1712,606.5414719626168,1193.3122434759516,1.0,45.0,97.0,251.0,644.75,1436.4000000000005,2316.649999999997,4987.459999999998,28919.0,1038399.0
43,context_length_tokens,session_turn_index,43,tokens,1712,116309.07359813084,46087.08488285255,18356.0,65775.1,84258.25,107874.5,139336.0,176342.6,202002.24999999983,265338.1999999991,413902.0,199121134.0
44,isl_tokens,session_turn_index,44,tokens,1683,919.9215686274509,2108.9889301686744,6.0,29.0,59.0,191.0,853.0,2352.0,3889.7999999999943,11572.200000000006,21995.0,1548228.0
44,osl_tokens,session_turn_index,44,tokens,1683,630.1954842543078,1103.6914236222688,1.0,46.0,106.0,261.0,633.0,1565.5999999999992,2539.9999999999986,5484.3200000000015,12858.0,1060619.0
44,context_length_tokens,session_turn_index,44,tokens,1683,117513.76351752822,46257.15976190274,18457.0,66329.4,84898.5,109465.0,141844.0,177585.19999999998,201034.6999999999,269299.22000000026,414921.0,197775664.0
45,isl_tokens,session_turn_index,45,tokens,1649,953.0145542753183,2173.1616282487694,3.0,29.0,60.0,216.0,862.0,2585.6000000000004,4586.599999999995,10345.799999999988,34176.0,1571521.0
45,osl_tokens,session_turn_index,45,tokens,1649,634.3765918738629,1116.8449211993404,1.0,45.0,102.0,248.0,611.0,1581.0000000000002,2818.0,5411.719999999998,12266.0,1046087.0
45,context_length_tokens,session_turn_index,45,tokens,1649,119082.3044269254,46836.85631017003,18564.0,67278.0,85983.0,111299.0,143491.0,179018.8,204006.19999999992,271451.8799999999,415505.0,196366720.0
46,isl_tokens,session_turn_index,46,tokens,1621,896.6718075262183,2287.0647486120693,6.0,28.0,51.0,153.0,737.0,2351.0,4118.0,10701.399999999994,48486.0,1453505.0
46,osl_tokens,session_turn_index,46,tokens,1621,631.7396668723011,1114.6762252193917,1.0,45.0,98.0,248.0,634.0,1569.0,2749.0,5932.999999999993,11584.0,1024050.0
46,context_length_tokens,session_turn_index,46,tokens,1621,120534.80444170265,47557.60807508041,18712.0,67961.0,87090.0,112574.0,144887.0,181457.0,207232.0,273751.39999999973,416258.0,195386918.0
47,isl_tokens,session_turn_index,47,tokens,1592,939.2826633165829,2256.788984231286,4.0,28.0,54.0,174.0,776.25,2398.4000000000024,4535.399999999998,10543.859999999988,35108.0,1495338.0
47,osl_tokens,session_turn_index,47,tokens,1592,613.9798994974874,1066.9908631794992,1.0,45.0,103.0,249.0,612.0,1482.7000000000003,2535.499999999998,5254.469999999993,12776.0,977456.0
47,context_length_tokens,session_turn_index,47,tokens,1592,122145.88253768845,48174.9397091402,18821.0,69089.6,88439.25,113628.0,147196.0,182300.50000000003,210991.44999999995,275822.4599999997,416869.0,194456245.0
48,isl_tokens,session_turn_index,48,tokens,1561,941.9109545163357,2241.6727022298055,3.0,29.0,60.0,191.0,826.0,2420.0,4131.0,10222.800000000045,30897.0,1470323.0
48,osl_tokens,session_turn_index,48,tokens,1561,668.7898782831518,1255.6943550530234,1.0,40.0,99.0,265.0,705.0,1531.0,2731.0,6278.0000000000055,19938.0,1043981.0
48,context_length_tokens,session_turn_index,48,tokens,1561,123488.4798206278,48647.32950789378,18960.0,70035.0,89541.0,115120.0,149200.0,184717.0,212256.0,277463.80000000034,417644.0,192765517.0
49,isl_tokens,session_turn_index,49,tokens,1532,828.5522193211489,1785.4117882999872,6.0,28.099999999999994,55.0,179.5,770.25,2115.1000000000017,3963.2000000000007,9079.330000000014,16669.0,1269342.0
49,osl_tokens,session_turn_index,49,tokens,1532,643.3446475195823,1181.3385634878862,1.0,45.0,98.0,255.0,634.25,1451.8000000000002,2642.2000000000007,6307.770000000002,14364.0,985604.0
49,context_length_tokens,session_turn_index,49,tokens,1532,125326.5998694517,49107.669980752085,19052.0,71863.7,90900.25,116645.0,151386.75,187633.60000000003,213802.80000000002,283333.3000000001,418145.0,192000351.0
50,isl_tokens,session_turn_index,50,tokens,1514,859.2093791281374,1806.7372386585055,6.0,30.30000000000001,57.0,181.0,841.5,2300.0000000000005,3978.049999999996,8722.589999999993,17446.0,1300843.0
50,osl_tokens,session_turn_index,50,tokens,1514,666.9696169088508,1295.0327703280327,1.0,45.0,98.0,258.0,674.75,1519.4,2688.0,6185.3499999999885,22558.0,1009792.0
50,context_length_tokens,session_turn_index,50,tokens,1514,126877.58916776751,49490.326501858355,19145.0,72781.9,92263.25,117483.5,152755.75,188701.90000000002,216788.05,291281.63999999955,418803.0,192092670.0
51,isl_tokens,session_turn_index,51,tokens,1492,809.2640750670241,1733.5145714433584,4.0,29.0,56.0,164.5,746.75,2138.6000000000004,3876.6000000000004,9003.339999999998,21517.0,1207422.0
51,osl_tokens,session_turn_index,51,tokens,1492,650.1300268096514,1210.8467471250535,1.0,45.0,102.0,260.0,637.75,1532.000000000001,2611.4500000000016,5698.699999999973,16360.0,969994.0
51,context_length_tokens,session_turn_index,51,tokens,1492,128356.44235924933,49876.338938225264,19244.0,73464.8,94380.0,119085.5,154503.0,191350.40000000002,218927.35000000003,293330.1199999999,419330.0,191507812.0
52,isl_tokens,session_turn_index,52,tokens,1463,801.1674641148326,1621.20467347026,5.0,28.200000000000017,59.5,192.0,703.5,2227.5999999999995,3892.499999999999,8473.139999999976,13081.0,1172108.0
52,osl_tokens,session_turn_index,52,tokens,1463,660.758031442242,1289.2766098027626,1.0,45.0,101.5,271.0,675.0,1462.6,2580.7999999999997,6742.259999999979,17388.0,966689.0
52,context_length_tokens,session_turn_index,52,tokens,1463,129667.68831168831,50412.03811715012,19527.0,73887.0,95833.5,120847.0,155988.0,193513.59999999998,221098.09999999995,298058.1999999999,419744.0,189703828.0
53,isl_tokens,session_turn_index,53,tokens,1442,864.872399445215,1848.5099124266164,5.0,28.0,60.0,208.5,767.0,2286.4000000000015,3951.8,9695.149999999992,27190.0,1247146.0
53,osl_tokens,session_turn_index,53,tokens,1442,594.0124826629681,1018.2942802430283,1.0,45.0,111.0,257.0,619.0,1406.9000000000028,2331.3000000000006,4913.239999999989,12738.0,856566.0
53,context_length_tokens,session_turn_index,53,tokens,1442,131286.53398058252,50799.837791254584,19664.0,75180.3,97027.75,122548.0,156764.0,194905.50000000003,224438.70000000004,299940.68999999994,420037.0,189315182.0
54,isl_tokens,session_turn_index,54,tokens,1424,934.6509831460675,2124.408930939562,1.0,28.0,56.0,177.0,784.25,2494.5,4450.799999999999,10531.259999999998,25613.0,1330943.0
54,osl_tokens,session_turn_index,54,tokens,1424,632.4789325842696,1303.7776205418725,1.0,45.0,107.0,256.0,628.25,1486.5000000000002,2513.0,5639.24,26329.0,900650.0
54,context_length_tokens,session_turn_index,54,tokens,1424,132895.50280898876,51235.26284367149,19901.0,75919.9,98423.25,124235.5,158410.75,197133.30000000002,224538.89999999997,300857.02,420412.0,189243196.0
55,isl_tokens,session_turn_index,55,tokens,1403,874.0898075552387,1862.7115537927782,5.0,28.0,58.0,198.0,792.0,2230.999999999999,4036.5999999999817,9803.2,18414.0,1226348.0
55,osl_tokens,session_turn_index,55,tokens,1403,631.1610833927299,1239.748277508784,1.0,41.0,101.0,243.0,635.5,1501.0,2422.0999999999976,6074.280000000002,17344.0,885519.0
55,context_length_tokens,session_turn_index,55,tokens,1403,134386.03777619387,51717.327632998684,20067.0,76777.6,99531.0,126170.0,159448.0,198446.79999999996,226522.29999999996,301715.94,420857.0,188543611.0
56,isl_tokens,session_turn_index,56,tokens,1388,786.585734870317,1828.9968291801308,6.0,30.0,58.0,158.0,681.5,1979.3999999999996,3390.4999999999986,9675.029999999997,23126.0,1091781.0
56,osl_tokens,session_turn_index,56,tokens,1388,659.4121037463977,1283.4166105223737,1.0,45.0,106.0,248.0,647.5,1667.0999999999997,2808.6999999999975,5289.88999999997,24343.0,915264.0
56,context_length_tokens,session_turn_index,56,tokens,1388,135732.73054755043,52257.2678349702,20215.0,77185.2,100528.0,127173.0,160883.75,202329.29999999993,228843.49999999985,304560.76999999856,421189.0,188397030.0
57,isl_tokens,session_turn_index,57,tokens,1370,792.3430656934306,1857.1332520534365,4.0,28.0,55.0,157.5,682.0,2135.3,3380.899999999999,10290.389999999996,22169.0,1085510.0
57,osl_tokens,session_turn_index,57,tokens,1370,630.7729927007299,1155.2526637410645,1.0,42.0,104.0,252.0,605.25,1575.2000000000003,2742.75,4658.059999999999,16311.0,864159.0
57,context_length_tokens,session_turn_index,57,tokens,1370,137065.66058394162,52679.079501800894,20318.0,78004.0,101634.0,128230.0,161429.5,204769.20000000007,229991.84999999998,310243.2399999995,421469.0,187779955.0
58,isl_tokens,session_turn_index,58,tokens,1357,800.7280766396462,1870.2390884834977,5.0,28.0,55.0,181.0,761.0,2040.2000000000003,3309.8000000000006,9876.160000000007,23782.0,1086588.0
58,osl_tokens,session_turn_index,58,tokens,1357,667.575534266765,1328.7878534773006,1.0,45.0,104.0,238.0,628.0,1613.6000000000008,2781.0000000000014,6590.08000000001,16186.0,905900.0
58,context_length_tokens,session_turn_index,58,tokens,1357,138043.22402358142,52538.57181071846,20458.0,79442.0,102697.0,129481.0,162577.0,205766.60000000003,232799.00000000003,309077.7200000002,422379.0,187324655.0
59,isl_tokens,session_turn_index,59,tokens,1340,811.1044776119403,1766.981506076329,4.0,28.0,57.75,179.5,761.0,1953.1000000000001,3905.2999999999997,9297.479999999992,21515.0,1086880.0
59,osl_tokens,session_turn_index,59,tokens,1340,634.5723880597014,1258.0510204809275,1.0,39.0,84.0,231.0,603.25,1520.4000000000005,2457.4999999999977,5999.879999999999,14034.0,850327.0
59,context_length_tokens,session_turn_index,59,tokens,1340,139248.49925373134,53004.24989777819,20607.0,80247.3,103953.25,131280.5,164171.75,208451.2,234365.65,310704.07999999967,423253.0,186592989.0
60,isl_tokens,session_turn_index,60,tokens,1319,810.7210007581501,1767.2486180600301,5.0,28.80000000000001,60.0,204.0,745.0,2143.8000000000006,3640.7999999999793,9551.199999999964,19293.0,1069341.0
60,osl_tokens,session_turn_index,60,tokens,1319,685.1516300227445,1352.621443728198,1.0,40.0,98.5,252.0,648.0,1586.6000000000001,2802.299999999997,6736.74,16858.0,903715.0
60,context_length_tokens,session_turn_index,60,tokens,1319,140567.58680818803,53583.8518109468,20730.0,80642.2,105051.5,132069.0,165524.5,208793.0,237392.8,312317.07999999996,423544.0,185408647.0
61,isl_tokens,session_turn_index,61,tokens,1300,828.4223076923076,1972.4006043306479,5.0,29.0,55.0,172.0,684.5,2122.0000000000014,3449.8999999999974,10428.269999999993,25483.0,1076949.0
61,osl_tokens,session_turn_index,61,tokens,1300,621.3669230769231,1283.8739537873682,1.0,45.0,89.0,254.0,686.75,1472.3000000000004,2335.099999999999,5436.749999999999,22205.0,807777.0
61,context_length_tokens,session_turn_index,61,tokens,1300,141790.01230769232,53751.90824787098,20885.0,81088.7,106075.25,133485.5,166989.75,209626.70000000013,238012.19999999998,319423.14999999997,423941.0,184327016.0
62,isl_tokens,session_turn_index,62,tokens,1279,821.6661454261141,2049.476286284067,1.0,28.0,50.0,171.0,688.5,2073.0000000000005,3547.2999999999897,9768.440000000015,27510.0,1050911.0
62,osl_tokens,session_turn_index,62,tokens,1279,624.9405785770133,1057.2728883800514,1.0,39.0,95.0,262.0,694.5,1533.8000000000013,2637.9999999999973,4907.280000000003,11001.0,799299.0
62,context_length_tokens,session_turn_index,62,tokens,1279,142945.01954652072,54355.283171659,21026.0,81674.0,107047.0,135097.0,167992.0,210921.6,238146.59999999992,324318.96,424240.0,182826680.0
63,isl_tokens,session_turn_index,63,tokens,1269,776.243498817967,1699.2726241973721,5.0,28.0,49.0,153.0,716.0,2069.800000000002,3569.1999999999975,8522.559999999998,16535.0,985053.0
63,osl_tokens,session_turn_index,63,tokens,1269,603.0110323089046,1032.7602993772073,1.0,37.0,95.0,259.0,654.0,1448.000000000001,2357.3999999999983,5665.199999999999,10909.0,765221.0
63,context_length_tokens,session_turn_index,63,tokens,1269,144370.743892829,54942.78669158643,21119.0,82253.2,107822.0,136143.0,170507.0,213615.0,239804.39999999994,326728.19999999984,425964.0,183206474.0
64,isl_tokens,session_turn_index,64,tokens,1257,807.3810660302307,1783.6514415579227,3.0,28.0,51.0,196.0,691.0,1987.6000000000004,3772.000000000008,9092.240000000002,16346.0,1014878.0
64,osl_tokens,session_turn_index,64,tokens,1257,652.1336515513126,1259.084507716156,1.0,39.0,101.0,257.0,639.0,1650.8000000000002,2503.000000000001,6041.160000000011,22005.0,819732.0
64,context_length_tokens,session_turn_index,64,tokens,1257,145703.49960222753,55396.92676747534,21406.0,82892.8,108583.0,137695.0,173343.0,214995.2,241535.00000000003,330382.6800000001,426820.0,183149299.0
65,isl_tokens,session_turn_index,65,tokens,1240,750.2774193548387,1656.8781981066327,5.0,28.0,49.0,150.0,638.0,1877.0,3584.25,8723.239999999942,16298.0,930344.0
65,osl_tokens,session_turn_index,65,tokens,1240,625.2370967741936,1139.2094479795035,1.0,38.80000000000001,93.0,246.5,655.0,1512.1000000000001,2707.25,5210.709999999999,12353.0,775294.0
65,context_length_tokens,session_turn_index,65,tokens,1240,146946.97661290324,55699.33233414575,21888.0,83578.8,109598.25,139103.5,174417.75,217450.5,242149.19999999995,333980.64999999944,427736.0,182214251.0
66,isl_tokens,session_turn_index,66,tokens,1220,816.2614754098361,1999.0308072953394,3.0,28.0,53.75,178.0,627.75,2057.1000000000013,3652.45,10798.63,22617.0,995839.0
66,osl_tokens,session_turn_index,66,tokens,1220,598.5114754098361,1227.2457042991734,1.0,41.900000000000006,90.0,226.0,610.25,1417.5000000000007,2320.5499999999947,5573.409999999996,24058.0,730184.0
66,context_length_tokens,session_turn_index,66,tokens,1220,148232.63360655739,56269.18858405157,22002.0,84265.4,110613.5,140372.0,176576.0,218571.7,245001.44999999998,336436.57999999967,428572.0,180843813.0
67,isl_tokens,session_turn_index,67,tokens,1210,791.8107438016528,1929.5829176490236,1.0,28.0,53.25,156.5,622.0,1919.9000000000012,3387.299999999999,10425.220000000003,20029.0,958091.0
67,osl_tokens,session_turn_index,67,tokens,1210,616.8396694214877,1134.328231279455,1.0,40.900000000000006,90.25,240.0,670.75,1462.1000000000001,2508.099999999999,4837.590000000012,19602.0,746376.0
67,context_length_tokens,session_turn_index,67,tokens,1210,149402.4826446281,56207.530182044124,22143.0,85110.6,111618.5,141545.0,177780.25,219243.00000000017,246684.8,331224.8500000003,429150.0,180777004.0
68,isl_tokens,session_turn_index,68,tokens,1194,785.8115577889447,1713.5614764289196,6.0,29.0,57.0,165.0,670.0,2053.7,3625.6499999999965,9011.619999999964,15778.0,938259.0
68,osl_tokens,session_turn_index,68,tokens,1194,630.6499162479062,1431.121585686994,1.0,39.0,92.25,238.0,617.0,1543.4,2444.0,5257.539999999999,32671.0,752996.0
68,context_length_tokens,session_turn_index,68,tokens,1194,150650.85594639866,56659.98673879614,22238.0,85498.8,113000.75,142604.5,180214.0,222002.4,247726.09999999986,333323.2299999996,430176.0,179877122.0
69,isl_tokens,session_turn_index,69,tokens,1173,914.2208013640238,2116.279135063288,5.0,28.0,57.0,180.0,751.0,2567.8,4245.5999999999985,10308.959999999966,28550.0,1072381.0
69,osl_tokens,session_turn_index,69,tokens,1173,612.3512361466326,1230.820210204216,1.0,40.2,97.0,244.0,621.0,1453.9999999999989,2294.199999999996,6349.039999999994,22240.0,718288.0
69,context_length_tokens,session_turn_index,69,tokens,1173,152184.30690537085,57102.53209089245,22345.0,86562.2,114281.0,144478.0,181552.0,223972.19999999998,250385.1999999997,336326.71999999986,431104.0,178512192.0
70,isl_tokens,session_turn_index,70,tokens,1165,814.9510729613734,1729.337579450746,6.0,28.0,51.0,163.0,711.0,2226.0000000000064,4061.7999999999997,8842.639999999996,17178.0,949418.0
70,osl_tokens,session_turn_index,70,tokens,1165,626.618025751073,1027.286607655014,1.0,39.0,93.0,266.0,730.0,1446.6000000000008,2424.9999999999964,5242.639999999988,10777.0,730010.0
70,context_length_tokens,session_turn_index,70,tokens,1165,153060.9364806867,56934.260902458984,22464.0,87453.6,115393.0,145314.0,182124.0,223774.80000000002,250626.79999999996,334927.83999999973,431419.0,178315991.0
71,isl_tokens,session_turn_index,71,tokens,1150,789.94,1699.9335221938125,6.0,28.0,51.0,159.0,653.25,2200.500000000002,4143.65,8323.529999999999,17974.0,908431.0
71,osl_tokens,session_turn_index,71,tokens,1150,610.7113043478261,1203.5641577714966,1.0,42.0,99.25,248.0,594.5,1467.6000000000022,2283.0499999999975,6313.4599999999955,17217.0,702318.0
71,context_length_tokens,session_turn_index,71,tokens,1150,154148.03652173912,56919.257762908375,22591.0,88023.6,116169.0,146661.0,183050.25,225349.6,252427.2,335163.75,431980.0,177270242.0
72,isl_tokens,session_turn_index,72,tokens,1137,801.3931398416887,1761.126772435676,5.0,28.0,51.0,182.0,643.0,2176.799999999999,4111.000000000001,8198.160000000025,17795.0,911184.0
72,osl_tokens,session_turn_index,72,tokens,1137,641.4124890061565,1360.2180937520636,1.0,39.0,92.0,245.0,603.0,1493.7999999999997,2618.2000000000035,6464.480000000016,25377.0,729286.0
72,context_length_tokens,session_turn_index,72,tokens,1137,155474.18821459982,56855.316299777005,23013.0,88761.6,117660.0,147713.0,184673.0,227023.6,255195.2,334982.7600000001,432519.0,176774152.0
73,isl_tokens,session_turn_index,73,tokens,1125,668.368,1389.7520660248879,5.0,28.0,52.0,155.0,569.0,1728.8000000000002,3276.5999999999995,7355.119999999998,11175.0,751914.0
73,osl_tokens,session_turn_index,73,tokens,1125,606.1182222222222,1075.5046853667018,1.0,37.0,95.0,235.0,631.0,1451.0000000000002,2492.199999999998,5500.599999999999,14063.0,681883.0
73,context_length_tokens,session_turn_index,73,tokens,1125,156666.41244444443,57348.45037184625,23142.0,89378.0,118271.0,149012.0,186149.0,229078.8,258888.8,336201.48,435194.0,176249714.0
74,isl_tokens,session_turn_index,74,tokens,1112,748.2760791366907,1949.3240195802966,6.0,28.0,51.0,151.0,546.75,1759.2999999999997,3030.700000000002,10834.130000000092,22573.0,832083.0
74,osl_tokens,session_turn_index,74,tokens,1112,611.3435251798561,1258.7679809369865,1.0,39.0,95.75,227.5,623.0,1437.9,2508.05,4943.950000000025,19262.0,679814.0
74,context_length_tokens,session_turn_index,74,tokens,1112,157760.35161870503,57942.49030528756,23396.0,89868.20000000001,119089.0,150019.0,187209.25,230053.8,260205.05000000005,343267.47000000044,436487.0,175429511.0
75,isl_tokens,session_turn_index,75,tokens,1093,745.9871912168344,2003.7720695472783,5.0,32.2,59.0,170.0,623.0,1606.0000000000007,3615.1999999999935,8429.519999999991,37353.0,815364.0
75,osl_tokens,session_turn_index,75,tokens,1093,612.2067703568162,1257.602926608976,1.0,39.0,87.0,230.0,596.0,1491.6000000000001,2490.5999999999985,6042.719999999936,14491.0,669142.0
75,context_length_tokens,session_turn_index,75,tokens,1093,158670.59286367794,58310.1514555744,23492.0,90104.4,119706.0,151318.0,188686.0,231172.0,263593.79999999993,344810.39999999944,439886.0,173426958.0
76,isl_tokens,session_turn_index,76,tokens,1079,757.100092678406,1742.0797279902808,5.0,28.0,59.0,185.0,631.5,1886.4,3378.1,8924.660000000003,16864.0,816911.0
76,osl_tokens,session_turn_index,76,tokens,1079,643.533827618165,1113.0986716969624,1.0,39.0,109.0,265.0,683.5,1557.8000000000013,2719.7999999999984,5903.6400000000085,10024.0,694373.0
76,context_length_tokens,session_turn_index,76,tokens,1079,160017.92678405932,58415.27737742719,23614.0,90967.2,120777.5,152191.0,190827.0,233266.6,264547.99999999994,345722.88000000024,440692.0,172659343.0
77,isl_tokens,session_turn_index,77,tokens,1064,728.718984962406,1532.9449209338914,1.0,28.0,51.75,180.0,700.25,1916.900000000004,3452.4499999999803,7660.659999999922,15384.0,775357.0
77,osl_tokens,session_turn_index,77,tokens,1064,616.3580827067669,1181.8146349420629,1.0,37.0,97.75,234.5,610.75,1593.4,2432.9499999999994,5517.849999999978,20876.0,655805.0
77,context_length_tokens,session_turn_index,77,tokens,1064,161319.99342105264,59013.1448923499,23828.0,91235.9,121809.5,153250.5,192735.0,235213.2,267263.1,350169.6499999986,443947.0,171644473.0
78,isl_tokens,session_turn_index,78,tokens,1056,858.8863636363636,1767.9104995545622,4.0,28.0,57.0,171.5,761.25,2369.0,4585.0,8519.250000000011,16451.0,906984.0
78,osl_tokens,session_turn_index,78,tokens,1056,652.438446969697,1260.4384030178285,1.0,37.0,89.75,231.0,696.0,1633.5,2701.0,5150.900000000003,18674.0,688975.0
78,context_length_tokens,session_turn_index,78,tokens,1056,162527.9696969697,58989.71401750059,23981.0,91991.5,123360.25,154651.5,193317.25,236407.5,269187.5,344907.95000000024,444870.0,171629536.0
79,isl_tokens,session_turn_index,79,tokens,1042,804.3186180422265,1868.4320184324758,6.0,28.0,49.0,153.5,628.25,2121.2,3587.5499999999993,11329.239999999998,16857.0,838100.0
79,osl_tokens,session_turn_index,79,tokens,1042,627.3704414587332,1249.1110424467383,1.0,38.10000000000001,90.0,240.0,623.25,1482.1,2458.5999999999995,5114.0399999999545,18497.0,653720.0
79,context_length_tokens,session_turn_index,79,tokens,1042,163715.15067178503,59258.05695733109,24079.0,92624.0,124494.0,156454.5,194610.5,237674.9,270355.1,346636.67999999964,449969.0,170591187.0
80,isl_tokens,session_turn_index,80,tokens,1025,740.2731707317073,1605.6447274361801,6.0,28.0,54.0,187.0,692.0,1978.0,3211.2,8750.919999999995,18838.0,758780.0
80,osl_tokens,session_turn_index,80,tokens,1025,645.8078048780487,1148.6964842016068,1.0,37.0,89.0,237.0,673.0,1614.4,2608.199999999999,6067.199999999994,13152.0,661953.0
80,context_length_tokens,session_turn_index,80,tokens,1025,164928.7063414634,59825.76458012628,24174.0,93062.8,125165.0,157580.0,196159.0,239130.0,272370.6,348828.95999999996,450962.0,169051924.0
81,isl_tokens,session_turn_index,81,tokens,1009,737.2953419226957,1711.7109877076664,6.0,28.0,54.0,172.0,630.0,1925.8000000000006,3294.3999999999955,9119.199999999997,20598.0,743931.0
81,osl_tokens,session_turn_index,81,tokens,1009,620.2140733399406,1130.5386315308758,1.0,39.0,97.0,227.0,610.0,1531.0000000000005,2603.199999999998,5578.239999999998,11342.0,625796.0
81,context_length_tokens,session_turn_index,81,tokens,1009,166576.03270564915,60096.48374279224,24506.0,94167.0,126699.0,158917.0,197551.0,240409.00000000006,274658.99999999994,350110.51999999996,455129.0,168075217.0
82,isl_tokens,session_turn_index,82,tokens,998,758.0691382765531,1772.7622373374604,4.0,28.0,50.0,160.5,688.75,1942.200000000001,3340.899999999998,8906.909999999998,21954.0,756553.0
82,osl_tokens,session_turn_index,82,tokens,998,671.9268537074148,1222.1754937550463,1.0,37.0,89.0,254.0,702.75,1599.200000000001,2659.3999999999983,6708.379999999994,14000.0,670583.0
82,context_length_tokens,session_turn_index,82,tokens,998,167672.80661322645,59981.61709497613,24651.0,95513.3,128772.5,160341.5,199989.5,241602.20000000007,275148.89999999997,356050.94,456253.0,167337461.0
83,isl_tokens,session_turn_index,83,tokens,987,780.1489361702128,1692.581384084417,3.0,28.0,52.0,182.0,751.0,2148.3999999999996,3670.5999999999995,8618.119999999999,26688.0,770007.0
83,osl_tokens,session_turn_index,83,tokens,987,679.2938196555218,1190.1637252070334,1.0,45.0,113.0,252.0,701.0,1670.7999999999997,2797.4999999999995,5735.639999999993,12467.0,670463.0
83,context_length_tokens,session_turn_index,83,tokens,987,168773.95845997974,60369.68980501973,24744.0,96116.0,129431.5,160904.0,201385.5,244291.2,277635.69999999995,358292.8,458279.0,166579897.0
84,isl_tokens,session_turn_index,84,tokens,972,690.414609053498,1656.814744826791,6.0,28.0,49.0,159.5,565.25,1771.1,2862.399999999999,7682.409999999984,22295.0,671083.0
84,osl_tokens,session_turn_index,84,tokens,972,648.7633744855967,1224.413213613328,1.0,37.0,92.5,234.0,634.25,1680.8999999999996,2665.8999999999987,5599.779999999997,17167.0,630598.0
84,context_length_tokens,session_turn_index,84,tokens,972,169750.72633744855,61013.12564651658,25055.0,96463.1,129892.75,161440.5,203872.5,245046.0,280804.3,359820.29999999993,458703.0,164997706.0
85,isl_tokens,session_turn_index,85,tokens,958,689.4498956158664,1626.084786817592,6.0,28.0,49.0,151.0,567.25,1780.600000000005,3029.15,7381.649999999977,23013.0,660493.0
85,osl_tokens,session_turn_index,85,tokens,958,643.5334029227557,1116.7229292258553,1.0,37.0,102.0,251.0,620.25,1658.100000000004,2728.75,5763.729999999994,10907.0,616505.0
85,context_length_tokens,session_turn_index,85,tokens,958,170973.28392484342,61674.88993895341,25194.0,96624.9,130806.0,163355.5,205017.5,247736.90000000005,283585.35,361770.31999999983,460623.0,163792406.0
86,isl_tokens,session_turn_index,86,tokens,948,672.1740506329114,1538.8536956122975,7.0,28.0,55.75,169.0,619.0,1583.5000000000005,2544.6,8517.28999999998,17738.0,637221.0
86,osl_tokens,session_turn_index,86,tokens,948,600.7278481012659,1059.2475534641758,1.0,40.0,94.0,245.5,630.75,1473.9,2222.6,5411.249999999996,14255.0,569490.0
86,context_length_tokens,session_turn_index,86,tokens,948,172105.12130801688,62249.41221421995,25339.0,97049.3,132055.25,163935.5,206519.25,250172.4,288198.44999999995,368627.5799999999,460983.0,163155655.0
87,isl_tokens,session_turn_index,87,tokens,941,711.201912858661,1664.9439187360613,6.0,28.0,50.0,136.0,546.0,1777.0,3625.0,8613.60000000001,18815.0,669241.0
87,osl_tokens,session_turn_index,87,tokens,941,565.9192348565356,1093.7526661206184,1.0,37.0,98.0,223.0,590.0,1301.0,2126.0,5021.000000000003,15642.0,532530.0
87,context_length_tokens,session_turn_index,87,tokens,941,172944.47821466526,62354.287476399586,25449.0,97072.0,133092.0,164899.0,207563.0,250398.0,288840.0,368954.4000000001,466527.0,162740754.0
88,isl_tokens,session_turn_index,88,tokens,932,725.4774678111588,1760.5864544677693,2.0,28.0,51.75,148.0,587.25,1670.5999999999997,3524.0999999999976,9595.299999999943,23669.0,676145.0
88,osl_tokens,session_turn_index,88,tokens,932,662.4527896995709,1473.3311942184027,1.0,42.0,93.75,241.0,608.0,1469.8,2593.849999999995,8334.139999999881,19454.0,617406.0
88,context_length_tokens,session_turn_index,88,tokens,932,174328.14270386266,62773.92002357851,25594.0,98770.7,133765.25,166321.5,208436.5,252023.5,290014.8499999999,370708.70999999996,470457.0,162473829.0
89,isl_tokens,session_turn_index,89,tokens,928,767.4439655172414,1798.40345895199,8.0,28.0,51.0,143.0,573.5,1982.2000000000037,3849.2499999999995,10343.280000000012,18336.0,712188.0
89,osl_tokens,session_turn_index,89,tokens,928,576.6745689655172,1092.2534637200447,1.0,37.0,85.0,225.0,554.75,1420.1000000000026,2193.3999999999987,5570.190000000002,12218.0,535154.0
89,context_length_tokens,session_turn_index,89,tokens,928,175421.64655172414,63140.47961862423,25912.0,99807.4,134816.5,167161.5,209489.0,252503.80000000005,293302.64999999997,374865.60000000003,472314.0,162791288.0
90,isl_tokens,session_turn_index,90,tokens,916,772.3569868995634,1877.413791351745,5.0,27.5,50.75,151.0,627.25,1760.0,3523.75,10495.750000000004,21510.0,707479.0
90,osl_tokens,session_turn_index,90,tokens,916,652.339519650655,1374.4535275356632,1.0,37.0,88.0,244.0,631.25,1518.0,2469.75,6075.550000000003,19249.0,597543.0
90,context_length_tokens,session_turn_index,90,tokens,916,176201.8635371179,63578.949750594205,26082.0,99961.0,135838.0,168190.0,209949.0,253689.0,295238.0,376062.75000000006,473430.0,161400907.0
91,isl_tokens,session_turn_index,91,tokens,905,770.6563535911603,1825.536607442197,6.0,28.0,50.0,159.0,656.0,1936.8000000000006,3416.599999999995,9034.840000000006,19910.0,697444.0
91,osl_tokens,session_turn_index,91,tokens,905,645.4154696132597,1370.9212975880785,1.0,37.0,84.0,221.0,651.0,1454.8000000000009,2538.799999999998,5891.480000000007,19527.0,584101.0
91,context_length_tokens,session_turn_index,91,tokens,905,177518.6872928177,64420.92855621344,26222.0,101224.4,136739.0,169498.0,212191.0,256166.80000000002,299313.19999999995,384826.6400000001,474618.0,160654412.0
92,isl_tokens,session_turn_index,92,tokens,899,1005.6129032258065,2868.5462126435314,5.0,28.0,56.5,164.0,616.0,1999.8000000000002,4154.199999999995,18144.0,29540.0,904046.0
92,osl_tokens,session_turn_index,92,tokens,899,624.9154616240266,1075.003237998633,1.0,37.0,90.5,239.0,669.5,1536.6000000000004,2500.7999999999975,5961.919999999994,9930.0,561799.0
92,context_length_tokens,session_turn_index,92,tokens,899,178786.33926585095,64940.9722783697,26342.0,101192.8,137790.5,170737.0,213756.0,256635.2,302101.89999999997,388946.1799999999,476071.0,160728919.0
93,isl_tokens,session_turn_index,93,tokens,890,815.6146067415731,1936.4078914987288,6.0,28.0,52.25,152.0,576.0,2059.4000000000015,4080.75,11821.490000000003,15886.0,725897.0
93,osl_tokens,session_turn_index,93,tokens,890,630.6696629213483,1204.6782865244488,1.0,37.0,93.25,234.0,624.0,1594.4,2420.6499999999987,5438.090000000002,14672.0,561296.0
93,context_length_tokens,session_turn_index,93,tokens,890,180031.95393258426,65328.35947192753,26471.0,101390.90000000001,138330.5,171723.5,215337.75,258853.30000000002,302648.75,390009.8700000001,477976.0,160228439.0
94,isl_tokens,session_turn_index,94,tokens,881,773.8354143019296,1961.3090769362439,6.0,28.0,50.0,143.0,569.0,2013.0,3558.0,9700.2,26736.0,681749.0
94,osl_tokens,session_turn_index,94,tokens,881,572.116912599319,952.316856386573,1.0,37.0,95.0,236.0,630.0,1426.0,2218.0,4845.200000000002,8748.0,504035.0
94,context_length_tokens,session_turn_index,94,tokens,881,181142.70942111238,65504.797919045566,26618.0,102126.0,139741.0,172806.0,216020.0,259876.0,303642.0,388900.40000000014,479416.0,159586727.0
95,isl_tokens,session_turn_index,95,tokens,867,706.5259515570934,2150.1704838837336,5.0,28.0,49.0,127.0,495.0,1561.9999999999995,2750.6999999999944,10782.12,35132.0,612558.0
95,osl_tokens,session_turn_index,95,tokens,867,621.9158016147636,1311.802560279234,1.0,37.60000000000001,99.5,221.0,555.5,1432.0,2518.9999999999973,6516.320000000006,17252.0,539201.0
95,context_length_tokens,session_turn_index,95,tokens,867,182090.8523644752,66133.81905199983,26803.0,102338.4,140512.5,174398.0,217107.5,262510.6,305184.89999999997,392187.36,482122.0,157872769.0
96,isl_tokens,session_turn_index,96,tokens,858,717.6223776223776,1739.533596913442,4.0,25.0,48.0,134.0,527.75,1744.4000000000026,3243.5499999999997,8947.869999999999,17438.0,615720.0
96,osl_tokens,session_turn_index,96,tokens,858,585.8694638694639,1107.7591933776791,1.0,37.0,90.0,220.5,575.5,1596.5000000000005,2379.0999999999995,5612.329999999998,14226.0,502676.0
96,context_length_tokens,session_turn_index,96,tokens,858,183107.12004662005,66658.16300648662,26948.0,102684.7,140942.5,175156.0,217464.25,264877.8000000001,306754.0,395866.88999999996,484069.0,157105909.0
97,isl_tokens,session_turn_index,97,tokens,851,659.9482961222092,1598.8686877783198,5.0,28.0,52.0,140.0,502.0,1833.0,3019.0,6985.0,17250.0,561616.0
97,osl_tokens,session_turn_index,97,tokens,851,657.1269095182139,1360.7798708771584,1.0,37.0,95.0,255.0,638.5,1527.0,2796.5,5394.5,19265.0,559215.0
97,context_length_tokens,session_turn_index,97,tokens,851,183968.86368977674,66904.46884164462,27093.0,103703.0,141940.5,176669.0,218552.0,266578.0,307790.0,398765.5,486742.0,156557503.0
98,isl_tokens,session_turn_index,98,tokens,837,651.2700119474313,1404.7550299317807,6.0,28.0,50.0,127.0,535.0,1800.7999999999993,3091.7999999999947,7229.719999999995,12280.0,545113.0
98,osl_tokens,session_turn_index,98,tokens,837,536.7837514934289,975.4884178482375,1.0,37.0,82.0,220.0,553.0,1316.7999999999997,2009.3999999999985,4706.6799999999985,11663.0,449288.0
98,context_length_tokens,session_turn_index,98,tokens,837,184781.0716845878,67162.11342809779,27261.0,104661.2,142497.0,177238.0,219480.0,268745.19999999995,309901.3999999999,396938.55999999994,488014.0,154661757.0
99,isl_tokens,session_turn_index,99,tokens,827,684.378476420798,1571.4961095766694,5.0,28.0,50.0,134.0,539.0,1679.1999999999998,3373.0999999999985,7634.740000000002,21175.0,565981.0
99,osl_tokens,session_turn_index,99,tokens,827,616.2116082224909,1537.8780077068352,1.0,37.0,88.5,225.0,618.0,1431.0,2199.4999999999927,5559.2400000000025,31317.0,509607.0
99,context_length_tokens,session_turn_index,99,tokens,827,185818.03748488514,67861.85696118163,27352.0,105194.2,143030.5,178151.0,220396.5,271556.79999999993,312016.19999999995,397741.7,489272.0,153671517.0
100,isl_tokens,session_turn_index,100,tokens,810,676.7703703703704,1500.1069975372945,6.0,28.0,50.0,142.5,562.75,1746.7000000000003,3195.1499999999987,8067.219999999998,13204.0,548184.0
100,osl_tokens,session_turn_index,100,tokens,810,618.3654320987654,1202.3609181815968,1.0,37.0,92.25,225.0,610.75,1521.1,2534.0999999999935,6195.2499999999945,13117.0,500876.0
100,context_length_tokens,session_turn_index,100,tokens,810,186140.63086419753,67736.52726055044,27703.0,105406.1,143235.25,178811.5,220718.0,272750.7,314047.94999999995,398538.99999999953,490397.0,150773911.0
101,isl_tokens,session_turn_index,101,tokens,792,544.7714646464647,1383.7086747249095,6.0,28.0,49.0,108.5,415.75,1308.1999999999998,2502.9499999999994,5813.110000000006,19345.0,431459.0
101,osl_tokens,session_turn_index,101,tokens,792,544.9570707070707,900.3400413600784,1.0,37.0,82.25,245.5,601.75,1350.1999999999998,2198.0999999999976,4397.950000000002,10351.0,431606.0
101,context_length_tokens,session_turn_index,101,tokens,792,186951.96212121213,68757.62650541143,27798.0,105638.3,143091.25,179592.0,221019.5,276777.99999999994,316282.7,400749.9200000001,491136.0,148065954.0
102,isl_tokens,session_turn_index,102,tokens,781,635.7592829705505,1621.1663759058574,6.0,28.0,48.0,112.0,461.0,1576.0,2777.0,9289.2,19226.0,496528.0
102,osl_tokens,session_turn_index,102,tokens,781,645.7375160051216,1473.3378817123314,1.0,37.0,85.0,234.0,596.0,1436.0,2520.0,6014.200000000013,20161.0,504321.0
102,context_length_tokens,session_turn_index,102,tokens,781,187900.81177976952,69070.64158890046,27944.0,106448.0,143234.0,180728.0,221593.0,277458.0,316881.0,402383.0000000001,492495.0,146750534.0
103,isl_tokens,session_turn_index,103,tokens,766,690.4190600522193,1613.9317399454333,4.0,28.0,54.0,161.0,595.5,1703.5,3240.25,9235.050000000008,17939.0,528861.0
103,osl_tokens,session_turn_index,103,tokens,766,648.5535248041775,1153.313628404727,1.0,37.0,79.5,226.0,616.25,1654.0,3047.5,5615.000000000024,9132.0,496792.0
103,context_length_tokens,session_turn_index,103,tokens,766,188748.61227154048,69722.92374112149,28045.0,107452.5,143191.25,180981.5,221906.25,279351.5,319029.25,404176.50000000006,495363.0,144581437.0
104,isl_tokens,session_turn_index,104,tokens,756,668.058201058201,1532.1532594258483,5.0,28.0,50.0,148.5,550.0,1707.0,3468.0,7970.400000000007,14627.0,505052.0
104,osl_tokens,session_turn_index,104,tokens,756,542.8055555555555,972.9787313514399,1.0,37.0,81.0,213.0,560.5,1346.0,2027.0,5022.600000000001,12000.0,410361.0
104,context_length_tokens,session_turn_index,104,tokens,756,189820.63624338625,70339.83761622527,28191.0,108095.0,142319.5,181749.5,222448.0,282152.5,320718.75,405671.5500000001,505925.0,143504401.0
105,isl_tokens,session_turn_index,105,tokens,748,669.3516042780749,1512.0432083136998,6.0,28.0,50.0,169.0,555.25,1835.900000000001,2913.6,7425.729999999971,15906.0,500675.0
105,osl_tokens,session_turn_index,105,tokens,748,560.9705882352941,903.7405581587844,1.0,37.0,81.0,212.0,601.25,1539.1000000000004,2393.7999999999997,4173.429999999999,7438.0,419606.0
105,context_length_tokens,session_turn_index,105,tokens,748,190956.32085561496,70985.04638806144,28359.0,108706.90000000001,143223.0,182289.5,223164.0,286641.90000000014,323302.55,410091.56999999983,508355.0,142835328.0
106,isl_tokens,session_turn_index,106,tokens,741,654.6396761133603,1609.9481181209508,7.0,28.0,55.0,135.0,556.0,1559.0,2663.0,8537.400000000009,19837.0,485088.0
106,osl_tokens,session_turn_index,106,tokens,741,645.7611336032388,1307.3619969182328,1.0,39.0,81.0,225.0,641.0,1551.0,2817.0,6113.200000000006,19907.0,478509.0
106,context_length_tokens,session_turn_index,106,tokens,741,191713.9608636977,70932.02877174692,28504.0,109662.0,144309.0,182857.0,224330.0,287561.0,323885.0,407260.20000000007,509511.0,142060045.0
107,isl_tokens,session_turn_index,107,tokens,735,647.5210884353742,1504.3946080168287,3.0,28.0,50.0,131.0,553.0,1515.8000000000002,2516.8999999999996,8620.599999999988,14805.0,475928.0
107,osl_tokens,session_turn_index,107,tokens,735,581.3510204081633,993.1147644094686,1.0,37.0,86.0,248.0,647.0,1471.6,2154.599999999997,4144.719999999986,10117.0,427293.0
107,context_length_tokens,session_turn_index,107,tokens,735,192974.58775510205,71666.22683172821,28648.0,109535.40000000001,144774.0,184394.0,225900.0,288809.2,326237.1,410934.0399999999,512801.0,141836322.0
108,isl_tokens,session_turn_index,108,tokens,727,550.3397524071527,1189.0133999712032,7.0,28.0,57.0,131.0,491.5,1561.8,2509.7999999999997,5598.66,15377.0,400097.0
108,osl_tokens,session_turn_index,108,tokens,727,570.7097661623109,970.4284563746886,1.0,39.0,93.0,255.0,628.5,1417.7999999999997,2231.099999999999,4700.920000000003,12811.0,414906.0
108,context_length_tokens,session_turn_index,108,tokens,727,193687.72077028887,71761.75416338192,28748.0,109546.20000000001,145767.0,185066.0,226524.0,290262.39999999997,326510.7999999999,413027.38,513454.0,140810973.0
109,isl_tokens,session_turn_index,109,tokens,717,592.7740585774059,1478.2417792352353,6.0,27.200000000000017,47.0,102.0,470.0,1454.8,2484.7999999999997,8458.960000000005,16530.0,425019.0
109,osl_tokens,session_turn_index,109,tokens,717,522.718270571827,832.0332903323502,1.0,37.0,75.0,211.0,627.0,1355.5999999999995,2044.7999999999993,4192.2,7595.0,374789.0
109,context_length_tokens,session_turn_index,109,tokens,717,194846.76569037657,72509.22343200335,28869.0,110086.6,146466.0,185606.0,227775.0,292923.39999999997,328673.39999999997,417151.0800000001,514335.0,139705131.0
110,isl_tokens,session_turn_index,110,tokens,710,592.2746478873239,1249.4000968598195,6.0,28.0,56.25,171.0,549.25,1485.2,2806.7499999999973,5988.439999999994,14337.0,420515.0
110,osl_tokens,session_turn_index,110,tokens,710,616.3239436619718,1414.3845441471974,1.0,37.0,86.0,214.5,633.75,1472.7000000000003,2443.299999999999,4641.9499999999925,26647.0,437590.0
110,context_length_tokens,session_turn_index,110,tokens,710,195871.01690140844,73050.95029791114,29014.0,110298.6,147141.25,186710.0,229262.75,293905.9,329336.89999999997,421888.6499999999,515035.0,139068422.0
111,isl_tokens,session_turn_index,111,tokens,698,685.0916905444126,1627.9929132801117,6.0,28.0,50.0,139.5,539.25,1725.6000000000001,3332.8999999999987,10017.919999999995,15720.0,478194.0
111,osl_tokens,session_turn_index,111,tokens,698,548.961318051576,897.5925569082967,1.0,37.0,82.0,230.0,612.25,1415.6000000000001,2205.8999999999996,4151.199999999985,7704.0,383175.0
111,context_length_tokens,session_turn_index,111,tokens,698,196676.96561604584,73584.24443626976,29107.0,110856.8,147194.0,187400.0,230536.75,295693.6000000001,331071.6,425638.16,519313.0,137280522.0
112,isl_tokens,session_turn_index,112,tokens,689,708.866473149492,1766.1691152219553,6.0,28.0,50.0,157.0,508.0,1543.0000000000011,3393.0000000000014,10052.720000000007,15198.0,488409.0
112,osl_tokens,session_turn_index,112,tokens,689,598.3860667634252,1199.4260064721796,1.0,37.0,87.0,225.0,620.0,1411.0,2645.000000000002,4686.120000000005,18829.0,412288.0
112,context_length_tokens,session_turn_index,112,tokens,689,198094.8984034833,74214.38334437345,29202.0,111742.8,148003.0,188232.0,232026.0,297227.4,332622.80000000005,426990.60000000003,523194.0,136487385.0
113,isl_tokens,session_turn_index,113,tokens,679,578.4742268041238,1364.113415323643,6.0,28.0,50.0,125.0,469.0,1393.4000000000037,2327.4000000000024,8263.280000000022,12397.0,392784.0
113,osl_tokens,session_turn_index,113,tokens,679,548.4167893961709,981.4348930324225,1.0,37.0,85.5,227.0,585.5,1404.200000000002,2251.4000000000005,4293.42,14599.0,372375.0
113,context_length_tokens,session_turn_index,113,tokens,679,199174.86892488954,75090.2800137341,29453.0,112010.0,148230.5,189702.0,232396.5,299015.60000000003,334142.80000000005,429803.74000000017,524886.0,135239736.0
114,isl_tokens,session_turn_index,114,tokens,669,583.5814648729447,1483.4173403649133,6.0,28.0,49.0,130.0,468.0,1337.0000000000005,2398.200000000002,6707.640000000015,21104.0,390416.0
114,osl_tokens,session_turn_index,114,tokens,669,569.2451420029895,1041.2722037904948,1.0,37.0,78.0,220.0,625.0,1321.2,2156.8000000000025,4841.480000000009,15040.0,380825.0
114,context_length_tokens,session_turn_index,114,tokens,669,200211.44843049327,75688.90683025584,29622.0,112535.8,148941.0,190416.0,232299.0,300566.60000000003,337163.2,431860.1200000004,528015.0,133941459.0
115,isl_tokens,session_turn_index,115,tokens,658,610.048632218845,1430.4176630075658,6.0,26.0,48.0,139.0,499.75,1606.7000000000025,2715.3999999999996,6050.639999999998,14681.0,401412.0
115,osl_tokens,session_turn_index,115,tokens,658,567.8358662613982,1130.2963932464581,1.0,37.0,82.25,211.5,574.75,1399.3000000000002,2515.499999999998,4106.299999999999,19775.0,373636.0
115,context_length_tokens,session_turn_index,115,tokens,658,200157.45136778115,74600.83590828054,29719.0,113875.4,150269.5,190274.5,233023.75,301650.80000000005,335710.7499999999,428395.2699999999,530541.0,131703603.0
116,isl_tokens,session_turn_index,116,tokens,652,623.3435582822086,1426.801156951069,6.0,25.0,48.0,123.5,480.5,1688.9999999999998,3096.6999999999944,7390.000000000012,14657.0,406420.0
116,osl_tokens,session_turn_index,116,tokens,652,527.0383435582822,997.3384304481553,1.0,37.0,67.75,196.0,574.5,1279.6,1984.399999999995,4707.1100000000015,11546.0,343629.0
116,context_length_tokens,session_turn_index,116,tokens,652,201430.63496932515,75218.6487624917,29811.0,114180.90000000001,150608.25,191907.0,234858.75,304152.19999999995,340188.19999999955,428983.16000000003,531985.0,131332774.0
117,isl_tokens,session_turn_index,117,tokens,647,552.8887171561051,1243.919365523846,6.0,28.0,50.0,136.0,554.5,1505.7999999999993,2105.8999999999987,6399.239999999974,16630.0,357719.0
117,osl_tokens,session_turn_index,117,tokens,647,515.9335394126739,916.7237073986022,2.0,37.0,82.5,217.0,524.5,1145.1999999999998,2118.2999999999993,4752.939999999989,12076.0,333809.0
117,context_length_tokens,session_turn_index,117,tokens,647,202568.75270479135,75994.6313245766,29939.0,114465.2,151087.0,192914.0,235960.5,307859.8,344539.19999999966,430865.62,536235.0,131061983.0
118,isl_tokens,session_turn_index,118,tokens,641,650.4976599063963,1651.1749743792648,6.0,25.0,48.0,126.0,539.0,1446.0,2666.0,8998.20000000002,16200.0,416969.0
118,osl_tokens,session_turn_index,118,tokens,641,593.6380655226209,1306.3552529272229,1.0,37.0,79.0,217.0,554.0,1221.0,2423.0,6213.600000000004,15607.0,380522.0
118,context_length_tokens,session_turn_index,118,tokens,641,203331.50858034322,75614.63578147667,30036.0,115576.0,151696.0,194413.0,237701.0,308746.0,341829.0,431977.4,541566.0,130335497.0
119,isl_tokens,session_turn_index,119,tokens,631,599.4881141045959,1579.1890071246146,6.0,28.0,50.5,128.0,463.0,1234.0,2437.5,7948.300000000012,16919.0,378277.0
119,osl_tokens,session_turn_index,119,tokens,631,558.9128367670364,1004.6624810362616,1.0,37.0,83.5,244.0,571.0,1287.0,2316.5,5380.400000000007,10221.0,352674.0
119,context_length_tokens,session_turn_index,119,tokens,631,203339.9857369255,75653.03497465375,30154.0,115654.0,151654.5,194683.0,237444.5,308523.0,342264.5,433729.5000000001,551448.0,128307531.0
120,isl_tokens,session_turn_index,120,tokens,623,620.0465489566614,1559.1742225486416,6.0,28.0,49.0,123.0,436.0,1472.000000000005,2891.4999999999995,7990.059999999942,18103.0,386289.0
120,osl_tokens,session_turn_index,120,tokens,623,593.868378812199,974.1946875532233,1.0,37.0,85.0,243.0,619.5,1459.0000000000005,2606.2999999999975,4645.979999999998,9460.0,369980.0
120,context_length_tokens,session_turn_index,120,tokens,623,204298.18459069022,76362.49993597345,30299.0,115366.40000000001,152936.0,195669.0,238630.5,309289.80000000005,344964.7,435670.33999999997,552245.0,127277769.0
121,isl_tokens,session_turn_index,121,tokens,613,663.6982055464927,1665.6192560077257,10.0,28.0,50.0,164.0,522.0,1452.6000000000013,3069.999999999999,9799.879999999997,15421.0,406847.0
121,osl_tokens,session_turn_index,121,tokens,613,643.3376835236542,1537.492554710556,1.0,37.0,90.0,214.0,573.0,1476.4000000000028,2591.2,5248.799999999999,21489.0,394366.0
121,context_length_tokens,session_turn_index,121,tokens,613,204851.13539967375,76554.35175892765,30595.0,115076.0,153215.0,196453.0,238921.0,309358.60000000003,347109.6,436731.16,552931.0,125573746.0
122,isl_tokens,session_turn_index,122,tokens,605,641.603305785124,1863.7463421178502,4.0,28.0,53.0,143.0,464.0,1365.4,2399.7999999999997,8936.320000000025,26640.0,388170.0
122,osl_tokens,session_turn_index,122,tokens,605,712.5454545454545,1469.4255739422026,1.0,40.80000000000001,100.0,233.0,667.0,1636.8000000000002,3155.6,6966.8800000000165,14907.0,431090.0
122,context_length_tokens,session_turn_index,122,tokens,605,205433.27603305786,77263.15534977293,30769.0,115500.40000000001,153390.0,197203.0,239479.0,310662.2,349064.19999999995,438160.9200000002,560978.0,124287132.0
123,isl_tokens,session_turn_index,123,tokens,594,581.3905723905724,1368.678757435762,6.0,28.0,49.0,121.0,449.75,1432.3000000000018,2508.3,8365.610000000006,12560.0,345346.0
123,osl_tokens,session_turn_index,123,tokens,594,581.9040404040404,937.3016553643006,1.0,37.0,86.25,246.5,636.25,1627.800000000003,2297.1500000000015,4208.310000000037,8088.0,345651.0
123,context_length_tokens,session_turn_index,123,tokens,594,206381.83164983164,78232.46694907421,30862.0,115697.2,153517.0,197545.0,240783.25,314828.10000000003,351287.85000000003,441246.94000000117,563319.0,122590808.0
124,isl_tokens,session_turn_index,124,tokens,587,586.1175468483816,1370.8821622252733,6.0,28.0,50.0,130.0,522.0,1404.7999999999997,2493.899999999997,7100.039999999997,16318.0,344051.0
124,osl_tokens,session_turn_index,124,tokens,587,625.350936967632,1107.3258021962254,1.0,41.6,89.5,238.0,639.0,1502.3999999999992,2736.7999999999997,6080.719999999998,10657.0,367081.0
124,context_length_tokens,session_turn_index,124,tokens,587,207817.59114139693,78990.71007608088,31169.0,116110.2,153806.5,199651.0,242183.0,317138.39999999997,353080.49999999994,443873.9199999997,565471.0,121988926.0
125,isl_tokens,session_turn_index,125,tokens,578,470.37543252595157,958.3375216577928,6.0,28.0,50.25,134.0,415.0,1203.5000000000018,2165.5499999999997,4622.75,11768.0,271877.0
125,osl_tokens,session_turn_index,125,tokens,578,578.416955017301,1206.4865778286526,1.0,37.0,67.25,219.0,625.75,1424.1000000000004,2216.0,4470.460000000013,19250.0,334325.0
125,context_length_tokens,session_turn_index,125,tokens,578,209056.12975778547,79849.62790031524,31839.0,115766.8,154407.25,200425.0,243788.75,318736.2,354376.69999999995,446289.2100000004,580171.0,120834443.0
126,isl_tokens,session_turn_index,126,tokens,572,471.6311188811189,1044.5348173019847,7.0,24.0,48.0,115.5,403.5,1353.6999999999994,2037.199999999999,4645.979999999976,11871.0,269773.0
126,osl_tokens,session_turn_index,126,tokens,572,624.0122377622378,1141.0589693475788,1.0,37.0,86.5,225.5,590.25,1645.0999999999985,2639.249999999997,6285.639999999996,11036.0,356935.0
126,context_length_tokens,session_turn_index,126,tokens,572,209784.9562937063,80338.23053799082,32020.0,116276.0,154971.25,200730.0,244242.5,322634.89999999997,357760.5499999999,448935.8399999992,588808.0,119996995.0
127,isl_tokens,session_turn_index,127,tokens,566,641.8745583038869,1702.969087783557,4.0,28.0,48.0,128.0,507.25,1444.0,2210.0,8372.900000000012,21813.0,363301.0
127,osl_tokens,session_turn_index,127,tokens,566,604.9787985865725,1133.3290620121693,1.0,37.0,84.25,227.5,669.75,1495.0,2179.0,5158.300000000001,11462.0,342418.0
127,context_length_tokens,session_turn_index,127,tokens,566,210671.95759717314,81178.28401136602,32147.0,116822.5,155477.5,200916.5,246772.0,324938.0,360370.75,452063.25000000047,591454.0,119240328.0
128,isl_tokens,session_turn_index,128,tokens,563,522.4031971580818,1325.1419090026195,6.0,28.0,48.0,113.0,409.5,1207.4,2215.4999999999995,5532.399999999999,15155.0,294113.0
128,osl_tokens,session_turn_index,128,tokens,563,583.3143872113677,990.5333075217017,1.0,37.0,87.5,225.0,605.5,1475.6000000000004,2608.2999999999993,4766.759999999999,9409.0,328406.0
128,context_length_tokens,session_turn_index,128,tokens,563,211252.59147424513,81039.61626218326,32585.0,116700.40000000001,155648.0,201703.0,247938.0,325315.2,361213.39999999997,445573.36,592684.0,118935209.0
129,isl_tokens,session_turn_index,129,tokens,558,563.168458781362,1443.583108192816,6.0,28.0,50.0,130.0,485.5,1349.7000000000003,2586.0999999999995,5787.329999999978,21746.0,314248.0
129,osl_tokens,session_turn_index,129,tokens,558,650.4551971326165,1190.8700611204356,1.0,37.0,85.25,243.5,651.25,1688.3000000000002,3071.8499999999985,5311.149999999985,11443.0,362954.0
129,context_length_tokens,session_turn_index,129,tokens,558,211812.6935483871,81446.41925580564,32753.0,116602.6,156011.0,202363.0,249269.5,326292.2,363950.3,447768.30999999965,600269.0,118191483.0
130,isl_tokens,session_turn_index,130,tokens,550,553.2781818181818,1472.9778844468174,6.0,28.0,48.0,133.5,465.75,1240.4,2455.549999999982,5589.309999999988,22130.0,304303.0
130,osl_tokens,session_turn_index,130,tokens,550,606.1418181818182,1325.5972670585354,1.0,37.0,73.25,214.5,558.75,1412.8000000000002,2265.7999999999993,6043.189999999996,17239.0,333378.0
130,context_length_tokens,session_turn_index,130,tokens,550,211674.8909090909,81159.87708500768,32869.0,117168.9,156265.75,203103.5,250113.75,323561.2,361698.54999999976,448946.86999999994,609484.0,116421190.0
131,isl_tokens,session_turn_index,131,tokens,541,571.9648798521257,1447.9255390398753,5.0,28.0,48.0,132.0,460.0,1329.0,2455.0,7358.600000000032,18156.0,309433.0
131,osl_tokens,session_turn_index,131,tokens,541,543.0147874306839,861.7600824518357,1.0,37.0,91.0,237.0,626.0,1328.0,2133.0,3773.8,8488.0,293771.0
131,context_length_tokens,session_turn_index,131,tokens,541,212697.36783733827,81355.82892015875,33026.0,120070.0,156959.0,204008.0,252663.0,325029.0,364738.0,451371.80000000016,613692.0,115069276.0
132,isl_tokens,session_turn_index,132,tokens,533,623.4333958724203,1698.6578361866132,5.0,28.0,48.0,117.0,450.0,1373.0000000000007,2719.399999999996,10216.63999999995,18818.0,332290.0
132,osl_tokens,session_turn_index,132,tokens,533,606.3377110694183,997.3924156478026,1.0,37.0,94.0,222.0,591.0,1659.8000000000002,2639.9999999999977,5170.199999999993,7140.0,323178.0
132,context_length_tokens,session_turn_index,132,tokens,533,213433.23639774858,81822.38864084487,33137.0,118122.00000000001,157301.0,205460.0,254493.0,325489.0,363950.19999999995,454064.9199999995,621881.0,113759915.0
133,isl_tokens,session_turn_index,133,tokens,529,547.625708884688,1664.772006444466,7.0,28.0,48.0,118.0,366.0,1207.2,1982.1999999999973,7496.800000000023,20640.0,289694.0
133,osl_tokens,session_turn_index,133,tokens,529,586.8071833648394,1077.818766599747,1.0,37.0,79.0,225.0,608.0,1481.0,2287.3999999999987,5429.2800000000225,10589.0,310421.0
133,context_length_tokens,session_turn_index,133,tokens,529,214270.97353497165,82384.23435892738,33287.0,118097.40000000001,157805.0,206282.0,255758.0,326938.4,363100.79999999993,457409.0800000003,626316.0,113349345.0
134,isl_tokens,session_turn_index,134,tokens,523,661.1453154875717,1827.607013999853,6.0,28.0,52.0,136.0,477.0,1525.4000000000005,2593.6,10693.079999999982,19344.0,345779.0
134,osl_tokens,session_turn_index,134,tokens,523,582.2619502868068,981.8936801245193,1.0,37.0,91.0,242.0,597.0,1382.0000000000007,2554.7999999999993,4683.399999999992,7740.0,304523.0
134,context_length_tokens,session_turn_index,134,tokens,523,215376.6309751434,83139.1861651197,33381.0,117579.40000000001,157993.5,206562.0,257213.5,328125.0,366039.3,462081.5199999996,627300.0,112641978.0
135,isl_tokens,session_turn_index,135,tokens,511,543.440313111546,1401.1396814404845,6.0,28.0,49.0,119.0,377.0,1175.0,2226.5,7829.6999999999925,14577.0,277698.0
135,osl_tokens,session_turn_index,135,tokens,511,550.9980430528376,1025.124690996224,1.0,37.0,86.0,220.0,565.5,1364.0,2168.0,4973.299999999993,11589.0,281560.0
135,context_length_tokens,session_turn_index,135,tokens,511,215845.89236790605,83428.93006722898,33533.0,116880.0,158160.0,206718.0,258385.5,330604.0,365272.0,465802.4999999997,628174.0,110297251.0
136,isl_tokens,session_turn_index,136,tokens,506,517.7727272727273,1134.0059365617908,1.0,25.0,48.0,124.5,487.75,1274.5,2324.25,5521.499999999994,11675.0,261993.0
136,osl_tokens,session_turn_index,136,tokens,506,574.5573122529644,956.6461536618941,1.0,40.0,98.25,278.5,647.5,1247.5,2560.0,4686.649999999999,8235.0,290726.0
136,context_length_tokens,session_turn_index,136,tokens,506,216709.90118577075,84204.24990299132,33633.0,116965.0,158434.5,206448.5,259787.25,333326.0,369623.0,469322.0499999999,628691.0,109655210.0
137,isl_tokens,session_turn_index,137,tokens,504,622.6130952380952,1909.305494502242,6.0,28.0,52.0,131.0,433.75,1345.8999999999992,2718.4999999999955,8103.659999999974,24920.0,313797.0
137,osl_tokens,session_turn_index,137,tokens,504,589.5456349206349,1183.8097087323126,1.0,37.0,90.0,246.5,621.0,1254.9999999999995,1938.2999999999993,7450.79999999996,11377.0,297131.0
137,context_length_tokens,session_turn_index,137,tokens,504,217862.48015873015,84844.34153303453,33787.0,117259.7,159082.25,207092.5,261838.25,337358.39999999997,370773.2999999998,471317.79999999976,633619.0,109802690.0
138,isl_tokens,session_turn_index,138,tokens,494,529.4797570850202,1068.513846743851,6.0,28.0,50.0,141.5,558.75,1291.1,2102.2999999999965,6088.569999999998,8973.0,261563.0
138,osl_tokens,session_turn_index,138,tokens,494,583.2692307692307,1006.3827730115356,1.0,37.0,77.0,242.5,619.75,1272.3999999999999,2461.7499999999986,4708.5999999999985,8330.0,288135.0
138,context_length_tokens,session_turn_index,138,tokens,494,218825.76720647773,86056.24122934217,33887.0,117509.4,159214.5,207484.5,263472.5,338499.8,373835.45,474509.75999999995,644937.0,108099929.0
139,isl_tokens,session_turn_index,139,tokens,490,538.4857142857143,1370.1143318894885,6.0,25.0,47.0,117.5,440.5,1169.4000000000003,2291.749999999999,6081.250000000008,15772.0,263858.0
139,osl_tokens,session_turn_index,139,tokens,490,571.9448979591837,1029.3376883003955,1.0,37.0,75.0,242.0,521.0,1465.1000000000004,2637.549999999994,5102.050000000005,9657.0,280253.0
139,context_length_tokens,session_turn_index,139,tokens,490,220119.77346938776,86707.02328912537,34050.0,118004.7,159304.75,208223.0,266442.75,340843.30000000005,376175.3999999999,477030.98000000016,650043.0,107858689.0
140,isl_tokens,session_turn_index,140,tokens,481,550.977130977131,1457.3207558186336,6.0,28.0,55.0,122.0,417.0,1001.0,2173.0,9010.599999999999,14668.0,265020.0
140,osl_tokens,session_turn_index,140,tokens,481,557.2453222453222,906.1363698087483,1.0,37.0,76.0,238.0,634.0,1381.0,2055.0,4400.0,9576.0,268035.0
140,context_length_tokens,session_turn_index,140,tokens,481,221114.51143451143,87851.08302369971,34160.0,118182.0,159438.0,208334.0,269596.0,343604.0,378850.0,483249.39999999997,656219.0,106356080.0
141,isl_tokens,session_turn_index,141,tokens,478,612.7405857740586,1581.4375165958118,6.0,28.0,47.0,118.0,425.25,1304.2000000000003,2950.6,9393.560000000003,16159.0,292890.0
141,osl_tokens,session_turn_index,141,tokens,478,545.1548117154812,1004.1406831705337,1.0,36.10000000000001,71.0,204.5,565.0,1391.5,2001.1999999999962,5727.850000000019,8892.0,260584.0
141,context_length_tokens,session_turn_index,141,tokens,478,222446.48744769875,88653.72864013087,34332.0,118416.0,160621.25,209159.5,270955.25,344571.0,380689.1,487162.15,676279.0,106329421.0
142,isl_tokens,session_turn_index,142,tokens,473,610.6215644820296,1568.3425080437908,6.0,28.0,55.0,141.0,503.0,1432.8,2562.4,8228.19999999999,15799.0,288824.0
142,osl_tokens,session_turn_index,142,tokens,473,646.754756871036,1287.3818832100014,1.0,39.0,82.0,228.0,626.0,1583.4000000000003,2682.199999999999,6091.759999999994,14923.0,305915.0
142,context_length_tokens,session_turn_index,142,tokens,473,224091.11205073996,89415.52582946396,34436.0,118569.6,161337.0,211018.0,272915.0,346526.4,382885.0,488405.24,684658.0,105995096.0
143,isl_tokens,session_turn_index,143,tokens,465,704.0430107526881,1930.4278411178643,6.0,28.0,56.0,158.0,474.0,1459.4,2538.799999999994,11044.52000000002,19262.0,327380.0
143,osl_tokens,session_turn_index,143,tokens,465,547.1397849462365,939.3315123733411,1.0,37.0,81.0,210.0,541.0,1431.2000000000003,2383.199999999998,4535.000000000002,9091.0,254420.0
143,context_length_tokens,session_turn_index,143,tokens,465,224828.7569892473,89853.02122884738,34586.0,119587.6,162174.0,210818.0,274500.0,347089.4,384914.1999999999,490110.24000000005,693609.0,104545372.0
144,isl_tokens,session_turn_index,144,tokens,460,578.9282608695652,1682.1854758879235,6.0,25.0,49.0,130.5,329.0,1061.1000000000004,2364.499999999997,10469.439999999991,16270.0,266307.0
144,osl_tokens,session_turn_index,144,tokens,460,524.3782608695652,891.1823853035002,1.0,37.0,78.5,225.5,574.5,1133.7000000000003,2149.8499999999995,4691.519999999998,6877.0,241214.0
144,context_length_tokens,session_turn_index,144,tokens,460,225842.63260869565,90562.540658915,34691.0,120233.7,162521.25,212907.0,275315.0,349598.20000000007,387453.94999999995,491404.0499999999,694820.0,103887611.0
145,isl_tokens,session_turn_index,145,tokens,454,472.11453744493394,1110.6062459653326,5.0,28.0,48.25,113.0,392.0,1094.0,2195.3999999999996,5584.469999999991,12123.0,214340.0
145,osl_tokens,session_turn_index,145,tokens,454,633.1607929515418,1200.8340431782233,1.0,37.0,91.25,248.0,613.25,1656.1999999999996,2623.8499999999995,5477.559999999992,12224.0,287455.0
145,context_length_tokens,session_turn_index,145,tokens,454,227192.85903083702,91442.187568512,34840.0,120785.0,163001.75,214052.5,278347.5,352515.7,389211.3,494387.87,699003.0,103145558.0
146,isl_tokens,session_turn_index,146,tokens,449,415.728285077951,950.4192754896263,6.0,26.800000000000004,47.0,103.0,358.0,1006.9999999999998,1777.999999999997,5186.759999999997,8771.0,186662.0
146,osl_tokens,session_turn_index,146,tokens,449,571.1336302895323,929.0889207591848,1.0,37.0,93.0,244.0,621.0,1331.9999999999998,2252.5999999999985,5071.519999999987,7244.0,256439.0
146,context_length_tokens,session_turn_index,146,tokens,449,228363.6302895323,92431.62335387242,34942.0,121214.8,163659.0,215019.0,280783.0,355811.6,390459.2,496035.51999999996,700595.0,102535270.0
147,isl_tokens,session_turn_index,147,tokens,441,508.77777777777777,1054.1850838349478,5.0,24.0,47.0,125.0,465.0,1359.0,2117.0,5584.400000000026,7854.0,224371.0
147,osl_tokens,session_turn_index,147,tokens,441,576.5124716553288,991.5118214228858,2.0,37.0,85.0,240.0,620.0,1321.0,2330.0,5083.600000000002,8757.0,254242.0
147,context_length_tokens,session_turn_index,147,tokens,441,229677.81632653062,93601.16549992093,35093.0,121112.0,164103.0,215697.0,285759.0,359362.0,392839.0,497890.4,703023.0,101287917.0
148,isl_tokens,session_turn_index,148,tokens,436,672.2591743119266,1795.9546372265268,6.0,28.0,51.0,169.5,506.75,1707.5,2556.25,6694.949999999981,22771.0,293105.0
148,osl_tokens,session_turn_index,148,tokens,436,747.901376146789,1459.3415386782724,1.0,37.0,89.0,231.5,662.25,2207.0,3718.25,5847.749999999991,16123.0,326085.0
148,context_length_tokens,session_turn_index,148,tokens,436,230439.14678899082,94180.2777087134,35198.0,121618.5,164345.25,216406.0,286270.0,359956.5,392885.0,499259.39999999997,707687.0,100471468.0
149,isl_tokens,session_turn_index,149,tokens,430,701.0930232558139,2896.1066295893397,10.0,28.0,47.0,132.0,525.5,1450.6000000000013,2472.299999999998,8346.649999999967,53213.0,301470.0
149,osl_tokens,session_turn_index,149,tokens,430,661.4069767441861,1932.9095406949248,1.0,37.0,75.25,230.5,622.5,1513.6000000000006,2788.299999999997,5541.469999999998,35155.0,284405.0
149,context_length_tokens,session_turn_index,149,tokens,430,230995.0465116279,94140.89598949446,35349.0,122085.8,164234.75,216906.0,286903.5,362278.10000000003,396512.0999999997,496581.5299999996,710197.0,99327870.0
150,isl_tokens,session_turn_index,150,tokens,420,573.8190476190476,1363.0219841077392,5.0,24.0,38.75,110.5,422.5,1507.6000000000026,2941.1499999999996,6346.370000000002,14567.0,241004.0
150,osl_tokens,session_turn_index,150,tokens,420,609.1238095238095,1167.6152390988925,1.0,33.80000000000001,62.0,192.0,593.0,1676.0000000000011,2826.5999999999976,6333.3600000000015,9678.0,255832.0
150,context_length_tokens,session_turn_index,150,tokens,420,231125.33095238096,93561.98997808628,35444.0,122643.2,164851.0,218098.0,287942.0,360400.5,392843.64999999997,484335.81,716339.0,97072639.0
151,isl_tokens,session_turn_index,151,tokens,414,518.1159420289855,1173.000873554397,3.0,25.0,47.25,107.0,421.0,1256.299999999999,2676.45,5052.32,10818.0,214500.0
151,osl_tokens,session_turn_index,151,tokens,414,623.7801932367149,1101.9376357735778,1.0,37.0,91.25,201.0,621.0,1704.8999999999999,2451.6499999999987,5323.120000000001,8682.0,258245.0
151,context_length_tokens,session_turn_index,151,tokens,414,231040.02415458937,93898.27775778767,35594.0,122947.0,165337.25,217222.0,286000.25,359506.3,392700.0499999998,486161.7,717583.0,95650570.0
152,isl_tokens,session_turn_index,152,tokens,406,528.0788177339901,1150.9224972920576,6.0,24.0,48.0,123.5,439.25,1357.0,1977.0,5204.3499999999985,11597.0,214400.0
152,osl_tokens,session_turn_index,152,tokens,406,702.1822660098522,1604.3384012406354,1.0,37.0,90.25,243.5,557.75,1717.5,2768.5,7571.499999999999,18921.0,285086.0
152,context_length_tokens,session_turn_index,152,tokens,406,232277.90147783252,95137.12776044657,35692.0,122891.0,165617.5,218058.0,287200.0,361548.5,396208.25,489155.6499999999,718195.0,94304828.0
153,isl_tokens,session_turn_index,153,tokens,395,476.16708860759496,1020.8537764248565,6.0,28.0,56.0,152.0,442.0,1141.6000000000006,2131.2999999999984,6372.540000000002,8530.0,188086.0
153,osl_tokens,session_turn_index,153,tokens,395,608.5443037974684,1082.4247627546754,1.0,36.400000000000006,77.5,209.0,627.0,1548.400000000001,2842.599999999986,5505.62,9595.0,240375.0
153,context_length_tokens,session_turn_index,153,tokens,395,233655.0075949367,96798.16259995085,35846.0,123497.40000000001,165716.5,219770.0,290781.5,364163.4,400987.69999999955,498456.80000000005,725963.0,92293728.0
154,isl_tokens,session_turn_index,154,tokens,393,397.8854961832061,859.1933104079025,4.0,28.0,50.0,107.0,396.0,825.4000000000001,1727.799999999997,3653.5199999999963,11640.0,156369.0
154,osl_tokens,session_turn_index,154,tokens,393,634.4020356234097,1220.8270717553394,1.0,37.0,85.0,221.0,587.0,1466.6000000000004,2994.1999999999994,6634.399999999995,9134.0,249320.0
154,context_length_tokens,session_turn_index,154,tokens,393,234439.82951653944,97345.80877061443,35940.0,124688.4,166610.0,219777.0,289418.0,364833.0,403082.9999999998,502281.87999999995,726683.0,92134853.0
155,isl_tokens,session_turn_index,155,tokens,388,430.21649484536084,1011.346749114474,6.0,28.0,56.0,112.0,368.5,989.3000000000002,1922.5999999999935,3944.229999999998,12366.0,166924.0
155,osl_tokens,session_turn_index,155,tokens,388,678.979381443299,1507.081685165221,1.0,37.0,80.0,271.5,621.0,1461.5000000000005,2489.2999999999975,6950.729999999999,15677.0,263444.0
155,context_length_tokens,session_turn_index,155,tokens,388,235727.29639175258,98378.59947154025,36089.0,124925.0,167007.5,218789.5,298725.0,366787.30000000005,406508.0999999998,503490.19999999995,727439.0,91462191.0
156,isl_tokens,session_turn_index,156,tokens,378,590.531746031746,1425.4701796667562,8.0,28.0,56.0,137.0,472.25,1202.9,2130.7499999999905,7907.0,10082.0,223221.0
156,osl_tokens,session_turn_index,156,tokens,378,555.7777777777778,1066.7816150034398,1.0,37.0,98.5,250.0,598.0,1172.1000000000004,1976.8499999999976,4877.350000000011,14243.0,210084.0
156,context_length_tokens,session_turn_index,156,tokens,378,235027.12698412698,98739.06529914032,36198.0,125543.0,166970.5,215194.5,295001.25,363124.30000000005,400401.89999999997,506095.63000000006,734411.0,88840254.0
157,isl_tokens,session_turn_index,157,tokens,370,434.24864864864867,753.1082997463395,6.0,25.9,49.25,133.5,420.0,1126.1000000000004,2171.1500000000024,3294.0,4818.0,160672.0
157,osl_tokens,session_turn_index,157,tokens,370,593.1567567567567,1000.1590318248557,1.0,37.0,95.25,252.5,656.0,1341.4,2709.2,4776.05,9193.0,219468.0
157,context_length_tokens,session_turn_index,157,tokens,370,235578.15135135135,99871.76986878244,36348.0,126015.7,166058.75,214711.5,299640.5,363515.4000000001,403487.2,509206.02,734962.0,87163916.0
158,isl_tokens,session_turn_index,158,tokens,367,540.7874659400545,1061.151253157263,6.0,28.0,49.0,120.0,505.5,1588.600000000001,2476.4999999999995,5529.859999999983,8293.0,198469.0
158,osl_tokens,session_turn_index,158,tokens,367,556.1471389645776,904.8938276867333,1.0,37.0,79.0,269.0,625.0,1327.4000000000005,2245.8,4237.4599999999955,8852.0,204106.0
158,context_length_tokens,session_turn_index,158,tokens,367,235954.31880108992,99986.84804695219,36443.0,125908.4,165858.0,215063.0,299275.5,364494.20000000007,401366.29999999993,511578.5999999998,736851.0,86595235.0
159,isl_tokens,session_turn_index,159,tokens,362,524.4364640883978,1167.888063014236,6.0,24.0,47.0,145.0,398.75,1245.3000000000006,2589.95,5923.29,9621.0,189846.0
159,osl_tokens,session_turn_index,159,tokens,362,565.9005524861878,1197.8814153069645,1.0,37.0,100.0,227.5,555.75,1375.6000000000013,2250.3999999999987,4551.369999999999,16502.0,204856.0
159,context_length_tokens,session_turn_index,159,tokens,362,236708.80662983426,100810.52240412975,36594.0,125709.1,166865.5,212769.5,301525.25,364570.9,405349.54999999993,513973.59999999986,746056.0,85688588.0
160,isl_tokens,session_turn_index,160,tokens,359,493.83286908078,1006.4452156313606,6.0,28.0,47.0,131.0,389.5,1285.1999999999996,1890.3999999999965,4766.260000000009,8501.0,177286.0
160,osl_tokens,session_turn_index,160,tokens,359,560.8690807799443,828.4745199545478,2.0,37.0,79.0,251.0,654.0,1379.1999999999998,2000.999999999999,4058.840000000004,6271.0,201352.0
160,context_length_tokens,session_turn_index,160,tokens,359,237780.40389972145,101878.32618089985,36687.0,125478.20000000001,166612.5,212877.0,303553.0,366442.8,406671.4999999999,515352.92000000016,762614.0,85363165.0
161,isl_tokens,session_turn_index,161,tokens,357,493.92717086834733,1115.7978142131847,6.0,28.0,49.0,124.0,420.0,1165.4000000000042,2026.7999999999968,5627.399999999998,9769.0,176332.0
161,osl_tokens,session_turn_index,161,tokens,357,596.4145658263305,1055.679008918843,1.0,32.0,67.0,243.0,649.0,1391.8000000000002,2412.2,5170.519999999997,9153.0,212920.0
161,context_length_tokens,session_turn_index,161,tokens,357,239145.4537815126,102521.29352858593,36839.0,125379.6,167790.0,213656.0,305391.0,368320.80000000005,408247.6,516550.0,763173.0,85374927.0
162,isl_tokens,session_turn_index,162,tokens,347,480.72334293948126,1235.057260384785,4.0,25.0,49.0,91.0,318.0,1230.4000000000024,1966.8,6892.400000000046,11384.0,166811.0
162,osl_tokens,session_turn_index,162,tokens,347,549.2449567723343,892.1525343836281,1.0,32.6,64.0,195.0,623.5,1506.0000000000025,2469.4999999999995,3983.480000000004,8265.0,190588.0
162,context_length_tokens,session_turn_index,162,tokens,347,239593.53602305477,104032.13049992031,36941.0,125438.40000000001,166753.5,214283.0,306580.0,371339.80000000005,410226.0,518632.5400000002,764651.0,83138957.0
163,isl_tokens,session_turn_index,163,tokens,344,536.3081395348837,1592.1637038009596,6.0,28.0,53.0,131.0,378.75,1104.4999999999998,1893.7499999999989,5464.3099999999895,19988.0,184490.0
163,osl_tokens,session_turn_index,163,tokens,344,646.2703488372093,1433.140901170984,1.0,37.0,80.75,234.0,603.75,1584.2999999999997,2225.049999999999,6063.5599999999995,18419.0,222317.0
163,context_length_tokens,session_turn_index,163,tokens,344,240583.23837209304,105078.14228302897,37090.0,125440.40000000001,166476.75,213832.5,308925.75,375247.49999999994,412299.3,520421.04999999993,774376.0,82760634.0
164,isl_tokens,session_turn_index,164,tokens,340,443.43823529411765,1158.2814649589598,6.0,28.0,49.0,94.5,351.0,862.4000000000001,1829.15,7141.940000000013,10233.0,150769.0
164,osl_tokens,session_turn_index,164,tokens,340,578.8764705882353,1254.0557577572115,1.0,37.0,57.25,204.5,482.0,1218.6000000000017,2360.75,7899.020000000016,9894.0,196818.0
164,context_length_tokens,session_turn_index,164,tokens,340,241025.00294117647,105779.61603462335,37197.0,125436.1,166504.25,214105.0,310343.75,378499.60000000015,414001.70000000007,521590.09000000014,777396.0,81948501.0
165,isl_tokens,session_turn_index,165,tokens,339,551.3569321533923,1701.502849349877,6.0,28.0,39.0,131.0,378.0,1113.3999999999999,1749.4999999999982,8703.080000000005,21885.0,186910.0
165,osl_tokens,session_turn_index,165,tokens,339,554.2949852507375,955.7892760030031,1.0,32.0,61.0,241.0,611.5,1401.6,2219.999999999997,3614.6200000000013,11598.0,187906.0
165,context_length_tokens,session_turn_index,165,tokens,339,241434.06784660768,105861.52832610234,37348.0,126160.6,166565.0,215888.0,309787.5,381548.79999999993,415010.29999999993,525464.4600000001,786049.0,81846149.0
166,isl_tokens,session_turn_index,166,tokens,334,520.0209580838323,1432.1043651684088,6.0,28.0,48.0,93.0,360.0,1159.5999999999997,2444.9999999999973,6441.470000000023,15278.0,173687.0
166,osl_tokens,session_turn_index,166,tokens,334,604.2814371257485,1142.9582213027052,2.0,37.0,84.5,196.5,620.0,1826.8999999999994,2691.4999999999995,4215.390000000005,13823.0,201830.0
166,context_length_tokens,session_turn_index,166,tokens,334,242740.3143712575,107183.03761331798,37443.0,126049.0,166276.0,214883.0,312756.0,384626.39999999997,418425.74999999994,529108.4400000002,787116.0,81075265.0
167,isl_tokens,session_turn_index,167,tokens,327,612.6758409785933,1374.5620327111767,6.0,28.0,50.0,156.0,592.0,1687.8000000000006,2558.5999999999985,5306.960000000003,17196.0,200345.0
167,osl_tokens,session_turn_index,167,tokens,327,751.6758409785933,1254.2667651510658,1.0,32.0,65.0,315.0,739.5,1911.0000000000018,3335.3999999999996,5419.34,9698.0,245798.0
167,context_length_tokens,session_turn_index,167,tokens,327,243809.01834862385,107789.3894092684,37593.0,126430.6,167894.0,214508.0,313466.0,385233.20000000007,422503.5,531076.8800000001,787785.0,79725549.0
168,isl_tokens,session_turn_index,168,tokens,323,381.4891640866873,870.730330645552,6.0,24.200000000000003,42.0,85.0,317.0,847.8000000000002,1784.5999999999992,4920.139999999982,8076.0,123221.0
168,osl_tokens,session_turn_index,168,tokens,323,560.077399380805,972.4981190380554,1.0,32.0,57.0,213.0,645.5,1544.8000000000009,2256.899999999997,4166.979999999981,10042.0,180905.0
168,context_length_tokens,session_turn_index,168,tokens,323,244786.32198142415,108559.37176338592,37687.0,126396.2,168139.0,215266.0,314200.0,386531.0,424268.7,534124.9599999997,792495.0,79065982.0
169,isl_tokens,session_turn_index,169,tokens,319,546.9028213166144,1589.9374349271218,6.0,28.0,49.0,145.0,595.0,1128.9999999999995,1754.2999999999965,5709.399999999989,24076.0,174462.0
169,osl_tokens,session_turn_index,169,tokens,319,650.0626959247649,1051.2901086859638,1.0,37.0,95.0,255.0,620.0,2001.1999999999994,3251.599999999999,5132.8399999999965,5735.0,207370.0
169,context_length_tokens,session_turn_index,169,tokens,319,244874.66144200627,108451.53392868229,37837.0,126437.8,167996.5,216411.0,315158.0,389464.2,424707.5999999998,528918.5399999999,797276.0,78115017.0
170,isl_tokens,session_turn_index,170,tokens,315,425.05079365079365,863.7500505360086,6.0,23.400000000000002,46.5,98.0,362.0,1073.2000000000003,1881.800000000002,4341.100000000008,7480.0,133891.0
170,osl_tokens,session_turn_index,170,tokens,315,709.4761904761905,1214.617879125056,1.0,32.0,61.5,207.0,690.0,2049.8,3283.700000000001,6122.880000000005,6949.0,223485.0
170,context_length_tokens,session_turn_index,170,tokens,315,245765.13333333333,109596.04273539448,37935.0,126926.0,168297.0,216702.0,315716.0,390805.2,427671.9000000001,532402.7800000001,804223.0,77416017.0
171,isl_tokens,session_turn_index,171,tokens,313,494.0287539936102,1421.6730241766602,6.0,28.0,48.0,141.0,318.0,911.2000000000007,2392.7999999999984,4975.159999999996,17345.0,154631.0
171,osl_tokens,session_turn_index,171,tokens,313,645.9872204472844,1278.9908661204076,1.0,32.0,60.0,177.0,621.0,1482.0000000000005,2744.9999999999964,5752.679999999999,10141.0,202194.0
171,context_length_tokens,session_turn_index,171,tokens,313,245923.09584664536,109933.99420295678,38085.0,127937.8,168304.0,216835.0,314764.0,392667.2,421619.7999999998,538713.6399999999,811465.0,76973929.0
172,isl_tokens,session_turn_index,172,tokens,310,470.9612903225806,928.2502435392048,6.0,28.0,55.0,159.5,357.75,1251.2000000000016,2105.7000000000003,3696.190000000003,8453.0,145998.0
172,osl_tokens,session_turn_index,172,tokens,310,615.0322580645161,1075.3402547452347,1.0,37.0,72.0,241.5,689.0,1379.8000000000006,2753.1000000000035,4128.260000000002,9077.0,190660.0
172,context_length_tokens,session_turn_index,172,tokens,310,246107.85483870967,110494.26135237956,38180.0,127950.40000000001,168178.25,216931.0,315150.5,393063.80000000005,429709.9000000002,543773.3800000004,812216.0,76293435.0
173,isl_tokens,session_turn_index,173,tokens,306,503.9313725490196,1381.5378515116963,6.0,28.0,52.0,129.5,377.5,1159.5,1891.5,7380.799999999962,16526.0,154203.0
173,osl_tokens,session_turn_index,173,tokens,306,588.6535947712418,942.3756922602018,1.0,32.0,81.25,276.0,672.75,1480.0,2529.0,4358.799999999998,8761.0,180128.0
173,context_length_tokens,session_turn_index,173,tokens,306,246003.27124183008,110979.29338745751,38331.0,127715.5,168310.25,217683.0,315340.0,391650.5,434899.75,549362.4499999998,814245.0,75277001.0
174,isl_tokens,session_turn_index,174,tokens,302,455.2549668874172,964.9452226287281,6.0,28.0,47.0,111.0,367.5,1073.9000000000003,2195.699999999999,5117.690000000001,7742.0,137487.0
174,osl_tokens,session_turn_index,174,tokens,302,629.9105960264901,1183.8022932442618,1.0,32.50000000000001,73.75,175.5,551.75,1708.3000000000002,2799.8999999999974,5617.910000000001,9525.0,190233.0
174,context_length_tokens,session_turn_index,174,tokens,302,246462.7748344371,111602.45129296358,38441.0,127781.8,168141.0,216524.5,316574.25,390504.3,422599.0,554067.3200000001,823035.0,74431758.0
175,isl_tokens,session_turn_index,175,tokens,300,415.79333333333335,821.9404949805605,6.0,28.0,55.75,115.5,361.25,959.5000000000001,2133.8000000000006,4119.349999999994,5486.0,124738.0
175,osl_tokens,session_turn_index,175,tokens,300,534.9633333333334,814.9470997078413,1.0,37.0,85.25,243.5,621.0,1306.0000000000005,2001.4,4537.07,6531.0,160489.0
175,context_length_tokens,session_turn_index,175,tokens,300,247764.56,112610.68169964931,38590.0,128012.9,168416.0,216860.0,317949.0,393971.90000000014,424387.8000000002,559936.1699999999,830753.0,74329368.0
176,isl_tokens,session_turn_index,176,tokens,298,492.09395973154363,1243.7595682666285,5.0,24.700000000000003,44.25,97.5,358.0,962.3000000000004,2309.0499999999965,6510.4099999999335,10007.0,146644.0
176,osl_tokens,session_turn_index,176,tokens,298,515.9395973154362,866.8452694591639,1.0,32.0,54.25,173.0,569.0,1254.9000000000003,2116.3999999999983,4187.029999999983,5882.0,153750.0
176,context_length_tokens,session_turn_index,176,tokens,298,249201.05033557047,113477.94966989271,38686.0,128434.1,169320.5,218504.0,320925.0,397613.60000000003,427515.0999999996,562360.5499999997,837425.0,74261913.0
177,isl_tokens,session_turn_index,177,tokens,296,515.8952702702703,1118.1546539937576,6.0,28.0,50.75,138.5,463.25,1119.0,2090.5,5845.0000000000155,9985.0,152705.0
177,osl_tokens,session_turn_index,177,tokens,296,557.9932432432432,986.150442833289,1.0,32.0,59.0,188.0,626.25,1455.0,2487.5,4198.800000000003,10703.0,165166.0
177,context_length_tokens,session_turn_index,177,tokens,296,249074.77027027027,113530.26572372045,38835.0,129089.5,169432.25,218594.5,318816.25,397113.0,429995.0,564246.7000000002,841262.0,73726132.0
178,isl_tokens,session_turn_index,178,tokens,295,511.60677966101696,1380.5190136585156,6.0,24.0,46.5,101.0,341.5,1090.6000000000008,1992.900000000005,8781.080000000002,11301.0,150924.0
178,osl_tokens,session_turn_index,178,tokens,295,621.2610169491526,1197.3494525539188,1.0,32.0,77.0,190.0,557.5,1747.6000000000022,3056.2000000000016,7675.42,8182.0,183272.0
178,context_length_tokens,session_turn_index,178,tokens,295,249891.01694915254,114139.67712743735,38937.0,129160.2,169714.5,218590.0,319883.5,400561.4000000001,432944.80000000016,566767.3200000001,844768.0,73717850.0
179,isl_tokens,session_turn_index,179,tokens,291,511.49484536082474,1145.957098958701,6.0,24.0,48.0,166.0,467.0,1151.0,2154.5,5225.100000000009,12212.0,148845.0
179,osl_tokens,session_turn_index,179,tokens,291,642.0034364261169,1221.4322489683193,1.0,32.0,73.5,299.0,635.0,1436.0,2616.0,4849.4000000001,11219.0,186823.0
179,context_length_tokens,session_turn_index,179,tokens,291,251068.43298969071,115080.61348940466,39088.0,129511.0,170028.0,220626.0,320712.5,399248.0,437031.5,569801.6000000006,847554.0,73060914.0
180,isl_tokens,session_turn_index,180,tokens,287,460.2020905923345,1306.600096746487,6.0,28.0,52.0,115.0,332.0,980.400000000003,2060.299999999999,5402.17999999999,17049.0,132078.0
180,osl_tokens,session_turn_index,180,tokens,287,560.8466898954704,1082.0497957433092,1.0,31.6,54.0,190.0,574.5,1428.8000000000006,2273.599999999998,5376.499999999997,10077.0,160963.0
180,context_length_tokens,session_turn_index,180,tokens,287,251753.14285714287,116154.88653096522,39191.0,129262.2,170044.0,220774.0,323137.5,400522.8000000001,440683.6999999999,572694.5199999997,858700.0,72253152.0
181,isl_tokens,session_turn_index,181,tokens,283,413.2120141342756,936.9735492967819,12.0,28.0,49.0,123.0,421.5,910.0,1303.9999999999986,4058.54,10751.0,116939.0
181,osl_tokens,session_turn_index,181,tokens,283,510.0106007067138,937.152507977853,1.0,32.0,54.5,191.0,524.0,1280.6000000000006,1936.5999999999997,4926.100000000012,7259.0,144333.0
181,context_length_tokens,session_turn_index,181,tokens,283,250100.42756183745,111466.25898255628,39340.0,128763.6,170152.5,220324.0,322661.0,402074.60000000003,433909.39999999997,560835.4800000001,650021.0,70778421.0
182,isl_tokens,session_turn_index,182,tokens,282,523.0851063829788,1539.1735739120666,8.0,28.0,54.25,138.0,400.25,1186.3000000000002,1927.2499999999984,5376.819999999993,17520.0,147510.0
182,osl_tokens,session_turn_index,182,tokens,282,550.6702127659574,886.5152199550843,1.0,37.0,76.5,225.0,648.5,1331.9,2080.3999999999996,4680.269999999999,6242.0,155289.0
182,context_length_tokens,session_turn_index,182,tokens,282,250512.51063829788,111707.26062154167,39437.0,128777.0,170559.75,221642.0,322778.25,402898.2,435086.1,565234.4299999999,653018.0,70644528.0
183,isl_tokens,session_turn_index,183,tokens,278,453.99640287769785,964.7891278088388,10.0,24.0,47.0,109.5,352.5,1123.800000000001,2079.2,5009.150000000005,7936.0,126211.0
183,osl_tokens,session_turn_index,183,tokens,278,532.7014388489208,1027.5760893940326,1.0,32.0,81.25,204.5,468.0,1198.0,1862.7499999999995,5151.650000000012,7711.0,148091.0
183,context_length_tokens,session_turn_index,183,tokens,278,252068.69064748203,112717.03381252644,39587.0,130470.40000000001,170769.0,221101.0,326996.25,405706.60000000003,439874.59999999957,570802.9500000003,654405.0,70075096.0
184,isl_tokens,session_turn_index,184,tokens,274,495.1861313868613,957.3365796150147,6.0,28.0,57.0,129.5,432.75,1238.3000000000002,2332.999999999999,4728.859999999987,7054.0,135681.0
184,osl_tokens,session_turn_index,184,tokens,274,674.3613138686131,1557.3813005933036,1.0,40.0,83.0,231.5,649.0,1608.600000000001,2792.199999999999,6254.089999999995,19800.0,184775.0
184,context_length_tokens,session_turn_index,184,tokens,274,253251.80656934305,114110.33943987294,39680.0,129615.0,171008.5,221204.0,331871.25,406937.2,446598.9499999995,577473.0599999997,658262.0,69390995.0
185,isl_tokens,session_turn_index,185,tokens,273,660.1098901098901,1922.1451240824804,6.0,28.0,47.0,122.0,380.0,1214.000000000001,2581.599999999998,11778.479999999978,14789.0,180210.0
185,osl_tokens,session_turn_index,185,tokens,273,621.2234432234433,1084.482965159655,1.0,32.0,100.0,255.0,564.0,1415.4000000000003,2867.9999999999995,5025.879999999994,7825.0,169594.0
185,context_length_tokens,session_turn_index,185,tokens,273,254703.78021978022,114904.99345957238,39831.0,129550.20000000001,171112.0,222115.0,334311.0,409804.60000000003,451153.59999999957,581931.4399999995,659692.0,69534132.0
186,isl_tokens,session_turn_index,186,tokens,270,596.8518518518518,1364.1194773268567,6.0,28.0,49.75,136.0,440.25,1604.4999999999995,3946.549999999996,4960.3200000000015,14638.0,161150.0
186,osl_tokens,session_turn_index,186,tokens,270,529.5777777777778,968.0901241078031,2.0,37.0,83.25,244.5,572.0,1356.6999999999998,2167.35,4196.230000000002,10629.0,142986.0
186,context_length_tokens,session_turn_index,186,tokens,270,255823.92592592593,116049.94356726282,39932.0,129150.2,171320.0,221229.5,340585.5,413720.2,455767.84999999974,584515.78,661834.0,69072460.0
187,isl_tokens,session_turn_index,187,tokens,267,617.5730337078652,1544.3219150327263,6.0,28.0,57.0,178.0,594.0,1186.4,2263.4999999999977,8446.699999999995,16448.0,164892.0
187,osl_tokens,session_turn_index,187,tokens,267,547.3220973782771,922.8091136839854,1.0,32.0,72.0,240.0,617.5,1304.8000000000002,2255.7999999999997,4496.799999999988,8642.0,146135.0
187,context_length_tokens,session_turn_index,187,tokens,267,257270.14606741574,117023.1762427958,40081.0,129277.2,172070.5,221977.0,343735.0,414699.0,459338.6999999999,586707.3999999996,662067.0,68691129.0
188,isl_tokens,session_turn_index,188,tokens,265,513.0075471698113,1054.5263301952757,6.0,28.0,57.0,142.0,444.0,1377.5999999999992,2211.7999999999934,6172.24000000001,8765.0,135947.0
188,osl_tokens,session_turn_index,188,tokens,265,589.7396226415094,1016.6831959282481,1.0,37.0,91.0,235.0,581.0,1756.3999999999999,2372.0,4683.480000000003,9740.0,156281.0
188,context_length_tokens,session_turn_index,188,tokens,265,258719.83773584905,117835.80991788472,40186.0,130549.0,172361.0,223626.0,345323.0,416977.8,462275.19999999984,588143.0000000002,664507.0,68560757.0
189,isl_tokens,session_turn_index,189,tokens,262,491.8396946564886,1136.4466740698776,6.0,26.1,47.0,120.5,421.5,1057.9,2057.7,6349.739999999955,10220.0,128862.0
189,osl_tokens,session_turn_index,189,tokens,262,563.7824427480916,885.382499390006,1.0,32.0,74.0,291.5,620.25,1561.900000000001,2045.499999999999,5001.66999999999,5942.0,147711.0
189,context_length_tokens,session_turn_index,189,tokens,262,258916.30534351146,118668.59873861389,40336.0,129888.40000000001,173475.5,222120.0,343252.0,418822.7,465076.8499999999,592148.8399999999,665817.0,67836072.0
190,isl_tokens,session_turn_index,190,tokens,257,357.9571984435798,832.7256556773543,3.0,24.0,37.0,80.0,303.0,814.2,1343.6,3994.8799999999987,7840.0,91995.0
190,osl_tokens,session_turn_index,190,tokens,257,555.7976653696498,914.4056509390446,1.0,35.00000000000001,75.0,209.0,630.0,1566.6000000000001,2409.7999999999993,3392.44,8045.0,142840.0
190,context_length_tokens,session_turn_index,190,tokens,257,258712.49027237354,118665.43364585516,40434.0,129704.2,172477.0,221152.0,344303.0,418808.2,462351.39999999997,596460.2,669121.0,66489110.0
191,isl_tokens,session_turn_index,191,tokens,255,443.4470588235294,1014.093249058225,6.0,25.0,45.5,113.0,404.5,922.0,1868.3999999999996,5095.180000000009,10545.0,113079.0
191,osl_tokens,session_turn_index,191,tokens,255,556.8549019607843,955.6559796786595,1.0,32.0,61.0,215.0,585.0,1249.5999999999997,2321.5999999999985,4631.420000000008,7905.0,141998.0
191,context_length_tokens,session_turn_index,191,tokens,255,259896.00392156863,119714.46550916511,40585.0,129815.0,172673.0,221983.0,346358.0,421465.39999999997,467278.8,599804.4,670652.0,66273481.0
192,isl_tokens,session_turn_index,192,tokens,253,465.3873517786561,1462.0976593147325,6.0,26.400000000000006,48.0,128.0,383.0,1135.4,1286.199999999999,4793.039999999963,18944.0,117743.0
192,osl_tokens,session_turn_index,192,tokens,253,747.1383399209486,1313.8188764630397,1.0,37.0,70.0,251.0,777.0,1929.0,2835.599999999994,6352.999999999982,11000.0,189026.0
192,context_length_tokens,session_turn_index,192,tokens,253,259593.0671936759,119735.67802818425,40678.0,129898.2,172688.0,222466.0,346933.0,421215.4,461798.99999999977,603204.72,677115.0,65677046.0
193,isl_tokens,session_turn_index,193,tokens,253,341.7667984189723,575.5381782548229,6.0,25.0,43.0,117.0,347.0,941.0000000000001,1383.3999999999987,2555.4799999999973,4988.0,86467.0
193,osl_tokens,session_turn_index,193,tokens,253,697.0276679841897,1189.0370382313017,1.0,37.0,87.0,248.0,760.0,1918.4000000000005,2685.9999999999936,5284.919999999979,9662.0,176348.0
193,context_length_tokens,session_turn_index,193,tokens,253,260681.9723320158,120610.46648341535,40828.0,130008.8,173173.0,223634.0,348471.0,422197.60000000003,465244.9999999998,606828.2,685668.0,65952539.0
194,isl_tokens,session_turn_index,194,tokens,250,541.048,1194.694965962442,6.0,28.0,57.0,128.0,415.75,1348.1999999999998,2452.0999999999985,7313.709999999992,8390.0,135262.0
194,osl_tokens,session_turn_index,194,tokens,250,578.248,886.1975369498609,1.0,37.0,81.0,227.0,696.25,1632.7999999999993,2314.249999999999,3503.499999999995,8134.0,144562.0
194,context_length_tokens,session_turn_index,194,tokens,250,261570.976,121129.24180411361,40919.0,129970.6,174014.25,224294.0,349574.0,422620.6,464394.8,609265.33,688922.0,65392744.0
195,isl_tokens,session_turn_index,195,tokens,246,412.890243902439,855.1529983314243,10.0,26.5,49.25,132.0,323.0,1069.5,1833.0,3678.4000000000015,8149.0,101571.0
195,osl_tokens,session_turn_index,195,tokens,246,612.8536585365854,1049.4253493936715,1.0,32.0,70.75,223.5,652.75,1430.0,2404.25,5313.900000000007,7558.0,150762.0
195,context_length_tokens,session_turn_index,195,tokens,246,262632.0,122602.74882729234,41070.0,129653.5,174269.75,224199.5,351418.5,423642.5,465064.25,612657.05,693099.0,64607472.0
196,isl_tokens,session_turn_index,196,tokens,243,433.5473251028807,970.6533843840971,6.0,25.0,48.0,131.0,373.0,918.0,1828.899999999992,5520.639999999985,8124.0,105352.0
196,osl_tokens,session_turn_index,196,tokens,243,539.1358024691358,762.1456567702928,1.0,37.0,109.5,246.0,612.5,1337.6,2044.9999999999986,3734.219999999989,4911.0,131010.0
196,context_length_tokens,session_turn_index,196,tokens,243,263493.6255144033,123933.92060445205,41169.0,129479.8,174479.5,223157.0,352532.0,428192.2,471130.0999999999,614825.5,694743.0,64028951.0
197,isl_tokens,session_turn_index,197,tokens,239,476.1297071129707,1048.4611696101333,6.0,24.8,52.5,151.0,378.0,1076.2,1892.0999999999992,4999.480000000001,8469.0,113795.0
197,osl_tokens,session_turn_index,197,tokens,239,622.5774058577406,1162.1843492241474,1.0,36.0,75.5,244.0,599.0,1579.2000000000012,2341.6,5870.420000000003,9231.0,148796.0
197,context_length_tokens,session_turn_index,197,tokens,239,264494.05439330544,125435.29545563748,41318.0,129207.4,175360.5,221760.0,354274.5,430832.60000000003,480583.89999999997,618011.04,696774.0,63214079.0
198,isl_tokens,session_turn_index,198,tokens,239,398.8619246861925,893.8027508931964,6.0,24.0,38.0,107.0,313.5,880.6000000000009,1813.9999999999989,4612.900000000009,7860.0,95328.0
198,osl_tokens,session_turn_index,198,tokens,239,622.1422594142259,1071.683611048073,1.0,32.0,58.0,214.0,538.0,1796.6000000000022,2824.999999999999,5020.660000000001,7690.0,148692.0
198,context_length_tokens,session_turn_index,198,tokens,239,265515.49372384936,126095.74899128264,41412.0,129360.6,175942.5,222314.0,356336.5,432476.2,486900.2,622140.28,698293.0,63458203.0
199,isl_tokens,session_turn_index,199,tokens,238,425.57142857142856,917.8456743226222,6.0,28.0,49.0,117.5,378.5,1014.8000000000001,1958.9499999999957,4825.2399999999925,7176.0,101286.0
199,osl_tokens,session_turn_index,199,tokens,238,589.6470588235294,953.2474710056904,1.0,36.10000000000001,82.5,249.5,590.75,1570.7000000000003,2665.499999999999,3915.6899999999996,6282.0,140336.0
199,context_length_tokens,session_turn_index,199,tokens,238,266190.5882352941,126922.70922553528,41562.0,129379.2,176222.0,221537.0,358416.0,435029.10000000003,490061.35,623494.88,707230.0,63353360.0
200,isl_tokens,session_turn_index,200,tokens,237,430.39240506329116,874.3129683891071,6.0,28.0,47.0,122.0,347.0,1125.8000000000002,2050.9999999999995,4872.159999999987,6723.0,102003.0
200,osl_tokens,session_turn_index,200,tokens,237,545.8185654008439,832.9111247696422,1.0,37.0,69.0,223.0,591.0,1459.2000000000003,2493.799999999998,3892.839999999997,4310.0,129359.0
200,context_length_tokens,session_turn_index,200,tokens,237,266598.1983122363,127458.1471374164,41656.0,129382.2,176267.0,221679.0,360043.0,437863.20000000007,491378.0,624687.5199999999,708052.0,63183773.0
201,isl_tokens,session_turn_index,201,tokens,235,446.46382978723403,1148.1031024250822,6.0,25.0,47.0,131.0,397.0,836.9999999999995,1738.0999999999974,5664.54,11532.0,104919.0
201,osl_tokens,session_turn_index,201,tokens,235,630.4765957446808,1258.1056692441043,2.0,32.0,63.5,199.0,612.5,1346.9999999999989,3117.899999999993,6388.059999999993,10314.0,148162.0
201,context_length_tokens,session_turn_index,201,tokens,235,266493.84255319147,127986.8951103842,41806.0,129222.8,176310.0,222039.0,358074.5,440470.8,492009.99999999994,627786.7999999999,709012.0,62626053.0
202,isl_tokens,session_turn_index,202,tokens,234,448.1965811965812,981.2046297579303,6.0,26.3,48.0,130.5,354.25,1000.3000000000003,2339.25,4707.139999999999,8405.0,104878.0
202,osl_tokens,session_turn_index,202,tokens,234,559.7606837606837,1045.2813807535078,1.0,33.5,57.0,191.0,566.25,1204.7000000000016,2415.0999999999995,5890.809999999994,6756.0,130984.0
202,context_length_tokens,session_turn_index,202,tokens,234,267755.99145299144,129102.26029822652,41899.0,129189.6,176801.0,222020.0,358813.0,443622.4000000001,492835.05,629415.1099999999,711348.0,62654902.0
203,isl_tokens,session_turn_index,203,tokens,232,489.2758620689655,1051.003658957236,8.0,28.0,48.75,129.0,376.25,1294.4000000000008,2088.1499999999996,5700.0,8815.0,113512.0
203,osl_tokens,session_turn_index,203,tokens,232,654.8922413793103,1108.6792007991453,1.0,32.0,90.25,252.0,623.25,1834.2000000000003,3297.899999999998,5151.979999999998,7266.0,151935.0
203,context_length_tokens,session_turn_index,203,tokens,232,268457.5775862069,129748.60489085535,42049.0,128972.90000000001,176733.25,222418.5,362776.5,446206.10000000003,495721.85,631324.9099999999,712039.0,62282158.0
204,isl_tokens,session_turn_index,204,tokens,231,403.54112554112555,925.4677005487044,4.0,28.0,51.0,131.0,342.0,905.0,1567.0,3318.9999999999973,9182.0,93218.0
204,osl_tokens,session_turn_index,204,tokens,231,532.1558441558442,831.7568075874163,1.0,31.0,72.0,238.0,686.5,1352.0,1708.0,3914.9,6103.0,122928.0
204,context_length_tokens,session_turn_index,204,tokens,231,269367.9004329004,130719.88301272388,42175.0,129431.0,177134.0,223470.0,365125.0,450166.0,501125.5,635323.9999999998,712891.0,62223985.0
205,isl_tokens,session_turn_index,205,tokens,229,358.28384279475983,569.4888942340976,11.0,24.0,51.0,107.0,399.0,1075.6000000000004,1611.199999999999,2456.8799999999997,3730.0,82047.0
205,osl_tokens,session_turn_index,205,tokens,229,585.5327510917031,947.004371423412,1.0,37.0,80.0,250.0,563.0,1776.0000000000005,2421.7999999999997,4264.359999999999,8255.0,134087.0
205,context_length_tokens,session_turn_index,205,tokens,229,268828.9257641921,130122.41237693687,42326.0,129729.4,176955.0,219639.0,365704.0,451458.6,495686.39999999997,637431.6799999999,715482.0,61561824.0
206,isl_tokens,session_turn_index,206,tokens,226,410.146017699115,926.6207761266893,8.0,29.0,48.0,120.5,346.75,1064.0,1610.75,5073.0,8963.0,92693.0
206,osl_tokens,session_turn_index,206,tokens,226,567.2345132743363,939.8167317361996,1.0,32.0,91.0,232.5,615.75,1570.0,2164.75,3563.75,8259.0,128195.0
206,context_length_tokens,session_turn_index,206,tokens,226,268258.15486725664,129549.668403984,42437.0,129866.5,176693.25,218766.5,367467.75,451773.0,493934.25,639867.5,716734.0,60626343.0
207,isl_tokens,session_turn_index,207,tokens,224,558.6964285714286,1450.934190070596,6.0,28.0,54.25,132.5,321.0,1046.0000000000016,2303.2,7894.88,8794.0,125148.0
207,osl_tokens,session_turn_index,207,tokens,224,545.9375,951.0000026405476,1.0,37.0,62.0,196.5,592.75,1260.000000000001,2466.25,4024.3700000000017,8393.0,122290.0
207,context_length_tokens,session_turn_index,207,tokens,224,269799.79464285716,130654.7881334584,42537.0,130020.8,177584.25,222120.0,368457.5,453308.60000000003,496648.8,642629.4800000002,720114.0,60435154.0
208,isl_tokens,session_turn_index,208,tokens,221,412.9547511312217,828.6057131210194,6.0,28.0,49.0,143.0,355.0,1040.0,1887.0,3449.200000000003,6589.0,91263.0
208,osl_tokens,session_turn_index,208,tokens,221,511.0769230769231,789.7451266855429,1.0,32.0,68.0,203.0,586.0,1379.0,2255.0,3385.6000000000004,5769.0,112948.0
208,context_length_tokens,session_turn_index,208,tokens,221,270205.4117647059,131629.20374791487,42700.0,131265.0,178006.0,224914.0,369984.0,458597.0,498525.0,647036.0000000002,720956.0,59715396.0
209,isl_tokens,session_turn_index,209,tokens,218,408.20183486238534,799.85195625393,6.0,28.0,48.0,140.5,337.0,1134.600000000001,1945.2999999999972,3301.9199999999946,7510.0,88988.0
209,osl_tokens,session_turn_index,209,tokens,218,596.2247706422019,974.3501197722392,1.0,32.0,68.5,215.0,632.25,1535.0000000000014,2368.4499999999975,4289.999999999992,7401.0,129977.0
209,context_length_tokens,session_turn_index,209,tokens,218,272241.2339449541,132631.52122536846,42804.0,131053.8,178951.5,227029.5,371681.25,459542.9,500238.7499999998,650220.9099999996,723075.0,59348589.0
210,isl_tokens,session_turn_index,210,tokens,218,416.48623853211006,1168.834396371401,6.0,24.700000000000003,49.5,112.5,327.0,925.7000000000003,1725.6499999999992,3151.5599999999977,14881.0,90794.0
210,osl_tokens,session_turn_index,210,tokens,218,439.0275229357798,586.2969385558133,1.0,37.0,82.75,248.0,543.5,1054.3000000000006,1495.8499999999995,2634.909999999997,4398.0,95708.0
210,context_length_tokens,session_turn_index,210,tokens,218,273253.9449541284,133370.39252183432,42901.0,131219.9,179505.5,227455.0,373087.25,462618.2,502172.99999999977,651103.9899999996,726891.0,59569360.0
211,isl_tokens,session_turn_index,211,tokens,215,376.04651162790697,755.2066944387084,6.0,28.0,46.5,134.0,324.5,1001.7999999999996,1482.099999999998,3784.9599999999846,6914.0,80850.0
211,osl_tokens,session_turn_index,211,tokens,215,630.1674418604651,1248.8541240377172,1.0,32.0,57.5,207.0,511.0,1538.9999999999998,2538.3999999999983,6049.059999999993,9530.0,135486.0
211,context_length_tokens,session_turn_index,211,tokens,215,272798.22325581394,134162.35097559594,43057.0,130929.6,178878.5,227091.0,372845.5,463953.8,505072.9999999998,654108.2799999996,728031.0,58651618.0
212,isl_tokens,session_turn_index,212,tokens,214,439.97196261682245,803.6541714265461,6.0,28.0,48.0,148.0,478.0,1123.6000000000004,2028.7,3451.140000000002,6945.0,94154.0
212,osl_tokens,session_turn_index,212,tokens,214,608.1401869158879,1148.3714917879872,1.0,32.0,68.25,240.0,591.0,1401.1000000000004,2272.9499999999994,4883.060000000001,11238.0,130142.0
212,context_length_tokens,session_turn_index,212,tokens,214,274004.44859813084,135017.4591899056,43181.0,130897.4,179261.0,224137.5,377414.5,466105.9,506675.39999999997,656635.7300000001,731020.0,58636952.0
213,isl_tokens,session_turn_index,213,tokens,213,446.25821596244134,1371.1175606961642,5.0,25.0,48.0,117.0,356.0,847.8,1219.5999999999965,5292.399999999996,15158.0,95053.0
213,osl_tokens,session_turn_index,213,tokens,213,530.7183098591549,925.9993588925663,1.0,32.0,77.0,207.0,606.0,1235.400000000001,2079.399999999995,3871.119999999998,7866.0,113043.0
213,context_length_tokens,session_turn_index,213,tokens,213,274645.94366197183,135703.2830587271,43273.0,130850.40000000001,180610.0,228988.0,380951.0,468048.0,508795.1999999997,658992.3599999999,732812.0,58499586.0
214,isl_tokens,session_turn_index,214,tokens,212,507.7641509433962,1484.124642275434,11.0,28.0,48.0,95.5,340.0,690.0,1685.3499999999974,9923.95999999995,11684.0,107646.0
214,osl_tokens,session_turn_index,214,tokens,212,528.3867924528302,973.6477228070979,1.0,32.0,84.75,242.0,538.0,1126.0000000000005,1768.1499999999996,5352.709999999998,7264.0,112018.0
214,context_length_tokens,session_turn_index,214,tokens,212,276078.53773584904,136380.41075388915,43527.0,130788.7,180461.75,229236.5,383521.5,469589.1,513132.5999999998,659930.1499999996,734611.0,58528650.0
215,isl_tokens,session_turn_index,215,tokens,209,440.05263157894734,1141.872441155782,5.0,28.0,47.0,134.0,349.0,1032.600000000001,1610.5999999999997,4397.159999999986,12932.0,91971.0
215,osl_tokens,session_turn_index,215,tokens,209,543.8421052631579,889.7150121361606,1.0,32.0,58.0,226.0,621.0,1316.800000000003,2265.2,4985.399999999981,5562.0,113663.0
215,context_length_tokens,session_turn_index,215,tokens,209,275824.8899521531,137217.9255414778,43624.0,130407.0,180857.0,225541.0,385253.0,470757.60000000003,518449.1999999999,662799.5999999996,735884.0,57647402.0
216,isl_tokens,session_turn_index,216,tokens,208,438.10096153846155,1153.8702660040713,6.0,24.700000000000003,36.5,105.0,284.25,809.9000000000003,2034.0999999999929,5290.120000000006,9479.0,91125.0
216,osl_tokens,session_turn_index,216,tokens,208,560.1586538461538,1012.7166191933928,1.0,32.0,55.5,200.0,520.75,1228.7000000000003,3088.399999999986,5271.0400000000045,5898.0,116513.0
216,context_length_tokens,session_turn_index,216,tokens,208,277027.6346153846,138127.28224115624,43783.0,130382.90000000001,180866.25,225182.0,386131.0,472048.6,522184.1999999995,664271.7100000002,739431.0,57621748.0
217,isl_tokens,session_turn_index,217,tokens,204,418.76960784313724,987.0469727075904,6.0,24.0,47.0,118.5,341.0,974.0,1562.7999999999997,5568.499999999999,7127.0,85429.0
217,osl_tokens,session_turn_index,217,tokens,204,602.2794117647059,937.7549720557819,1.0,32.0,69.75,220.5,618.0,1971.1000000000015,2856.699999999998,4289.24,5585.0,122865.0
217,context_length_tokens,session_turn_index,217,tokens,204,278273.5539215686,139506.14051546837,43877.0,129837.4,180549.5,225962.0,387106.75,473150.1,527404.0999999999,669476.1799999999,744831.0,56767805.0
218,isl_tokens,session_turn_index,218,tokens,201,455.88557213930346,1112.1535569200623,6.0,25.0,48.0,107.0,348.0,1070.0,1727.0,6978.0,9402.0,91633.0
218,osl_tokens,session_turn_index,218,tokens,201,545.9154228855722,897.0079883452373,1.0,32.0,54.0,198.0,585.0,1650.0,2355.0,4255.0,6131.0,109729.0
218,context_length_tokens,session_turn_index,218,tokens,201,277063.32835820894,138508.00430807102,44030.0,129500.0,180910.0,222754.0,387658.0,475899.0,510977.0,672529.0,749802.0,55689729.0
219,isl_tokens,session_turn_index,219,tokens,200,386.295,739.1112825380221,12.0,28.0,48.75,122.5,344.25,1004.4999999999999,1700.4499999999998,3557.3499999999967,6234.0,77259.0
219,osl_tokens,session_turn_index,219,tokens,200,630.495,1191.1863917855173,1.0,31.900000000000002,55.0,187.0,622.0,1465.4999999999993,2588.2,6084.129999999992,8777.0,126099.0
219,context_length_tokens,session_turn_index,219,tokens,200,277827.82,139481.4354979099,44123.0,129271.40000000001,181333.75,221570.0,388364.25,478805.7,514974.74999999965,674357.7999999999,753693.0,55565564.0
220,isl_tokens,session_turn_index,220,tokens,199,466.5829145728643,1284.6946186645587,6.0,24.0,46.0,124.0,427.5,941.2,1329.7999999999993,5600.840000000021,14311.0,92850.0
220,osl_tokens,session_turn_index,220,tokens,199,652.9899497487437,1167.885487734909,1.0,32.0,72.0,215.0,644.0,1664.8000000000015,2646.2,6478.080000000006,7131.0,129945.0
220,context_length_tokens,session_turn_index,220,tokens,199,278275.5728643216,140328.24399309067,44226.0,129072.40000000001,181684.5,220309.0,383218.5,481371.0,516801.3999999999,676444.06,759906.0,55376839.0
221,isl_tokens,session_turn_index,221,tokens,198,434.73737373737373,1075.7710843748036,6.0,28.0,51.25,142.5,373.0,744.7,1250.899999999999,5913.6900000000005,9582.0,86078.0
221,osl_tokens,session_turn_index,221,tokens,198,595.1868686868687,1137.3783697561619,1.0,32.0,64.5,252.0,573.5,1350.3000000000038,2175.699999999999,5569.070000000002,9458.0,117847.0
221,context_length_tokens,session_turn_index,221,tokens,198,279584.2474747475,141294.15551004699,44379.0,128897.70000000001,181802.75,219948.5,387295.75,483056.60000000003,518962.9499999995,678935.52,764654.0,55357681.0
222,isl_tokens,session_turn_index,222,tokens,197,453.1472081218274,1102.3071299717797,6.0,28.0,43.0,128.0,420.0,1046.2000000000005,1970.3999999999996,3978.759999999995,12337.0,89270.0
222,osl_tokens,session_turn_index,222,tokens,197,560.0558375634517,805.4520954721271,1.0,32.0,82.0,261.0,689.0,1405.6000000000004,2208.5999999999985,3767.999999999996,4906.0,110331.0
222,context_length_tokens,session_turn_index,222,tokens,197,279683.5228426396,141679.8657454562,44478.0,128793.8,181860.0,220697.0,377546.0,486621.4,521677.3999999998,680935.16,768144.0,55097654.0
223,isl_tokens,session_turn_index,223,tokens,194,377.97938144329896,723.4101655465676,6.0,28.0,55.0,134.0,311.75,984.9000000000003,1737.8499999999972,2529.4899999999952,6830.0,73328.0
223,osl_tokens,session_turn_index,223,tokens,194,639.2268041237113,1047.8870345698926,1.0,39.3,99.25,242.5,633.75,1705.400000000001,2911.999999999998,4826.029999999993,6497.0,124010.0
223,context_length_tokens,session_turn_index,223,tokens,194,280973.5,143068.47305925834,44628.0,128170.2,175218.5,222073.0,389099.5,488412.60000000003,527007.1499999999,685003.11,771651.0,54508859.0
224,isl_tokens,session_turn_index,224,tokens,192,483.3489583333333,1127.0979780775117,11.0,28.0,49.0,143.5,346.25,1139.6000000000001,2399.1999999999985,4669.360000000013,9471.0,92803.0
224,osl_tokens,session_turn_index,224,tokens,192,594.5520833333334,983.0182567585709,1.0,32.0,63.0,210.0,539.0,1415.7,3143.2999999999993,4587.030000000001,4728.0,114154.0
224,context_length_tokens,session_turn_index,224,tokens,192,282875.4270833333,144224.02412994258,44734.0,127952.5,179468.5,225478.0,393443.25,490399.2,530717.9499999997,687626.51,772753.0,54312082.0
225,isl_tokens,session_turn_index,225,tokens,190,359.41052631578947,799.744663130043,6.0,28.0,48.0,97.5,295.25,702.5999999999999,1399.0499999999997,4123.549999999985,6303.0,68288.0
225,osl_tokens,session_turn_index,225,tokens,190,454.2315789473684,726.8850332991793,1.0,32.0,52.25,161.5,509.5,1269.4999999999998,1901.4499999999966,3165.609999999986,5554.0,86304.0
225,context_length_tokens,session_turn_index,225,tokens,190,282485.43157894735,145086.0984665133,44843.0,127358.6,174394.0,224373.5,391532.25,491121.1,534844.2499999995,690446.66,776500.0,53672232.0
226,isl_tokens,session_turn_index,226,tokens,190,337.81052631578945,600.4256173702615,5.0,28.0,43.5,101.5,313.25,844.5999999999997,1464.8999999999987,3076.8899999999985,3604.0,64184.0
226,osl_tokens,session_turn_index,226,tokens,190,528.0,859.6200262172143,1.0,32.0,73.25,236.5,532.0,1304.3,2453.699999999997,3813.2699999999727,6035.0,100320.0
226,context_length_tokens,session_turn_index,226,tokens,190,283277.4736842105,145693.16621255365,45078.0,127489.00000000001,174536.5,225781.0,392547.0,494473.5,536729.5499999996,692798.71,778928.0,53822720.0
227,isl_tokens,session_turn_index,227,tokens,188,367.24468085106383,979.1646427328193,6.0,29.0,47.75,82.5,255.75,642.8000000000002,1342.800000000001,5249.949999999989,8530.0,69042.0
227,osl_tokens,session_turn_index,227,tokens,188,517.7659574468086,1191.8746759187493,4.0,32.0,72.0,181.5,524.25,993.3000000000002,1707.2000000000007,4925.5299999999925,12817.0,97340.0
227,context_length_tokens,session_turn_index,227,tokens,188,281440.8085106383,143988.58648545848,45175.0,126500.79999999999,171838.0,225656.5,382575.0,495137.2,521425.4,693781.97,782384.0,52910872.0
228,isl_tokens,session_turn_index,228,tokens,188,373.47340425531917,710.0979662223318,5.0,28.0,49.0,133.0,346.5,900.4000000000011,1336.1000000000001,3937.1899999999987,4953.0,70213.0
228,osl_tokens,session_turn_index,228,tokens,188,579.531914893617,1021.887315290513,2.0,31.7,57.5,196.5,663.25,1647.0000000000011,2395.8500000000013,3499.26,10294.0,108952.0
228,context_length_tokens,session_turn_index,228,tokens,188,282332.0478723404,144663.83930616835,45349.0,126695.9,171976.5,226519.5,384019.5,497759.5,521673.7,695893.44,784438.0,53078425.0
229,isl_tokens,session_turn_index,229,tokens,184,513.6195652173913,1841.9214467883644,6.0,29.0,50.0,141.0,351.25,920.9000000000013,1357.3,5333.969999999981,22706.0,94506.0
229,osl_tokens,session_turn_index,229,tokens,184,626.1304347826087,1173.715354328624,1.0,32.0,59.75,244.0,670.5,1544.9000000000005,2241.55,4956.629999999968,10853.0,115208.0
229,context_length_tokens,session_turn_index,229,tokens,184,282614.89130434784,142968.62361622023,45478.0,124327.90000000001,172506.5,229043.0,387103.75,497087.6000000001,523053.9,682052.9199999998,785753.0,52001140.0
230,isl_tokens,session_turn_index,230,tokens,183,666.1693989071039,1729.9819035482876,13.0,29.0,56.5,126.0,346.0,1283.0000000000005,3315.3000000000015,8808.480000000003,10793.0,121909.0
230,osl_tokens,session_turn_index,230,tokens,183,601.9016393442623,1292.4966737006976,1.0,31.2,52.0,226.0,598.0,1414.400000000002,2231.800000000001,6795.580000000003,12678.0,110148.0
230,context_length_tokens,session_turn_index,230,tokens,183,283892.0710382514,143975.18131838425,45632.0,123752.0,176682.0,229504.0,393589.0,500546.00000000006,527673.4,684408.7600000001,788149.0,51952249.0
231,isl_tokens,session_turn_index,231,tokens,182,562.2197802197802,1856.4866457861658,6.0,29.0,52.25,139.5,360.0,825.4000000000001,1634.1999999999996,8819.999999999993,18480.0,102324.0
231,osl_tokens,session_turn_index,231,tokens,182,418.8791208791209,761.5484202447334,1.0,32.0,60.5,229.0,522.0,740.1000000000001,1515.0499999999975,2507.439999999998,8314.0,76236.0
231,context_length_tokens,session_turn_index,231,tokens,182,285397.3021978022,144877.07723742645,45726.0,123356.8,180937.25,230653.5,396857.75,502083.9,530617.4999999999,686011.6499999999,789754.0,51942309.0
232,isl_tokens,session_turn_index,232,tokens,182,350.14285714285717,670.0718523293934,6.0,28.0,48.5,121.0,341.0,769.7000000000003,1317.7999999999988,3859.94,4953.0,63726.0
232,osl_tokens,session_turn_index,232,tokens,182,538.9010989010989,846.2158695692726,7.0,32.0,61.25,215.5,549.0,1488.0000000000011,2327.949999999998,3829.0499999999997,5384.0,98080.0
232,context_length_tokens,session_turn_index,232,tokens,182,286166.3241758242,145407.29955148898,45886.0,123716.6,181770.5,231176.5,398633.75,503278.10000000003,531453.8,686872.7,792306.0,52082271.0
233,isl_tokens,session_turn_index,233,tokens,182,347.532967032967,978.0165825416058,6.0,28.1,48.0,115.0,294.5,702.1000000000001,1208.0499999999993,3674.5499999999984,11576.0,63251.0
233,osl_tokens,session_turn_index,233,tokens,182,467.27472527472526,718.6212618150237,1.0,32.0,46.0,210.5,558.5,1097.6000000000004,1661.8499999999988,3822.3399999999983,4505.0,85044.0
233,context_length_tokens,session_turn_index,233,tokens,182,287052.7582417582,146091.07910383088,45979.0,123796.40000000001,182018.0,231991.5,400122.25,504349.4,536602.0,688919.48,797309.0,52243602.0
234,isl_tokens,session_turn_index,234,tokens,182,480.63186813186815,1308.6265225296095,6.0,28.0,46.0,128.5,336.0,958.0000000000005,1859.5499999999968,7780.379999999998,11480.0,87475.0
234,osl_tokens,session_turn_index,234,tokens,182,458.5934065934066,820.0099433600022,1.0,31.1,53.0,160.5,507.0,1047.0,1874.349999999998,4597.439999999999,6132.0,83464.0
234,context_length_tokens,session_turn_index,234,tokens,182,288000.66483516485,146551.55081937378,46129.0,123902.50000000001,185307.5,233183.5,401351.75,504931.80000000005,537779.35,691042.1,801978.0,52416121.0
235,isl_tokens,session_turn_index,235,tokens,182,327.72527472527474,657.8274359701292,9.0,28.0,48.0,129.5,349.0,655.1000000000001,1079.6999999999994,3374.179999999999,5852.0,59646.0
235,osl_tokens,session_turn_index,235,tokens,182,570.7362637362637,975.928578218633,1.0,32.0,67.5,252.0,659.0,1311.1000000000001,2077.3499999999995,5306.749999999999,7972.0,103874.0
235,context_length_tokens,session_turn_index,235,tokens,182,288786.9835164835,147122.85263920602,46229.0,124760.00000000001,186246.75,234357.5,403459.0,505584.10000000003,543680.4999999999,692650.3899999999,805359.0,52559231.0
236,isl_tokens,session_turn_index,236,tokens,180,294.59444444444443,575.5342802534994,11.0,28.0,48.75,106.0,252.75,710.6999999999999,1080.3999999999999,3204.3900000000053,4564.0,53027.0
236,osl_tokens,session_turn_index,236,tokens,180,606.8722222222223,1012.5740029502127,2.0,32.0,84.0,208.5,598.5,1615.3999999999996,2725.1999999999985,4479.090000000004,6573.0,109237.0
236,context_length_tokens,session_turn_index,236,tokens,180,289350.89444444445,148126.70138370272,46374.0,124181.8,185015.75,234762.5,403832.5,507512.69999999995,547350.5499999999,694366.5200000001,806811.0,52083161.0
237,isl_tokens,session_turn_index,237,tokens,180,453.4166666666667,998.0879936436244,6.0,29.0,47.0,119.0,338.5,958.899999999999,2110.799999999994,5465.000000000002,5977.0,81615.0
237,osl_tokens,session_turn_index,237,tokens,180,465.8722222222222,683.9509975182234,1.0,32.0,61.75,222.0,479.5,1367.9999999999998,1933.899999999999,3214.2900000000004,4419.0,83857.0
237,context_length_tokens,session_turn_index,237,tokens,180,290411.18333333335,148750.7273165216,46471.0,124642.6,185142.25,236258.5,407513.25,509177.3,549884.9999999999,695518.2600000002,812846.0,52274013.0
238,isl_tokens,session_turn_index,238,tokens,177,461.82485875706215,1143.1143691035334,6.0,29.0,57.0,149.0,357.0,921.0000000000002,1638.9999999999993,5624.640000000043,9598.0,81743.0
238,osl_tokens,session_turn_index,238,tokens,177,578.2372881355932,1130.843048434006,1.0,32.0,68.0,197.0,515.0,1509.200000000001,2381.5999999999967,5530.680000000003,9567.0,102348.0
238,context_length_tokens,session_turn_index,238,tokens,177,290358.29378531076,149907.3291274969,46617.0,124564.2,182089.0,228793.0,406961.0,512277.60000000003,552599.2,698300.2000000002,813677.0,51393418.0
239,isl_tokens,session_turn_index,239,tokens,174,336.6264367816092,769.7898306934352,7.0,28.0,47.0,122.0,320.0,702.4000000000003,1178.749999999997,3935.110000000004,7570.0,58573.0
239,osl_tokens,session_turn_index,239,tokens,174,431.7413793103448,606.8662266293824,4.0,32.0,52.5,210.0,585.25,1073.500000000002,1704.8499999999985,2945.7400000000007,3342.0,75123.0
239,context_length_tokens,session_turn_index,239,tokens,174,288379.8218390805,149112.88687702882,46710.0,124525.8,180093.5,227638.5,406262.0,508429.9000000001,541670.4999999999,701437.6000000002,819348.0,50178089.0
240,isl_tokens,session_turn_index,240,tokens,172,557.7151162790698,1415.8964188249313,6.0,28.0,46.0,138.5,340.0,1304.8000000000006,3029.6999999999994,5624.349999999997,14026.0,95927.0
240,osl_tokens,session_turn_index,240,tokens,172,494.9825581395349,963.0791973630497,1.0,31.0,49.75,173.5,533.5,1098.8000000000002,1705.0999999999995,4239.349999999999,8637.0,85137.0
240,context_length_tokens,session_turn_index,240,tokens,172,288623.0465116279,149792.90831095327,46857.0,125437.90000000001,179482.5,228700.5,395596.25,510759.8,543950.5499999998,704240.2499999998,821172.0,49643164.0
241,isl_tokens,session_turn_index,241,tokens,171,385.67251461988303,777.4803420196615,9.0,24.0,45.5,102.0,378.0,838.0,1261.5,3277.700000000008,6727.0,65950.0
241,osl_tokens,session_turn_index,241,tokens,171,547.3684210526316,825.4124533026489,1.0,32.0,97.5,282.0,615.0,1108.0,2396.0,3829.0000000000045,4498.0,93600.0
241,context_length_tokens,session_turn_index,241,tokens,171,289849.7426900585,150755.520691221,46961.0,125301.0,179801.0,228414.0,402484.0,511431.0,546650.5,706479.5000000003,824616.0,49564306.0
242,isl_tokens,session_turn_index,242,tokens,170,432.5529411764706,920.4082215278476,6.0,29.0,48.25,111.5,332.5,1061.6999999999998,1869.0499999999936,4975.200000000003,6199.0,73534.0
242,osl_tokens,session_turn_index,242,tokens,170,550.2647058823529,1025.7437505027763,1.0,31.900000000000002,54.75,206.0,555.25,1513.8,2130.8999999999937,4223.490000000004,9145.0,93545.0
242,context_length_tokens,session_turn_index,242,tokens,170,291227.3823529412,151720.7901849382,47069.0,125341.8,183028.75,229075.5,409133.5,513326.29999999993,548104.3999999997,710445.8300000001,825359.0,49508655.0
243,isl_tokens,session_turn_index,243,tokens,167,493.9101796407186,1673.2723106133194,6.0,28.6,49.5,81.0,295.0,802.8000000000001,1604.199999999997,7859.160000000029,15188.0,82483.0
243,osl_tokens,session_turn_index,243,tokens,167,502.31736526946105,677.221083757198,1.0,36.2,71.5,266.0,621.0,1212.0,1637.9999999999995,3204.900000000002,4388.0,83887.0
243,context_length_tokens,session_turn_index,243,tokens,167,291290.7784431138,151886.48275289912,47304.0,125282.0,181895.0,228963.0,406296.5,516913.80000000005,537826.5,714254.2600000001,826878.0,48645560.0
244,isl_tokens,session_turn_index,244,tokens,165,321.44242424242424,529.3200137800029,6.0,28.0,49.0,113.0,320.0,923.9999999999998,1277.1999999999991,2289.0399999999822,3884.0,53038.0
244,osl_tokens,session_turn_index,244,tokens,165,607.0484848484848,925.2576958392864,2.0,34.000000000000014,81.0,254.0,724.0,1723.1999999999994,2492.7999999999984,3856.039999999997,6416.0,100163.0
244,context_length_tokens,session_turn_index,244,tokens,165,290266.4666666667,152037.2939072011,47427.0,125308.6,181387.0,228078.0,396249.0,513439.6,538624.6,716963.3599999994,827271.0,47893967.0
245,isl_tokens,session_turn_index,245,tokens,164,398.6280487804878,1416.1187990827975,13.0,29.0,51.75,145.5,306.0,716.3000000000005,1095.8,2780.1400000000012,17514.0,65375.0
245,osl_tokens,session_turn_index,245,tokens,164,637.2743902439024,1188.0522558014322,1.0,33.5,80.25,270.0,585.25,1165.3000000000015,3357.55,5091.020000000006,9274.0,104513.0
245,context_length_tokens,session_turn_index,245,tokens,164,288909.23170731706,149977.59619716692,47634.0,125690.8,180308.25,228942.0,393800.5,514141.9000000001,539215.3,719322.3800000002,828910.0,47381114.0
246,isl_tokens,session_turn_index,246,tokens,164,323.25,601.5510782095914,6.0,28.0,46.0,85.5,277.5,900.4000000000026,1788.0499999999993,2850.540000000002,3292.0,53013.0
246,osl_tokens,session_turn_index,246,tokens,164,632.8719512195122,1210.0080838043202,1.0,31.3,84.75,220.5,495.75,1828.9000000000033,3325.85,5265.780000000003,9006.0,103791.0
246,context_length_tokens,session_turn_index,246,tokens,164,289869.756097561,150648.70593431732,47738.0,125822.7,180620.5,229158.0,394862.25,514914.70000000007,542268.65,722181.5000000002,829555.0,47538640.0
247,isl_tokens,session_turn_index,247,tokens,163,407.95705521472394,761.1632956028052,6.0,29.0,50.5,143.0,417.0,1028.8000000000006,1451.7000000000012,2991.4199999999983,7085.0,66497.0
247,osl_tokens,session_turn_index,247,tokens,163,602.4969325153374,914.3816602178424,2.0,33.0,106.5,235.0,603.5,1655.2000000000003,2408.1,4301.859999999998,4956.0,98207.0
247,context_length_tokens,session_turn_index,247,tokens,163,291323.0,151696.80546405716,47844.0,125838.8,179590.5,230195.0,397127.5,515811.4,546546.8,728545.0999999997,830071.0,47485649.0
248,isl_tokens,session_turn_index,248,tokens,163,362.19018404907973,875.0832146382902,6.0,28.0,57.0,164.0,400.0,743.6000000000006,1067.4000000000003,2752.899999999998,10155.0,59037.0
248,osl_tokens,session_turn_index,248,tokens,163,648.760736196319,1209.4180968287524,1.0,32.199999999999996,110.5,265.0,554.0,1675.6000000000004,2422.6000000000004,6304.939999999991,10045.0,105748.0
248,context_length_tokens,session_turn_index,248,tokens,163,292287.6871165644,152153.04194909226,47952.0,126183.4,180296.0,231870.0,397639.5,517274.60000000003,547946.5,731788.7399999998,830361.0,47642893.0
249,isl_tokens,session_turn_index,249,tokens,163,388.07975460122697,965.0265515378039,6.0,28.0,50.0,130.0,308.0,821.8000000000001,1521.1000000000015,3466.9999999999936,10458.0,63257.0
249,osl_tokens,session_turn_index,249,tokens,163,609.601226993865,1262.0379299710494,3.0,32.0,74.5,251.0,617.5,1380.2000000000007,2310.300000000001,6137.119999999991,11460.0,99365.0
249,context_length_tokens,session_turn_index,249,tokens,163,293324.52760736196,152916.51784866437,48217.0,126711.8,180640.0,232793.0,398651.0,517640.60000000003,549675.5,737472.1399999998,833770.0,47811898.0
250,isl_tokens,session_turn_index,250,tokens,162,360.37654320987656,751.9883356679431,7.0,28.0,56.0,116.5,319.25,835.3000000000001,1362.6999999999998,4020.7199999999666,5990.0,58381.0
250,osl_tokens,session_turn_index,250,tokens,162,569.5555555555555,1117.3285158563167,2.0,32.0,58.5,181.0,509.5,1309.5,2710.5999999999985,6043.459999999998,8748.0,92268.0
250,context_length_tokens,session_turn_index,250,tokens,162,293620.1234567901,153716.7621929888,48351.0,127033.7,179637.75,232682.0,400050.75,518822.0,551527.5499999999,739397.4899999994,835352.0,47566460.0
251,isl_tokens,session_turn_index,251,tokens,159,355.8301886792453,765.6821039907245,6.0,24.0,48.0,132.0,275.5,767.2000000000006,1365.6999999999998,3913.3199999999706,6353.0,56577.0
251,osl_tokens,session_turn_index,251,tokens,159,583.4465408805031,865.0152625097588,1.0,45.0,108.0,261.0,621.0,1685.0000000000007,2481.4999999999995,3935.119999999988,5451.0,92768.0
251,context_length_tokens,session_turn_index,251,tokens,159,295265.38364779874,154742.73059211663,48461.0,129293.2,182104.5,234247.0,402510.0,521949.2000000002,554062.1,743668.7999999995,837197.0,46947196.0
252,isl_tokens,session_turn_index,252,tokens,158,361.9240506329114,832.8398462018775,6.0,28.0,47.0,83.5,284.0,628.2000000000002,1821.6500000000008,4419.590000000009,5811.0,57184.0
252,osl_tokens,session_turn_index,252,tokens,158,491.67721518987344,1001.4210426542503,1.0,31.0,48.5,172.5,405.75,1170.700000000001,2090.0500000000015,4340.34,8878.0,77685.0
252,context_length_tokens,session_turn_index,252,tokens,158,296550.43670886074,155851.4178998229,48682.0,129126.6,181280.25,233227.5,408534.5,525363.4000000001,558908.5,746895.9300000003,840760.0,46854969.0
253,isl_tokens,session_turn_index,253,tokens,157,358.5222929936306,947.2805702654232,6.0,23.0,37.0,77.0,251.0,734.2,1053.799999999999,5406.599999999998,7361.0,56288.0
253,osl_tokens,session_turn_index,253,tokens,157,588.2866242038217,1117.773492379806,2.0,35.00000000000001,68.0,243.0,618.0,1208.4000000000008,2126.1999999999994,5538.839999999998,8779.0,92361.0
253,context_length_tokens,session_turn_index,253,tokens,157,297854.7898089172,156858.062195071,48900.0,128921.2,180468.0,234627.0,413190.0,526561.8,563330.4,750529.5199999999,842109.0,46763202.0
254,isl_tokens,session_turn_index,254,tokens,157,282.87261146496814,547.8403194538487,6.0,28.0,42.0,102.0,244.0,645.2,1010.9999999999993,2877.8399999999992,4058.0,44411.0
254,osl_tokens,session_turn_index,254,tokens,157,493.7452229299363,867.1967569954478,5.0,31.0,58.0,161.0,520.0,1151.6000000000006,1804.5999999999967,4129.399999999998,6625.0,77518.0
254,context_length_tokens,session_turn_index,254,tokens,157,298725.949044586,157457.41630537534,49046.0,129036.2,181446.0,234713.0,419116.0,532081.8,565006.2,752267.9199999999,843397.0,46899974.0
255,isl_tokens,session_turn_index,255,tokens,156,242.5,391.2452096864115,6.0,24.0,49.5,117.5,251.25,453.5,1224.75,1757.6499999999999,2892.0,37830.0
255,osl_tokens,session_turn_index,255,tokens,156,493.5128205128205,749.3738795648644,1.0,32.0,83.25,213.5,601.25,1192.0,1938.5,4106.749999999999,4313.0,76988.0
255,context_length_tokens,session_turn_index,255,tokens,156,299909.9166666667,158319.1061006203,49172.0,129715.5,182035.5,236101.0,425402.5,532694.5,566964.5,753881.9999999994,847203.0,46785947.0
256,isl_tokens,session_turn_index,256,tokens,154,417.53246753246754,980.0166323053961,3.0,28.0,48.5,108.0,289.75,936.7000000000005,1991.449999999997,4634.289999999999,8325.0,64300.0
256,osl_tokens,session_turn_index,256,tokens,154,558.2792207792207,842.3598769501648,1.0,32.0,95.5,269.5,645.5,1570.5000000000002,2017.1999999999994,4157.82,5401.0,85975.0
256,context_length_tokens,session_turn_index,256,tokens,154,301336.9220779221,159453.65194355627,49355.0,129121.2,184401.0,236292.5,432798.5,534200.8,569244.1,756411.3899999999,848897.0,46405886.0
257,isl_tokens,session_turn_index,257,tokens,149,311.48322147651004,676.4866363658401,5.0,28.0,47.0,116.0,266.0,884.0000000000009,1189.9999999999993,2262.6000000000113,6865.0,46411.0
257,osl_tokens,session_turn_index,257,tokens,149,506.89261744966444,760.7409770129198,1.0,32.0,56.0,254.0,618.0,1083.2000000000016,2098.1999999999994,3507.0400000000054,5591.0,75527.0
257,context_length_tokens,session_turn_index,257,tokens,149,300391.36912751675,161983.69757948318,49495.0,127669.2,181541.0,232295.0,436967.0,540977.2000000001,571625.7999999999,760111.6000000006,852981.0,44758314.0
258,isl_tokens,session_turn_index,258,tokens,146,353.06164383561645,746.2018183670448,6.0,28.0,51.0,93.5,294.0,926.5,1290.75,4071.200000000022,5594.0,51547.0
258,osl_tokens,session_turn_index,258,tokens,146,560.1643835616438,905.5552828172991,8.0,32.0,55.0,173.0,536.25,1458.0,2927.25,4012.0500000000097,4776.0,81784.0
258,context_length_tokens,session_turn_index,258,tokens,146,302020.08904109587,163960.8334717543,49629.0,127732.5,182137.75,232189.0,439917.75,543840.5,574013.25,763059.6000000007,856274.0,44094933.0
259,isl_tokens,session_turn_index,259,tokens,144,375.40972222222223,1077.3887053452336,6.0,28.0,47.0,123.5,337.75,637.4000000000001,1130.6499999999996,5562.149999999963,9884.0,54059.0
259,osl_tokens,session_turn_index,259,tokens,144,565.875,970.2767064877821,1.0,32.0,76.5,238.5,563.5,1310.1000000000029,2312.35,5058.98999999999,6168.0,81486.0
259,context_length_tokens,session_turn_index,259,tokens,144,303933.0138888889,165515.94944978473,49727.0,127854.5,182454.25,232316.0,443264.25,545531.0000000001,576262.5,766174.3199999996,859875.0,43766354.0
260,isl_tokens,session_turn_index,260,tokens,143,598.1398601398602,1665.4356770602567,8.0,28.200000000000003,49.5,124.0,517.0,1181.7999999999995,2169.9,6639.240000000015,16204.0,85534.0
260,osl_tokens,session_turn_index,260,tokens,143,713.9580419580419,1585.3123707726618,1.0,45.0,84.0,255.0,665.5,1596.9999999999998,2238.000000000001,7450.700000000041,14443.0,102096.0
260,context_length_tokens,session_turn_index,260,tokens,143,301207.95804195805,160072.41413787793,49841.0,128161.8,183115.5,232232.0,440731.5,545918.6,577004.5,695096.4600000014,790948.0,43072738.0
261,isl_tokens,session_turn_index,261,tokens,143,357.4895104895105,834.9075478915818,6.0,28.0,45.5,122.0,319.5,735.3999999999997,1297.6000000000015,3269.5600000000154,8049.0,51121.0
261,osl_tokens,session_turn_index,261,tokens,143,590.4335664335664,877.0520916460476,1.0,32.0,75.5,250.0,651.0,1583.3999999999996,2400.3,3626.8000000000015,5900.0,84432.0
261,context_length_tokens,session_turn_index,261,tokens,143,302279.4055944056,160739.9154589972,50028.0,128740.8,183595.0,232692.0,441667.0,548150.8,578450.3,696384.8200000013,795825.0,43225955.0
262,isl_tokens,session_turn_index,262,tokens,142,456.8732394366197,1299.9341145772037,6.0,28.1,53.5,103.0,259.5,755.7000000000006,2028.9499999999937,7892.6,9739.0,64876.0
262,osl_tokens,session_turn_index,262,tokens,142,462.67605633802816,628.0063082720729,8.0,37.70000000000001,88.75,223.0,590.25,1123.0,1431.2499999999993,3088.190000000001,3677.0,65700.0
262,context_length_tokens,session_turn_index,262,tokens,142,303917.88028169016,161629.3239686292,50133.0,128739.2,184283.0,233037.0,442773.0,550908.9,579265.0499999999,699776.1000000003,798616.0,43156339.0
263,isl_tokens,session_turn_index,263,tokens,142,330.2887323943662,756.1304807753409,6.0,29.0,42.75,122.0,268.0,649.7,1102.7499999999993,3361.680000000002,7237.0,46901.0
263,osl_tokens,session_turn_index,263,tokens,142,525.4014084507043,817.8499040972121,14.0,32.0,116.25,274.0,617.75,1169.0000000000002,1663.349999999999,3603.4600000000005,6512.0,74607.0
263,context_length_tokens,session_turn_index,263,tokens,142,304710.8450704225,161992.33699835083,50313.0,129532.1,184737.75,233399.0,444976.0,551942.3,579623.1,701307.8600000003,799825.0,43268940.0
264,isl_tokens,session_turn_index,264,tokens,139,345.158273381295,890.8632242393077,6.0,28.0,45.5,67.0,248.0,723.8000000000002,1125.999999999999,4250.000000000006,8069.0,47977.0
264,osl_tokens,session_turn_index,264,tokens,139,625.8705035971223,1097.841078476477,1.0,33.6,79.5,153.0,500.0,2186.0000000000005,3357.4999999999995,4975.160000000004,5588.0,86996.0
264,context_length_tokens,session_turn_index,264,tokens,139,303336.0143884892,163158.608104387,50409.0,129865.6,185358.5,230593.0,443665.0,553196.4,581603.4,706605.0800000004,800907.0,42163706.0
265,isl_tokens,session_turn_index,265,tokens,138,397.2173913043478,901.7938623279297,6.0,26.700000000000003,39.25,106.5,284.5,995.4,1551.6500000000005,4264.549999999997,7479.0,54816.0
265,osl_tokens,session_turn_index,265,tokens,138,735.2391304347826,1670.2724179196075,2.0,32.0,67.0,227.5,547.75,1527.1999999999998,3153.3500000000026,9692.169999999996,10987.0,101463.0
265,context_length_tokens,session_turn_index,265,tokens,138,304850.95652173914,164392.27059075382,50541.0,129952.6,185702.75,231611.0,446608.0,558037.6,583085.75,709747.1199999995,806314.0,42069432.0
266,isl_tokens,session_turn_index,266,tokens,137,464.007299270073,1418.9152508158531,6.0,24.6,47.0,72.0,287.0,724.6000000000001,1836.5999999999945,5926.199999999987,13513.0,63569.0
266,osl_tokens,session_turn_index,266,tokens,137,532.4452554744526,826.6772017590339,1.0,37.0,106.0,308.0,569.0,1148.0000000000002,1601.9999999999995,4506.4,5070.0,72945.0
266,context_length_tokens,session_turn_index,266,tokens,137,306618.299270073,165831.33337674453,50634.0,130176.6,186364.0,233877.0,448568.0,561309.6,584127.9999999999,720015.3599999986,808980.0,42006707.0
267,isl_tokens,session_turn_index,267,tokens,137,343.40875912408757,585.4474432674442,6.0,28.0,58.0,150.0,268.0,993.0000000000005,1670.7999999999997,2882.71999999998,3767.0,47047.0
267,osl_tokens,session_turn_index,267,tokens,137,571.1678832116788,1215.3720800574245,1.0,32.0,78.0,232.0,557.0,1136.6000000000004,2137.7999999999874,4371.999999999992,11525.0,78250.0
267,context_length_tokens,session_turn_index,267,tokens,137,307494.15328467154,166436.02017613675,50811.0,130474.2,186734.0,233957.0,449711.0,564337.4,585042.9999999999,723938.5199999985,813882.0,42126699.0
268,isl_tokens,session_turn_index,268,tokens,136,418.8014705882353,1000.8872153939294,6.0,28.0,47.0,88.0,323.25,785.0,1778.0,5596.75,7048.0,56957.0
268,osl_tokens,session_turn_index,268,tokens,136,469.40441176470586,641.4667748339195,1.0,32.0,84.25,242.0,568.0,1073.5,1724.25,3001.3000000000006,3691.0,63839.0
268,context_length_tokens,session_turn_index,268,tokens,136,306531.6617647059,166142.41913514072,50915.0,133628.0,187124.75,233339.0,445837.5,562954.5,586400.5,727583.4000000006,815126.0,41688306.0
269,isl_tokens,session_turn_index,269,tokens,135,373.8222222222222,717.0229178285434,12.0,28.0,41.5,122.0,313.5,1103.4000000000012,1562.799999999999,3391.139999999994,5519.0,50466.0
269,osl_tokens,session_turn_index,269,tokens,135,673.0888888888888,1119.6548771610908,1.0,32.0,71.5,281.0,674.0,1640.8000000000006,2857.2999999999993,5204.479999999999,8018.0,90867.0
269,context_length_tokens,session_turn_index,269,tokens,135,307035.0888888889,167205.36204991737,51017.0,133032.8,187530.5,232970.0,447957.0,566320.8,587811.6,730458.3999999997,816189.0,41449737.0
270,isl_tokens,session_turn_index,270,tokens,135,491.55555555555554,1291.8837619232575,6.0,29.0,57.0,107.0,335.5,903.4000000000011,1764.599999999998,7412.2799999999925,9532.0,66360.0
270,osl_tokens,session_turn_index,270,tokens,135,517.1111111111111,779.1391514254374,1.0,32.0,64.0,210.0,632.0,1278.6000000000015,2219.4999999999995,3048.479999999999,5500.0,69810.0
270,context_length_tokens,session_turn_index,270,tokens,135,308199.73333333334,168100.33543074472,51201.0,133122.8,188066.5,233775.0,448491.0,568230.2000000001,592623.4,733136.5999999996,824853.0,41606964.0
271,isl_tokens,session_turn_index,271,tokens,135,400.4074074074074,776.7729092455033,6.0,28.0,41.0,146.0,368.5,965.2,1475.299999999999,3892.4199999999987,5846.0,54055.0
271,osl_tokens,session_turn_index,271,tokens,135,538.5407407407407,830.750091788655,2.0,32.0,80.0,274.0,599.0,1343.2,2356.7,3493.9999999999995,5791.0,72703.0
271,context_length_tokens,session_turn_index,271,tokens,135,309117.2518518519,168712.8357253375,51306.0,133215.6,188588.0,234357.0,449424.5,570042.0,595864.7,734479.9799999996,825915.0,41730829.0
272,isl_tokens,session_turn_index,272,tokens,133,302.61654135338347,704.4677906029915,6.0,28.0,57.0,108.0,251.0,529.9999999999999,975.0,3162.6000000000013,6125.0,40248.0
272,osl_tokens,session_turn_index,272,tokens,133,468.49624060150376,698.7081809785242,1.0,44.2,85.0,186.0,478.0,1191.3999999999999,1800.7999999999975,3244.640000000005,4347.0,62310.0
272,context_length_tokens,session_turn_index,272,tokens,133,309436.962406015,169673.06688237019,51403.0,132034.80000000002,188802.0,234794.0,446987.0,570863.4,596867.6,737676.2400000007,826257.0,41155116.0
273,isl_tokens,session_turn_index,273,tokens,131,363.9770992366412,790.7696556713067,12.0,28.0,51.5,123.0,269.5,889.0,1637.5,4299.3999999999805,5687.0,47681.0
273,osl_tokens,session_turn_index,273,tokens,131,510.44274809160305,979.4620907315577,2.0,32.0,47.0,254.0,560.5,969.0,1489.5,4279.19999999999,8703.0,66868.0
273,context_length_tokens,session_turn_index,273,tokens,131,308127.14503816795,170440.23752498816,51530.0,131013.0,183665.0,234717.0,434276.0,572903.0,597811.0,741666.5999999988,827401.0,40364656.0
274,isl_tokens,session_turn_index,274,tokens,131,218.6030534351145,444.43736933099143,5.0,27.0,47.0,66.0,231.5,599.0,691.5,1327.899999999998,4412.0,28637.0
274,osl_tokens,session_turn_index,274,tokens,131,533.763358778626,1004.9400030100242,1.0,32.0,63.0,198.0,517.5,1125.0,2205.0,4885.199999999979,7737.0,69923.0
274,context_length_tokens,session_turn_index,274,tokens,131,308856.19083969464,170945.96782654576,51623.0,131391.0,183840.5,235126.0,434642.5,574155.0,599008.0,742204.0999999988,828430.0,40460161.0
275,isl_tokens,session_turn_index,275,tokens,131,232.6259541984733,360.9672192487583,6.0,28.0,49.5,133.0,267.0,406.0,758.5,1610.4999999999989,3105.0,30474.0
275,osl_tokens,session_turn_index,275,tokens,131,475.6412213740458,711.5889978156272,1.0,31.0,50.5,219.0,545.0,1249.0,2153.0,3405.9999999999945,3914.0,62309.0
275,context_length_tokens,session_turn_index,275,tokens,131,309622.5801526718,171593.24213623253,51814.0,131524.0,184293.5,235559.0,435317.0,577607.0,600673.5,746456.0999999989,829696.0,40560558.0
276,isl_tokens,session_turn_index,276,tokens,131,293.0,765.9486957885317,6.0,29.0,48.0,97.0,226.5,526.0,722.5,3395.299999999991,7121.0,38383.0
276,osl_tokens,session_turn_index,276,tokens,131,522.7175572519084,1007.1700757307418,2.0,32.0,67.0,206.0,475.5,1105.0,2407.5,3962.699999999988,8602.0,68476.0
276,context_length_tokens,session_turn_index,276,tokens,131,310391.2213740458,172101.5168826299,51984.0,131663.0,184485.5,236180.0,435892.5,580084.0,602183.5,748584.8999999989,836460.0,40661250.0
277,isl_tokens,session_turn_index,277,tokens,130,392.65384615384613,1076.1293224510953,6.0,24.0,37.0,97.0,253.25,876.3000000000003,1324.85,6080.779999999995,8709.0,51045.0
277,osl_tokens,session_turn_index,277,tokens,130,499.37692307692305,791.5237813171077,1.0,32.0,54.5,229.0,620.25,1003.700000000001,2288.549999999998,3559.4999999999973,4868.0,64919.0
277,context_length_tokens,session_turn_index,277,tokens,130,309985.7153846154,172797.4289536844,52095.0,131688.2,181888.75,236549.5,425426.75,581786.4,604176.0,750602.3399999994,845254.0,40298143.0
278,isl_tokens,session_turn_index,278,tokens,129,386.8992248062016,824.5489520583264,15.0,29.0,57.0,104.0,317.0,1011.8000000000005,1426.9999999999995,4084.8799999999974,6670.0,49910.0
278,osl_tokens,session_turn_index,278,tokens,129,667.6124031007752,1112.2962233723233,1.0,31.8,57.0,223.0,654.0,1812.2,3189.799999999997,5456.159999999998,6439.0,86122.0
278,context_length_tokens,session_turn_index,278,tokens,129,311403.3023255814,174202.46362526034,52241.0,131538.4,179058.0,236779.0,427285.0,584128.8,605794.4,754466.8799999999,853604.0,40171026.0
279,isl_tokens,session_turn_index,279,tokens,129,256.5658914728682,476.00317315340686,9.0,28.0,50.0,132.0,255.0,500.6000000000001,789.599999999999,2851.119999999998,3709.0,33097.0
279,osl_tokens,session_turn_index,279,tokens,129,478.3178294573643,750.4713349394708,1.0,32.0,53.0,171.0,550.0,1418.2,2463.9999999999986,3283.52,3347.0,61703.0
279,context_length_tokens,session_turn_index,279,tokens,129,312327.48062015505,174901.83454554417,52449.0,131705.2,179328.0,237022.0,429071.0,585374.8,609074.2,756873.6399999999,854750.0,40290245.0
280,isl_tokens,session_turn_index,280,tokens,129,307.1162790697674,558.3957451347604,12.0,27.6,37.0,91.0,286.0,884.0,1200.3999999999999,2987.119999999999,3492.0,39618.0
280,osl_tokens,session_turn_index,280,tokens,129,451.0077519379845,614.1481716036395,2.0,32.0,61.0,169.0,561.0,1110.6000000000001,1755.7999999999997,2577.479999999999,4122.0,58180.0
280,context_length_tokens,session_turn_index,280,tokens,129,313112.9147286822,175489.2016729204,52549.0,131780.2,179460.0,237276.0,429455.0,586681.6000000001,610551.0,758629.1599999999,858136.0,40391566.0
281,isl_tokens,session_turn_index,281,tokens,129,261.984496124031,499.2533337219673,6.0,28.0,49.0,102.0,251.0,410.0000000000001,1104.599999999998,2756.399999999999,3403.0,33796.0
281,osl_tokens,session_turn_index,281,tokens,129,579.1007751937984,1106.2312151952083,6.0,32.0,59.0,257.0,618.0,1182.6000000000004,2620.1999999999985,4672.159999999999,9144.0,74704.0
281,context_length_tokens,session_turn_index,281,tokens,129,313825.9069767442,175916.84606947142,52682.0,131990.8,179867.0,237950.0,430714.0,586989.6000000001,612889.7999999999,759804.9199999999,859222.0,40483542.0
282,isl_tokens,session_turn_index,282,tokens,128,303.3515625,639.1532556565041,6.0,29.0,47.0,78.5,265.5,727.3,1217.0999999999979,3479.420000000003,4643.0,38829.0
282,osl_tokens,session_turn_index,282,tokens,128,550.296875,1059.2103217091658,1.0,31.700000000000003,45.75,157.5,518.25,1196.1999999999998,2678.9999999999977,5296.230000000001,6518.0,70438.0
282,context_length_tokens,session_turn_index,282,tokens,128,315514.078125,177020.4298346755,52819.0,132153.8,180057.0,238856.0,436648.25,590781.2,615032.65,762707.3100000004,861804.0,40385802.0
283,isl_tokens,session_turn_index,283,tokens,128,287.7578125,541.3894847129143,6.0,27.700000000000003,47.0,142.0,260.0,627.5,1080.8999999999999,2593.1700000000046,4470.0,36833.0
283,osl_tokens,session_turn_index,283,tokens,128,566.40625,934.9543641728924,1.0,31.700000000000003,56.25,224.5,614.5,1543.3,2575.799999999998,3952.880000000003,6350.0,72500.0
283,context_length_tokens,session_turn_index,283,tokens,128,316352.1328125,177816.36775579792,52917.0,132402.4,180886.0,239132.0,437310.0,594147.2,617348.35,769497.7500000003,864080.0,40493073.0
284,isl_tokens,session_turn_index,284,tokens,128,336.78125,711.066188215582,6.0,28.700000000000003,49.0,125.5,323.0,638.0,1218.8499999999974,3419.640000000004,5999.0,43108.0
284,osl_tokens,session_turn_index,284,tokens,128,513.78125,870.2714639113691,1.0,31.0,54.75,183.5,540.5,1344.6999999999998,1867.7999999999975,4331.8800000000065,6192.0,65764.0
284,context_length_tokens,session_turn_index,284,tokens,128,317255.3203125,178554.99492588645,53026.0,132486.30000000002,182170.5,239946.5,440123.5,595636.4,619236.35,774740.6900000004,865629.0,40608681.0
285,isl_tokens,session_turn_index,285,tokens,128,397.921875,849.8238292560902,6.0,28.700000000000003,52.25,161.0,314.5,742.0999999999998,1862.1499999999962,4889.340000000006,5501.0,50934.0
285,osl_tokens,session_turn_index,285,tokens,128,432.640625,596.9778410666592,2.0,32.0,54.75,249.0,549.5,1061.6999999999996,1635.6,2166.7700000000013,4575.0,55378.0
285,context_length_tokens,session_turn_index,285,tokens,128,318167.0234375,179036.9128609318,53203.0,132575.9,184166.5,240539.0,440548.25,598079.5,620051.6,776440.5600000004,867214.0,40725379.0
286,isl_tokens,session_turn_index,286,tokens,128,344.5390625,746.4992454611867,6.0,28.700000000000003,55.75,101.5,299.75,708.1999999999999,1114.8999999999978,3857.2400000000002,5743.0,44101.0
286,osl_tokens,session_turn_index,286,tokens,128,613.9140625,1193.534908811739,1.0,32.0,74.0,265.0,584.5,1329.9999999999998,2431.099999999999,5202.710000000004,10125.0,78581.0
286,context_length_tokens,session_turn_index,286,tokens,128,318944.203125,179609.69564261765,53303.0,132655.80000000002,184427.0,240902.5,441383.25,599525.5,623838.7,779404.8800000004,868560.0,40824858.0
287,isl_tokens,session_turn_index,287,tokens,126,347.8174603174603,882.2590628499383,7.0,24.0,37.0,100.0,245.5,704.5,1274.75,5092.0,6771.0,43825.0
287,osl_tokens,session_turn_index,287,tokens,126,520.2539682539683,856.401208977557,1.0,31.0,54.0,228.5,596.25,1132.5,2365.5,4300.75,5003.0,65552.0
287,context_length_tokens,session_turn_index,287,tokens,126,316977.6746031746,179845.46476199394,53478.0,132150.5,183353.5,240660.0,435701.25,602603.0,627776.0,783532.25,870185.0,39939187.0
288,isl_tokens,session_turn_index,288,tokens,126,268.2936507936508,505.86943963802315,16.0,29.5,57.0,89.5,214.25,640.5,1108.0,2200.25,3840.0,33805.0
288,osl_tokens,session_turn_index,288,tokens,126,530.0555555555555,979.3016243817606,1.0,32.0,47.25,160.5,544.25,1088.5,2673.5,5029.75,5326.0,66787.0
288,context_length_tokens,session_turn_index,288,tokens,126,317766.22222222225,180468.42995290036,53581.0,132403.0,183835.5,241777.0,436130.75,603134.5,628834.5,785229.5,875978.0,40038544.0
289,isl_tokens,session_turn_index,289,tokens,126,384.53968253968253,1334.5308470614793,6.0,28.0,45.25,120.0,251.0,667.5,1109.5,6100.75,12949.0,48452.0
289,osl_tokens,session_turn_index,289,tokens,126,471.7936507936508,812.8837098096956,1.0,31.0,45.0,173.0,429.0,1295.0,1918.75,4254.5,4888.0,59446.0
289,context_length_tokens,session_turn_index,289,tokens,126,318680.81746031746,181128.03277447805,53674.0,132982.0,184217.5,241923.5,436852.25,603443.0,630247.75,786359.0,880443.0,40153783.0
290,isl_tokens,session_turn_index,290,tokens,124,248.9758064516129,371.51608448030277,6.0,35.3,57.75,110.0,246.0,654.2,1028.9499999999996,1887.8699999999983,2091.0,30873.0
290,osl_tokens,session_turn_index,290,tokens,124,577.1129032258065,1179.2278584275268,5.0,33.5,77.25,200.0,597.25,1141.4,2077.5999999999985,6319.459999999993,8793.0,71562.0
290,context_length_tokens,session_turn_index,290,tokens,124,320777.7983870968,182798.9769797369,53850.0,133256.6,181976.0,242104.0,443606.75,605162.8,632971.85,789157.9599999996,882775.0,39776447.0
291,isl_tokens,session_turn_index,291,tokens,123,387.650406504065,1288.9851556332696,6.0,28.0,42.5,102.0,267.5,624.1999999999998,1211.0999999999992,3517.9000000000005,13328.0,47681.0
291,osl_tokens,session_turn_index,291,tokens,123,449.8292682926829,690.4415190122096,3.0,31.0,54.5,176.0,554.0,1228.9999999999995,1900.699999999999,2950.7400000000002,4163.0,55329.0
291,context_length_tokens,session_turn_index,291,tokens,123,320503.46341463417,183711.52359159788,53942.0,133615.4,181684.5,241257.0,434897.0,606823.4,636774.2,790649.3200000001,885314.0,39421926.0
292,isl_tokens,session_turn_index,292,tokens,123,409.4715447154472,1295.1117057964962,6.0,24.0,48.0,91.0,259.0,638.0,1333.7999999999997,6676.820000000005,11550.0,50365.0
292,osl_tokens,session_turn_index,292,tokens,123,421.6585365853659,639.0572429958843,1.0,32.0,84.0,196.0,498.5,1107.4,1681.8999999999992,3196.080000000001,4086.0,51864.0
292,context_length_tokens,session_turn_index,292,tokens,123,321362.76422764227,184324.58111817742,54126.0,133782.6,181959.0,241345.0,435129.5,608312.6,637657.8,791392.8800000001,893826.0,39527620.0
293,isl_tokens,session_turn_index,293,tokens,123,281.1138211382114,436.3784663643901,6.0,24.800000000000004,47.5,155.0,251.0,769.1999999999997,1056.499999999999,2279.84,2575.0,34577.0
293,osl_tokens,session_turn_index,293,tokens,123,508.6178861788618,709.5739420189271,1.0,32.0,85.0,238.0,621.0,1150.3999999999999,2147.8999999999937,3182.52,4002.0,62560.0
293,context_length_tokens,session_turn_index,293,tokens,123,322065.53658536583,184762.21504674698,54219.0,134109.6,182843.5,241740.0,436966.0,608858.4,638419.7,792144.4800000001,897246.0,39614061.0
294,isl_tokens,session_turn_index,294,tokens,122,344.4672131147541,1094.3461419647883,6.0,28.0,47.0,77.0,241.0,620.8,1035.5999999999995,5067.539999999981,10305.0,42025.0
294,osl_tokens,session_turn_index,294,tokens,122,637.0327868852459,1787.8872316293835,2.0,32.0,56.25,208.5,487.5,1061.3000000000006,2281.549999999999,5372.979999999995,17649.0,77718.0
294,context_length_tokens,session_turn_index,294,tokens,122,323843.5573770492,185627.8806610745,54484.0,134099.0,185130.0,243031.0,440781.0,610657.8,639685.95,794027.3399999993,899808.0,39508914.0
295,isl_tokens,session_turn_index,295,tokens,122,310.45081967213116,668.4991153722094,6.0,28.1,51.0,115.5,251.0,625.9000000000002,1043.2499999999984,3563.2899999999877,5497.0,37875.0
295,osl_tokens,session_turn_index,295,tokens,122,486.8196721311475,950.0496192080019,1.0,32.0,67.75,220.5,519.5,1028.6000000000004,1341.2999999999997,5491.119999999996,6958.0,59392.0
295,context_length_tokens,session_turn_index,295,tokens,122,324791.04098360654,186500.32547879114,54575.0,134716.4,185572.25,243675.0,442204.5,612492.7,641851.9,794414.9299999992,904786.0,39624507.0
296,isl_tokens,session_turn_index,296,tokens,122,294.45081967213116,524.1542462012528,13.0,29.0,57.0,114.5,249.75,739.7000000000002,1050.1999999999994,2446.349999999998,3829.0,35923.0
296,osl_tokens,session_turn_index,296,tokens,122,502.1803278688525,757.5383127939551,1.0,32.0,72.0,218.0,533.75,1212.2000000000003,2356.25,3643.0899999999992,3723.0,61266.0
296,context_length_tokens,session_turn_index,296,tokens,122,325572.31147540984,186956.20839712932,54751.0,135090.1,185875.75,244156.5,443609.75,612907.7,642912.5,795595.8899999992,905798.0,39719822.0
297,isl_tokens,session_turn_index,297,tokens,121,366.6528925619835,949.3287729684843,7.0,27.0,37.0,126.0,294.0,674.0,1238.0,3833.399999999996,8955.0,44365.0
297,osl_tokens,session_turn_index,297,tokens,121,561.9586776859504,937.4139775118649,1.0,32.0,46.0,242.0,601.0,1061.0,2773.0,4471.5999999999985,5497.0,67997.0
297,context_length_tokens,session_turn_index,297,tokens,121,327170.652892562,188092.6732390888,54942.0,135559.0,186241.0,246301.0,445240.0,613112.0,643877.0,798504.3999999997,909121.0,39587649.0
298,isl_tokens,session_turn_index,298,tokens,120,372.525,688.7464332938501,6.0,29.0,55.75,118.0,361.25,883.9000000000007,1600.9499999999996,3431.410000000001,4125.0,44703.0
298,osl_tokens,session_turn_index,298,tokens,120,494.85833333333335,859.186245775941,1.0,36.5,69.0,221.5,451.0,1515.5000000000007,1924.6499999999999,4561.150000000005,5904.0,59383.0
298,context_length_tokens,session_turn_index,298,tokens,120,325720.3333333333,187741.5245006342,55033.0,136140.2,185247.0,244932.0,446808.75,615838.7000000001,646018.75,806176.9500000002,911053.0,39086440.0
299,isl_tokens,session_turn_index,299,tokens,118,367.1694915254237,790.7236902505642,6.0,28.0,49.75,166.0,290.0,846.1999999999998,1150.299999999997,4715.149999999998,5589.0,43326.0
299,osl_tokens,session_turn_index,299,tokens,118,743.1101694915254,1323.6508819753828,4.0,32.0,86.25,264.5,615.5,2152.4999999999986,3509.899999999997,6991.859999999995,7829.0,87687.0
299,context_length_tokens,session_turn_index,299,tokens,118,324427.71186440677,188233.70262216378,55210.0,136105.6,182909.5,242186.5,443103.25,620087.6,648238.3499999999,809784.6199999999,916171.0,38282470.0
300,isl_tokens,session_turn_index,300,tokens,118,263.228813559322,523.8878520663179,6.0,28.700000000000003,48.5,98.0,252.5,532.4999999999999,743.3499999999979,3035.6299999999983,3724.0,31061.0
300,osl_tokens,session_turn_index,300,tokens,118,528.5254237288135,1030.975412025472,2.0,32.0,60.5,167.0,438.75,1147.2999999999995,2174.5999999999917,5462.709999999998,5695.0,62366.0
300,context_length_tokens,session_turn_index,300,tokens,118,325434.0508474576,189095.52036030995,55362.0,136297.80000000002,183201.0,242276.0,444060.25,621259.7,652655.7999999999,811464.3299999998,917967.0,38401218.0
301,isl_tokens,session_turn_index,301,tokens,118,313.2542372881356,562.5288871895588,7.0,28.0,37.0,113.5,355.75,670.7999999999998,1098.2999999999972,2554.919999999999,4189.0,36964.0
301,osl_tokens,session_turn_index,301,tokens,118,488.16101694915255,799.6923557869304,6.0,32.0,83.5,230.5,562.25,979.9999999999999,1862.0999999999947,4086.3199999999997,4331.0,57603.0
301,context_length_tokens,session_turn_index,301,tokens,118,326275.83050847455,189811.1360985496,55500.0,136666.5,183461.5,242589.0,445101.75,621928.5,655148.1999999998,812257.1499999998,920773.0,38500548.0
302,isl_tokens,session_turn_index,302,tokens,117,317.991452991453,645.1101078180375,6.0,27.200000000000003,51.0,97.0,251.0,653.6000000000003,1480.7999999999963,3460.240000000001,3809.0,37205.0
302,osl_tokens,session_turn_index,302,tokens,117,525.4017094017094,756.3467985356966,2.0,45.2,99.0,231.0,591.0,1368.8000000000009,1994.9999999999977,3402.520000000001,4667.0,61472.0
302,context_length_tokens,session_turn_index,302,tokens,117,327810.1282051282,190960.058442424,55612.0,137526.6,183182.0,243853.0,450041.0,625403.8,656297.9999999999,814078.2800000004,921606.0,38353785.0
303,isl_tokens,session_turn_index,303,tokens,116,309.01724137931035,733.4534630508983,6.0,28.0,37.0,105.0,255.0,571.5,1059.5,3649.6999999999957,6022.0,35846.0
303,osl_tokens,session_turn_index,303,tokens,116,566.4396551724138,990.6481880896963,1.0,31.5,45.0,229.5,581.75,1261.5,2911.0,4998.699999999997,5518.0,65707.0
303,context_length_tokens,session_turn_index,303,tokens,116,325271.2068965517,189015.98509693326,55790.0,137813.5,182907.5,242923.5,438606.25,615279.0,654681.0,816157.0999999994,925602.0,37731460.0
304,isl_tokens,session_turn_index,304,tokens,115,289.8695652173913,766.7373964798383,5.0,24.0,41.0,66.0,216.5,448.8000000000004,810.7999999999997,4429.539999999999,6073.0,33335.0
304,osl_tokens,session_turn_index,304,tokens,115,575.8782608695652,1158.8771488165385,1.0,32.0,64.0,198.0,522.5,1099.0000000000002,2543.999999999997,6023.5999999999985,8155.0,66226.0
304,context_length_tokens,session_turn_index,304,tokens,115,323929.4608695652,189014.81682428505,55889.0,137812.0,181979.0,242196.0,430222.0,616722.2000000001,656080.1,817828.2799999999,928712.0,37251888.0
305,isl_tokens,session_turn_index,305,tokens,114,317.17543859649123,560.034495266109,6.0,29.0,45.25,121.5,380.0,636.5,1070.5499999999988,3166.4800000000005,3373.0,36158.0
305,osl_tokens,session_turn_index,305,tokens,114,509.64912280701753,762.8307621104681,1.0,32.0,58.5,236.5,587.0,1191.8,1790.5999999999995,2931.5100000000016,5709.0,58100.0
305,context_length_tokens,session_turn_index,305,tokens,114,325525.4035087719,190475.80700997263,55997.0,137710.1,181212.25,239511.0,432714.5,617982.7000000001,659192.45,819833.6800000004,937108.0,37109896.0
306,isl_tokens,session_turn_index,306,tokens,114,239.05263157894737,360.5345164901609,5.0,29.0,49.0,78.5,229.75,654.8000000000001,1051.1999999999991,1504.4600000000003,2020.0,27252.0
306,osl_tokens,session_turn_index,306,tokens,114,472.5701754385965,1028.1687602049444,2.0,32.0,71.0,140.5,514.75,1058.8000000000004,1635.5,3674.8500000000063,9596.0,53873.0
306,context_length_tokens,session_turn_index,306,tokens,114,326274.1052631579,191027.25472332284,56202.0,137778.8,181679.0,239904.5,433003.5,618615.4,661201.0499999999,822531.5100000005,938246.0,37195248.0
307,isl_tokens,session_turn_index,307,tokens,114,460.8421052631579,1305.1136240038568,6.0,28.0,47.0,133.5,257.75,568.0,2138.299999999999,7664.940000000009,9176.0,52536.0
307,osl_tokens,session_turn_index,307,tokens,114,500.50877192982455,985.2802188069018,1.0,31.3,53.5,184.0,506.25,1195.3000000000002,1875.7499999999984,3481.5200000000023,8525.0,57058.0
307,context_length_tokens,session_turn_index,307,tokens,114,327207.51754385966,191711.42478732596,56378.0,137909.2,181769.75,240006.0,434876.5,619737.9,663010.6499999999,826202.4600000004,945189.0,37301657.0
308,isl_tokens,session_turn_index,308,tokens,113,285.3274336283186,505.5160062848929,6.0,29.0,50.0,98.0,228.0,727.6,1256.9999999999975,2371.5199999999995,3142.0,32242.0
308,osl_tokens,session_turn_index,308,tokens,113,498.1592920353982,764.1959342691382,4.0,32.0,57.0,200.0,495.0,1208.8,2301.999999999999,3270.8799999999997,3830.0,56292.0
308,context_length_tokens,session_turn_index,308,tokens,113,328875.69911504426,193084.3822673276,56474.0,137821.4,181424.0,243275.0,440296.0,621412.0,665243.2,830856.7599999995,953790.0,37162954.0
309,isl_tokens,session_turn_index,309,tokens,112,329.26785714285717,763.6800234735429,6.0,29.0,50.0,134.0,264.75,628.5000000000006,1349.3499999999924,3667.710000000001,6464.0,36878.0
309,osl_tokens,session_turn_index,309,tokens,112,499.54464285714283,722.4268609593547,1.0,32.0,71.0,187.5,621.0,1134.3000000000002,2125.7999999999997,3393.0400000000004,3778.0,55949.0
309,context_length_tokens,session_turn_index,309,tokens,112,328692.64285714284,194246.09290352062,56603.0,137712.3,181705.0,243213.0,435653.75,624228.6,668566.0999999999,835220.51,955314.0,36813576.0
310,isl_tokens,session_turn_index,310,tokens,112,350.82142857142856,1073.479524509348,6.0,28.1,47.0,81.5,257.25,696.3000000000002,1181.0499999999986,2613.3600000000006,10747.0,39292.0
310,osl_tokens,session_turn_index,310,tokens,112,427.0357142857143,712.4264238774243,2.0,32.0,57.0,153.0,406.0,951.0,1721.8999999999892,3554.2200000000003,4349.0,47828.0
310,context_length_tokens,session_turn_index,310,tokens,112,329543.0089285714,194700.25218077877,56703.0,137855.6,181829.25,243723.5,437131.5,624767.5,670014.3499999999,837995.02,957511.0,36908817.0
311,isl_tokens,session_turn_index,311,tokens,112,190.91071428571428,253.51460064924652,6.0,28.0,33.5,100.5,251.0,417.00000000000017,568.25,1453.2500000000005,1695.0,21382.0
311,osl_tokens,session_turn_index,311,tokens,112,553.9464285714286,1008.9040804549625,1.0,32.0,45.0,197.0,621.0,1272.9,2824.5499999999997,4300.05,7335.0,62042.0
311,context_length_tokens,session_turn_index,311,tokens,112,330160.95535714284,195166.68642756142,56878.0,137951.9,182284.5,243933.0,437896.75,625905.0,670734.4499999998,840347.52,960350.0,36978027.0
312,isl_tokens,session_turn_index,312,tokens,112,273.79464285714283,511.6669036868067,6.0,29.0,54.75,98.5,211.0,484.3000000000002,1457.3999999999965,2634.6600000000003,2809.0,30665.0
312,osl_tokens,session_turn_index,312,tokens,112,523.8571428571429,910.7798743888869,1.0,32.0,64.75,182.0,422.75,1535.100000000001,2489.349999999986,4590.530000000001,4777.0,58672.0
312,context_length_tokens,session_turn_index,312,tokens,112,330988.6964285714,195918.97202263962,57085.0,138013.2,182860.5,244188.5,438931.75,629644.2000000001,673526.5999999999,844350.41,961882.0,37070734.0
313,isl_tokens,session_turn_index,313,tokens,112,329.38392857142856,571.2127800556042,6.0,29.0,56.5,147.0,344.0,568.9,1379.349999999997,2945.5,3002.0,36891.0
313,osl_tokens,session_turn_index,313,tokens,112,481.10714285714283,708.4809877117237,1.0,32.0,68.75,223.0,618.0,1045.8000000000002,1845.8999999999974,3605.0,3954.0,53884.0
313,context_length_tokens,session_turn_index,313,tokens,112,331841.9375,196563.90168022973,57195.0,138163.4,182958.75,244440.0,439561.0,635098.0,677071.9999999999,847026.3200000001,962855.0,37166297.0
314,isl_tokens,session_turn_index,314,tokens,110,327.90909090909093,895.4811560420724,6.0,29.0,56.25,99.5,228.25,521.1000000000014,925.7499999999998,3758.149999999999,7828.0,36070.0
314,osl_tokens,session_turn_index,314,tokens,110,490.3636363636364,995.6943189852517,2.0,31.9,54.5,168.0,483.75,1030.200000000001,1894.8999999999999,3951.699999999996,8382.0,53940.0
314,context_length_tokens,session_turn_index,314,tokens,110,333118.56363636366,198615.29925935293,57381.0,138112.4,182264.0,242326.5,454539.25,639646.6000000001,680834.7,851729.7299999996,963539.0,36643042.0
315,isl_tokens,session_turn_index,315,tokens,108,299.1296296296296,753.2270462457911,6.0,28.0,45.75,126.0,251.0,524.0999999999999,826.3999999999985,3592.8999999999924,6526.0,32306.0
315,osl_tokens,session_turn_index,315,tokens,108,458.75,816.5014926501972,2.0,31.700000000000003,74.25,231.0,541.25,979.0999999999999,1689.0999999999958,3072.9599999999955,6746.0,49545.0
315,context_length_tokens,session_turn_index,315,tokens,108,328368.1574074074,196565.93100512205,57476.0,138289.4,181574.75,240206.0,420107.5,637942.8,674352.1,855369.0699999991,964166.0,35463761.0
316,isl_tokens,session_turn_index,316,tokens,106,214.6320754716981,599.025361315751,6.0,29.0,53.25,90.5,209.0,354.0,502.25,953.6500000000001,6104.0,22751.0
316,osl_tokens,session_turn_index,316,tokens,106,473.75471698113205,960.466806821585,1.0,34.5,57.75,158.0,410.75,801.5,2045.75,4655.55,5986.0,50218.0
316,context_length_tokens,session_turn_index,316,tokens,106,323848.9433962264,188811.52038403973,57605.0,138344.5,181117.0,239272.0,412477.5,633997.5,672429.5,750838.0,864767.0,34327988.0
317,isl_tokens,session_turn_index,317,tokens,105,381.32380952380953,1085.8500509935202,6.0,28.0,37.0,145.0,316.0,565.2000000000002,918.5999999999993,3139.119999999998,10082.0,40039.0
317,osl_tokens,session_turn_index,317,tokens,105,562.7333333333333,965.2142645588783,1.0,32.0,68.0,208.0,618.0,1204.4000000000003,2321.199999999999,5217.439999999991,5606.0,59087.0
317,context_length_tokens,session_turn_index,317,tokens,105,325461.22857142857,190405.5992942313,57712.0,138366.2,181001.0,238711.0,416730.0,638017.6000000001,677037.8,755353.2799999999,867234.0,34173429.0
318,isl_tokens,session_turn_index,318,tokens,105,329.3142857142857,904.2785844900602,6.0,28.0,48.0,120.0,301.0,635.2,1044.5999999999997,2220.9999999999973,8815.0,34578.0
318,osl_tokens,session_turn_index,318,tokens,105,398.8285714285714,543.997066818823,6.0,32.0,95.0,208.0,494.0,927.4000000000005,1427.7999999999997,2681.6399999999967,3502.0,41877.0
318,context_length_tokens,session_turn_index,318,tokens,105,326353.2761904762,191218.4802004787,57888.0,138459.0,181097.0,239148.0,417806.0,642007.0000000001,680663.2,757286.1599999999,868572.0,34267094.0
319,isl_tokens,session_turn_index,319,tokens,105,499.5047619047619,2723.4094322542855,6.0,25.6,46.0,97.0,332.0,555.0000000000002,838.3999999999996,2284.2799999999993,28039.0,52448.0
319,osl_tokens,session_turn_index,319,tokens,105,449.51428571428573,720.1190921915455,2.0,32.0,83.0,216.0,560.0,933.8000000000001,1893.1999999999991,2723.5999999999995,5419.0,47199.0
319,context_length_tokens,session_turn_index,319,tokens,105,327251.6095238095,191493.4842150732,58294.0,138528.0,181264.0,244184.0,418482.0,643342.2000000001,681667.6,758315.3999999999,870082.0,34361419.0
320,isl_tokens,session_turn_index,320,tokens,104,231.51923076923077,380.8639717993721,5.0,28.0,37.0,75.0,264.25,461.6000000000001,842.0999999999997,2061.8199999999997,2256.0,24078.0
320,osl_tokens,session_turn_index,320,tokens,104,387.11538461538464,631.5111958885166,8.0,32.0,62.75,179.0,412.0,832.7,1119.6999999999998,3392.7799999999997,3621.0,40260.0
320,context_length_tokens,session_turn_index,320,tokens,104,328578.89423076925,192743.9184103891,58471.0,138496.1,180815.5,241874.0,424849.5,645603.9,682443.95,758590.65,872862.0,34172205.0
321,isl_tokens,session_turn_index,321,tokens,104,316.6442307692308,574.7147941214847,4.0,29.0,47.75,112.0,307.25,638.0,1287.8499999999992,3047.8199999999993,3582.0,32931.0
321,osl_tokens,session_turn_index,321,tokens,104,525.7211538461538,912.3237918036425,1.0,32.0,56.0,184.0,621.0,1362.0000000000002,1749.8499999999995,3057.209999999999,7546.0,54675.0
321,context_length_tokens,session_turn_index,321,tokens,104,329282.6538461539,193233.92242951432,58565.0,138677.6,181021.75,242217.0,425369.5,648351.3,683016.0,762631.0599999999,876726.0,34245396.0
322,isl_tokens,session_turn_index,322,tokens,103,252.24271844660194,345.95087664135315,6.0,35.400000000000006,56.5,82.0,309.0,756.1999999999998,965.8,1805.2400000000027,1828.0,25981.0
322,osl_tokens,session_turn_index,322,tokens,103,498.79611650485435,800.1203108467993,1.0,45.2,80.0,205.0,541.5,995.5999999999999,1920.1999999999985,3949.880000000002,4507.0,51376.0
322,context_length_tokens,session_turn_index,322,tokens,103,330884.33980582526,194612.4304345481,58695.0,138765.4,180566.0,239902.0,431640.5,654141.3999999999,684849.5,764715.52,880235.0,34081087.0
323,isl_tokens,session_turn_index,323,tokens,103,345.3009708737864,1057.202314913873,5.0,28.0,37.5,80.0,265.0,614.3999999999999,858.5999999999992,4134.020000000009,9790.0,35566.0
323,osl_tokens,session_turn_index,323,tokens,103,479.22330097087377,711.0165419680546,6.0,32.0,55.0,180.0,558.5,1098.0,2249.5999999999963,3123.420000000001,3459.0,49360.0
323,context_length_tokens,session_turn_index,323,tokens,103,331728.4368932039,195333.60499743655,58788.0,139268.0,180980.0,240064.0,432433.0,655777.2,686384.9,767709.42,882396.0,34168029.0
324,isl_tokens,session_turn_index,324,tokens,102,398.8627450980392,987.4624345221769,6.0,29.300000000000004,58.0,108.0,298.0,676.9000000000003,1160.3499999999997,4793.779999999994,7583.0,40684.0
324,osl_tokens,session_turn_index,324,tokens,102,735.5784313725491,1301.4340388871078,8.0,44.2,101.25,209.0,651.75,2403.200000000001,3527.7499999999977,5369.859999999993,8609.0,75029.0
324,context_length_tokens,session_turn_index,324,tokens,102,333808.4705882353,196416.84419724802,58964.0,139459.5,180936.5,250501.0,438365.5,658461.4,690049.0,768653.7099999998,883575.0,34048464.0
325,isl_tokens,session_turn_index,325,tokens,102,238.92156862745097,271.76174276176545,6.0,28.0,51.0,142.5,304.25,637.0,779.2499999999998,1182.78,1250.0,24370.0
325,osl_tokens,session_turn_index,325,tokens,102,512.2941176470588,725.4330361690168,1.0,32.0,86.0,272.0,669.5,1149.5000000000011,1727.1999999999996,2734.9899999999993,5311.0,52254.0
325,context_length_tokens,session_turn_index,325,tokens,102,334782.9705882353,197160.77921935054,59175.0,140241.1,181091.0,250801.0,441820.0,659955.8,693016.2999999999,768878.6399999999,885600.0,34147863.0
326,isl_tokens,session_turn_index,326,tokens,102,362.2450980392157,844.7547205941893,6.0,28.0,48.0,149.5,234.0,772.4000000000007,1052.599999999999,4633.419999999996,5924.0,36949.0
326,osl_tokens,session_turn_index,326,tokens,102,1315.7156862745098,6398.6651907321475,1.0,32.0,67.75,199.0,567.5,2220.6000000000004,3852.299999999996,10849.159999999967,64000.0,134203.0
326,context_length_tokens,session_turn_index,326,tokens,102,335657.50980392157,197751.40236178815,59304.0,141078.4,181475.5,251189.5,447981.5,662231.3,693925.4999999999,769829.2899999999,888860.0,34237066.0
327,isl_tokens,session_turn_index,327,tokens,102,283.9313725490196,376.2011680200963,6.0,29.0,58.0,146.0,352.5,700.5000000000003,899.8499999999997,1622.049999999999,2616.0,28961.0
327,osl_tokens,session_turn_index,327,tokens,102,596.5,1050.1512005981076,8.0,37.0,93.5,259.5,617.0,1356.2000000000003,2262.9499999999957,5267.349999999991,7598.0,60843.0
327,context_length_tokens,session_turn_index,327,tokens,102,337257.1568627451,198375.91383664604,59487.0,141389.6,181711.75,262977.0,457440.5,664600.4,694544.3999999999,773413.9799999999,891856.0,34400230.0
328,isl_tokens,session_turn_index,328,tokens,101,352.0,768.3424102611677,6.0,24.0,37.0,95.0,237.0,857.0,1002.0,3730.0,4996.0,35552.0
328,osl_tokens,session_turn_index,328,tokens,101,442.019801980198,794.5200304685858,8.0,46.0,108.0,200.0,449.0,848.0,1189.0,4508.0,5167.0,44644.0
328,context_length_tokens,session_turn_index,328,tokens,101,339365.1089108911,199520.0050792645,59597.0,141444.0,182820.0,264407.0,469479.0,665825.0,696621.0,774976.0,898096.0,34275876.0
329,isl_tokens,session_turn_index,329,tokens,100,298.13,810.2904004738054,6.0,28.0,56.75,90.5,299.5,502.3000000000002,642.3499999999998,2129.980000000029,7771.0,29813.0
329,osl_tokens,session_turn_index,329,tokens,100,475.42,859.0120276224309,1.0,32.0,47.75,207.0,515.75,889.3000000000004,1382.7999999999997,4499.470000000006,5635.0,47542.0
329,context_length_tokens,session_turn_index,329,tokens,100,339727.17,200935.74778749823,59731.0,141475.6,182114.5,264091.5,475590.25,668428.3,700184.85,776637.2000000007,903377.0,33972717.0
330,isl_tokens,session_turn_index,330,tokens,98,267.765306122449,861.9708882936375,7.0,28.0,44.5,97.0,194.75,410.39999999999975,839.7999999999993,2351.280000000007,8245.0,26241.0
330,osl_tokens,session_turn_index,330,tokens,98,439.8061224489796,711.6859927014256,1.0,32.0,54.0,187.0,480.0,969.8,1697.3499999999985,3353.390000000001,3948.0,43101.0
330,context_length_tokens,session_turn_index,330,tokens,98,342457.13265306124,202965.9240521412,59825.0,141221.6,180418.25,265479.5,478977.25,670831.0,705347.0499999998,779853.8200000002,903911.0,33560799.0
331,isl_tokens,session_turn_index,331,tokens,98,290.2551020408163,390.26945979602266,12.0,29.0,57.0,188.0,304.0,676.6999999999996,1106.8499999999985,1687.5500000000009,2352.0,28445.0
331,osl_tokens,session_turn_index,331,tokens,98,631.969387755102,1092.147785227428,1.0,32.0,69.5,304.5,621.0,1303.9999999999993,2170.9999999999995,5837.6100000000015,6892.0,61933.0
331,context_length_tokens,session_turn_index,331,tokens,98,343187.193877551,203469.4933258014,59944.0,141908.4,181246.75,265735.0,479717.25,672427.7,708687.6999999998,781106.7800000001,905098.0,33632345.0
332,isl_tokens,session_turn_index,332,tokens,97,256.16494845360825,433.25052109503696,6.0,29.0,57.0,84.0,284.0,642.4000000000001,843.9999999999986,2216.959999999992,3224.0,24848.0
332,osl_tokens,session_turn_index,332,tokens,97,448.4329896907216,721.4115874445802,1.0,32.0,84.0,182.0,408.0,1202.2,1667.1999999999994,3601.919999999991,4680.0,43498.0
332,context_length_tokens,session_turn_index,332,tokens,97,345822.76288659795,204411.88862886638,60120.0,141782.0,183891.0,266445.0,481381.0,674574.8,711580.9999999998,783598.799999999,911226.0,33544808.0
333,isl_tokens,session_turn_index,333,tokens,97,520.1546391752578,1761.3216472748213,6.0,25.0,37.0,106.0,357.0,658.8000000000003,1185.199999999989,9224.239999999958,14342.0,50455.0
333,osl_tokens,session_turn_index,333,tokens,97,510.8659793814433,791.4605919667839,1.0,31.6,58.0,229.0,614.0,1252.4000000000012,1810.999999999991,3527.919999999988,4990.0,49554.0
333,context_length_tokens,session_turn_index,333,tokens,97,346791.3505154639,204693.54382865835,60337.0,142116.6,185646.0,266913.0,484628.0,676893.6,713301.9999999998,783836.759999999,912111.0,33638761.0
334,isl_tokens,session_turn_index,334,tokens,97,454.17525773195877,1809.0304916723187,11.0,24.0,44.0,79.0,214.0,587.2000000000003,991.999999999998,12656.279999999999,12831.0,44055.0
334,osl_tokens,session_turn_index,334,tokens,97,477.11340206185565,847.0030231118369,2.0,32.0,104.0,194.0,450.0,1073.4000000000003,1958.7999999999965,3326.959999999974,6470.0,46280.0
334,context_length_tokens,session_turn_index,334,tokens,97,347756.3917525773,205072.03644882745,60440.0,142418.6,186032.0,267593.0,484958.0,678151.0,715980.5999999997,787402.7199999989,913228.0,33732370.0
335,isl_tokens,session_turn_index,335,tokens,97,331.4845360824742,527.742011975706,6.0,28.6,57.0,172.0,367.0,752.8000000000005,1075.0,3003.5599999999995,3041.0,32154.0
335,osl_tokens,session_turn_index,335,tokens,97,534.2577319587629,763.1693989622368,1.0,31.0,68.0,304.0,618.0,1237.0000000000005,1832.7999999999984,2832.5199999999777,5509.0,51823.0
335,context_length_tokens,session_turn_index,335,tokens,97,348564.9896907217,205709.52040813834,60653.0,142581.0,186208.0,267932.0,485351.0,679808.4,717239.5999999997,788785.8399999989,919870.0,33810804.0
336,isl_tokens,session_turn_index,336,tokens,97,258.8144329896907,570.6364385020711,8.0,29.0,59.0,123.0,222.0,493.0000000000004,882.1999999999989,1608.79999999997,5228.0,25105.0
336,osl_tokens,session_turn_index,336,tokens,97,489.4020618556701,1006.2477576056855,6.0,32.0,57.0,171.0,395.0,956.6000000000001,1687.3999999999958,4777.79999999998,7197.0,47472.0
336,context_length_tokens,session_turn_index,336,tokens,97,349358.0618556701,206229.48119748995,60769.0,142775.4,186667.0,268612.0,486112.0,681462.6,718187.7999999997,790388.3999999989,922038.0,33887732.0
337,isl_tokens,session_turn_index,337,tokens,97,288.12371134020617,472.1536150893013,6.0,26.000000000000007,57.0,124.0,273.0,605.0000000000003,1187.599999999992,2281.04,2282.0,27948.0
337,osl_tokens,session_turn_index,337,tokens,97,506.4020618556701,811.8384845178272,2.0,31.0,48.0,285.0,551.0,1218.4000000000008,1970.7999999999986,4072.2399999999907,5206.0,49121.0
337,context_length_tokens,session_turn_index,337,tokens,97,350135.58762886596,206743.39575070102,60898.0,142939.4,187390.0,268951.0,487698.0,681989.2,718899.1999999997,793124.7199999989,922790.0,33963152.0
338,isl_tokens,session_turn_index,338,tokens,97,274.1443298969072,620.4683962260066,24.0,29.0,62.0,113.0,222.0,552.6000000000001,707.7999999999988,2515.2799999999747,5546.0,26592.0
338,osl_tokens,session_turn_index,338,tokens,97,467.11340206185565,696.798893856885,2.0,39.6,91.0,200.0,537.0,986.4,1787.7999999999915,3251.199999999998,3496.0,45310.0
338,context_length_tokens,session_turn_index,338,tokens,97,350916.13402061857,207201.6123783754,60992.0,143133.4,187766.0,269631.0,488510.0,683191.8,719276.9999999998,797166.8399999989,923907.0,34038865.0
339,isl_tokens,session_turn_index,339,tokens,96,348.6979166666667,1032.8862082351216,6.0,29.0,56.75,127.5,277.25,614.0,962.0,3334.8499999999813,9659.0,33475.0
339,osl_tokens,session_turn_index,339,tokens,96,682.7291666666666,1320.677363129481,1.0,32.0,54.75,265.0,573.0,1342.0,3477.25,6581.699999999996,7868.0,65542.0
339,context_length_tokens,session_turn_index,339,tokens,96,352842.96875,208624.1068818237,61207.0,142915.0,186529.5,275773.5,491066.5,683807.5,721224.0,801760.0999999996,928017.0,33872925.0
340,isl_tokens,session_turn_index,340,tokens,96,309.5625,469.37477946066724,6.0,29.0,56.0,187.5,336.0,769.5,964.75,2376.4999999999977,3184.0,29718.0
340,osl_tokens,session_turn_index,340,tokens,96,666.1041666666666,1193.2038408486505,1.0,32.0,75.0,244.5,617.0,1595.5,3523.0,5996.749999999999,6163.0,63946.0
340,context_length_tokens,session_turn_index,340,tokens,96,353835.2604166667,209163.37669327838,61314.0,143008.0,186606.5,276453.5,492623.5,685057.5,722221.25,806144.0999999996,931014.0,33968185.0
341,isl_tokens,session_turn_index,341,tokens,96,384.78125,1051.701520187693,6.0,26.0,42.25,105.0,262.25,634.0,992.75,5372.049999999993,7691.0,36939.0
341,osl_tokens,session_turn_index,341,tokens,96,488.0833333333333,682.521194217114,2.0,32.0,53.75,255.0,615.0,1195.5,1872.25,2938.6999999999975,3826.0,46856.0
341,context_length_tokens,session_turn_index,341,tokens,96,354886.1458333333,210110.23097124812,61449.0,143079.0,186695.0,277066.0,493958.75,687715.0,723724.0,812251.1999999996,933076.0,34069070.0
342,isl_tokens,session_turn_index,342,tokens,96,331.3229166666667,681.1208974732946,9.0,29.0,57.0,122.0,330.5,745.0,1005.5,2602.34999999999,5934.0,31807.0
342,osl_tokens,session_turn_index,342,tokens,96,456.1979166666667,630.4657606978561,1.0,32.0,76.5,204.5,593.25,1309.5,1703.25,2921.1499999999974,3798.0,43795.0
342,context_length_tokens,session_turn_index,342,tokens,96,355705.5520833333,210611.31024654902,61626.0,143275.5,186815.0,277683.5,494499.25,688346.5,725957.0,813076.2999999996,933561.0,34147733.0
343,isl_tokens,session_turn_index,343,tokens,94,311.43617021276594,604.3297422890255,8.0,28.3,45.75,116.5,301.25,632.0,1023.1999999999974,2642.069999999987,4410.0,29275.0
343,osl_tokens,session_turn_index,343,tokens,94,575.0531914893617,1050.6630263995235,1.0,33.5,97.0,271.5,604.5,1469.6000000000006,1981.9999999999993,3571.419999999962,8785.0,54055.0
343,context_length_tokens,session_turn_index,343,tokens,94,359274.4893617021,212352.13715023253,61719.0,142939.1,186608.25,287268.5,497745.75,691598.0,730355.4999999998,815899.5099999991,934375.0,33771802.0
344,isl_tokens,session_turn_index,344,tokens,94,244.58510638297872,384.36638686629226,6.0,28.0,50.0,80.0,292.0,604.4000000000003,928.9999999999998,2025.2799999999972,2401.0,22991.0
344,osl_tokens,session_turn_index,344,tokens,94,493.82978723404256,746.4977182604378,2.0,32.0,80.0,205.5,484.75,1105.6,2204.949999999995,3229.4899999999966,3701.0,46420.0
344,context_length_tokens,session_turn_index,344,tokens,94,360094.12765957444,213121.30515283433,61849.0,143189.1,186912.0,287543.5,500183.25,692947.5,731933.8999999998,826514.6599999992,937406.0,33848848.0
345,isl_tokens,session_turn_index,345,tokens,92,226.6086956521739,501.5359009327105,6.0,29.0,48.75,92.5,227.75,382.70000000000005,597.3000000000002,2892.850000000004,3953.0,20848.0
345,osl_tokens,session_turn_index,345,tokens,92,430.54347826086956,553.6963815054687,1.0,32.0,73.25,240.0,523.0,1091.800000000001,1800.65,2292.170000000002,2850.0,39610.0
345,context_length_tokens,session_turn_index,345,tokens,92,360365.26086956525,215724.07789419685,61971.0,142833.8,186041.5,278933.5,512955.75,697521.4,737070.1000000001,832505.2400000003,938280.0,33153604.0
346,isl_tokens,session_turn_index,346,tokens,92,259.42391304347825,468.7114212227904,6.0,29.0,49.75,112.5,256.5,617.1000000000004,885.7000000000004,2013.7000000000066,3770.0,23867.0
346,osl_tokens,session_turn_index,346,tokens,92,457.0869565217391,643.188451189005,1.0,32.0,71.0,204.5,495.75,1158.3,1600.9000000000012,3215.8200000000015,3669.0,42052.0
346,context_length_tokens,session_turn_index,346,tokens,92,361055.22826086957,216103.88382241694,62151.0,143028.3,186416.75,279439.5,514794.25,699342.0,738664.5000000001,834284.7700000004,938892.0,33217081.0
347,isl_tokens,session_turn_index,347,tokens,92,287.9130434782609,510.1389122874941,6.0,29.0,49.5,101.0,337.0,607.6000000000001,1095.2000000000019,1954.730000000007,3863.0,26488.0
347,osl_tokens,session_turn_index,347,tokens,92,443.4673913043478,628.254837021587,8.0,32.0,51.75,215.0,580.5,1043.2000000000007,1924.3000000000006,2714.340000000002,3193.0,40799.0
347,context_length_tokens,session_turn_index,347,tokens,92,361800.22826086957,216538.77811431693,62287.0,143436.2,187007.5,279891.5,517576.75,701837.1,740675.3000000002,835194.2500000003,940049.0,33285621.0
348,isl_tokens,session_turn_index,348,tokens,92,266.5326086956522,380.25347527460167,10.0,29.0,57.0,102.0,249.5,790.2000000000005,1074.2500000000005,1656.8100000000013,2029.0,24521.0
348,osl_tokens,session_turn_index,348,tokens,92,484.89130434782606,759.7548726043977,2.0,32.0,97.0,239.0,516.25,967.7,1904.8500000000004,3446.6500000000065,5162.0,44610.0
348,context_length_tokens,session_turn_index,348,tokens,92,362510.22826086957,217030.779612974,62380.0,143519.5,187582.5,280297.0,519504.75,703901.1,743008.0000000001,835681.4100000004,942742.0,33350941.0
349,isl_tokens,session_turn_index,349,tokens,92,331.75,706.9501800446884,7.0,28.1,57.0,124.0,314.25,643.6,1073.1000000000001,3451.5300000000084,5651.0,30521.0
349,osl_tokens,session_turn_index,349,tokens,92,476.7391304347826,716.7785551789767,1.0,32.0,103.25,238.0,618.75,1133.3000000000009,1568.2500000000007,3410.9500000000066,5190.0,43860.0
349,context_length_tokens,session_turn_index,349,tokens,92,363326.8695652174,217530.54352031543,62557.0,143747.9,187859.75,280986.0,521243.75,704319.4,743558.9500000002,836532.6300000004,946649.0,33426072.0
350,isl_tokens,session_turn_index,350,tokens,92,341.39130434782606,805.6156969850658,6.0,28.1,46.5,69.5,256.25,623.8,1146.1000000000006,3489.1300000000097,6089.0,31408.0
350,osl_tokens,session_turn_index,350,tokens,92,609.5434782608696,1278.8640204854655,1.0,37.3,84.5,200.0,527.0,1079.0000000000007,2814.2000000000035,6091.900000000009,8376.0,56078.0
350,context_length_tokens,session_turn_index,350,tokens,92,364145.0,218027.3769213299,62650.0,143976.2,189012.0,281608.5,522391.0,705482.3,745365.9500000002,837915.7900000004,950420.0,33501340.0
351,isl_tokens,session_turn_index,351,tokens,92,349.9673913043478,770.8977890165374,6.0,28.0,48.75,122.0,276.0,622.7000000000008,1057.5500000000002,4051.790000000003,4899.0,32197.0
351,osl_tokens,session_turn_index,351,tokens,92,512.6847826086956,805.3401918140182,1.0,32.0,72.0,232.5,521.5,1225.900000000001,2242.000000000001,3712.0100000000025,4430.0,47167.0
351,context_length_tokens,session_turn_index,351,tokens,92,365104.51086956525,218738.6657650738,62788.0,144283.6,189931.25,281931.5,523357.5,707241.5,745817.1000000001,846933.7200000004,955413.0,33589615.0
352,isl_tokens,session_turn_index,352,tokens,92,645.0217391304348,2014.559591412847,6.0,29.0,57.75,143.0,428.5,951.9000000000002,2292.7500000000014,10903.780000000019,16038.0,59342.0
352,osl_tokens,session_turn_index,352,tokens,92,824.0217391304348,1293.9219617139477,2.0,37.699999999999996,100.0,251.0,838.5,2310.7000000000003,3968.900000000002,5553.840000000001,5805.0,75810.0
352,context_length_tokens,session_turn_index,352,tokens,92,366262.2173913043,219272.073832043,62918.0,144529.3,193153.0,282435.0,524049.0,708727.6,748293.5500000002,849880.3000000004,959690.0,33696124.0
353,isl_tokens,session_turn_index,353,tokens,92,403.14130434782606,707.772079831921,6.0,28.0,50.0,179.0,277.0,1070.2,1526.9000000000008,3931.89,3951.0,37089.0
353,osl_tokens,session_turn_index,353,tokens,92,616.9021739130435,950.8941222525273,1.0,34.3,92.0,289.0,621.0,1394.5000000000007,2405.9000000000005,3882.4700000000084,6142.0,56755.0
353,context_length_tokens,session_turn_index,353,tokens,92,367489.3804347826,220135.67517609612,63013.0,144681.1,193760.0,283240.5,524343.0,710105.1,751454.6500000001,855036.2500000005,964441.0,33809023.0
354,isl_tokens,session_turn_index,354,tokens,92,279.6847826086956,515.4570350531868,6.0,24.2,43.75,105.5,241.75,706.4000000000004,1182.6000000000004,1788.1700000000083,3984.0,25731.0
354,osl_tokens,session_turn_index,354,tokens,92,467.29347826086956,765.6138846652727,2.0,32.0,65.75,187.5,516.75,1020.9000000000001,1528.3500000000001,3465.950000000005,4699.0,42991.0
354,context_length_tokens,session_turn_index,354,tokens,92,368385.9673913043,220872.35547947887,63189.0,145214.2,194009.25,283700.0,525579.75,711526.1,755794.1500000001,857159.2100000004,966513.0,33891509.0
355,isl_tokens,session_turn_index,355,tokens,90,264.6,459.2913817320475,15.0,29.0,58.0,152.0,251.0,487.800000000001,926.9499999999995,2742.95,2961.0,23814.0
355,osl_tokens,session_turn_index,355,tokens,90,622.5111111111111,822.5084699927878,1.0,32.0,94.0,319.0,722.75,1736.0000000000005,2219.899999999999,4184.98,4290.0,56026.0
355,context_length_tokens,session_turn_index,355,tokens,90,361766.73333333334,214412.94169148363,63310.0,146599.8,193277.75,278956.5,515369.5,712881.8,729660.6,807772.87,847482.0,32559006.0
356,isl_tokens,session_turn_index,356,tokens,90,225.48888888888888,478.16785161801465,6.0,24.0,32.0,66.5,204.75,517.4000000000011,817.6499999999995,2039.1099999999988,3820.0,20294.0
356,osl_tokens,session_turn_index,356,tokens,90,517.6222222222223,788.83160543198,1.0,31.0,48.5,212.5,569.0,1789.2000000000003,2175.3999999999996,3745.9799999999996,4118.0,46586.0
356,context_length_tokens,session_turn_index,356,tokens,90,362614.73333333334,214928.0506221042,63416.0,146662.7,193665.0,279805.5,516002.25,713336.8,732195.5,811550.1799999999,847896.0,32635326.0
357,isl_tokens,session_turn_index,357,tokens,90,295.3222222222222,696.2926879437631,11.0,26.700000000000003,58.0,114.5,250.75,633.5,805.7499999999999,3169.1099999999983,5929.0,26579.0
357,osl_tokens,session_turn_index,357,tokens,90,454.44444444444446,550.0244461458279,1.0,44.9,86.0,301.0,606.0,964.9000000000005,1631.6999999999991,2460.6699999999996,3348.0,40900.0
357,context_length_tokens,session_turn_index,357,tokens,90,363427.6777777778,215495.81945663138,63594.0,146800.5,193874.75,280307.5,516730.5,714903.0,736236.25,814962.59,848310.0,32708491.0
358,isl_tokens,session_turn_index,358,tokens,90,492.9888888888889,1486.6991886909473,6.0,27.700000000000003,34.75,85.0,271.0,818.9000000000009,1859.3999999999996,9638.95,9768.0,44369.0
358,osl_tokens,session_turn_index,358,tokens,90,583.1777777777778,955.0200181471215,1.0,32.0,100.25,212.0,552.5,1726.4000000000005,2770.95,4394.95,4969.0,52486.0
358,context_length_tokens,session_turn_index,358,tokens,90,364375.1111111111,215971.65666594333,63687.0,147354.5,194245.5,281330.5,517211.5,715568.6,739319.5499999999,817202.12,849324.0,32793760.0
359,isl_tokens,session_turn_index,359,tokens,90,468.43333333333334,1136.309436044797,6.0,29.0,56.25,133.5,251.0,741.2000000000003,1889.2999999999995,6565.25,6810.0,42159.0
359,osl_tokens,session_turn_index,359,tokens,90,785.6888888888889,1617.0786048677373,4.0,38.8,122.0,366.5,714.5,1816.8000000000004,2908.2999999999997,5881.519999999995,13475.0,70712.0
359,context_length_tokens,session_turn_index,359,tokens,90,365426.72222222225,216661.12002069692,63820.0,147583.0,194424.25,282714.5,518364.0,717126.7000000001,744833.7,822154.13,850441.0,32888405.0
360,isl_tokens,session_turn_index,360,tokens,89,398.35955056179773,1172.420987464396,5.0,29.0,59.0,153.0,339.0,722.4000000000001,953.7999999999995,4807.160000000029,10389.0,35454.0
360,osl_tokens,session_turn_index,360,tokens,89,674.5842696629213,1016.5254525626068,1.0,32.0,98.0,211.0,621.0,2073.2000000000003,3090.5999999999995,4120.4000000000015,4490.0,60038.0
360,context_length_tokens,session_turn_index,360,tokens,89,367962.67415730335,218478.91748956163,63913.0,147239.80000000002,194585.0,287370.0,520290.0,720648.8,755254.1999999997,827289.0400000002,854298.0,32748678.0
361,isl_tokens,session_turn_index,361,tokens,89,369.30337078651684,1145.7763709536991,11.0,29.0,57.0,120.0,276.0,647.4000000000001,1250.5999999999995,2664.840000000041,10657.0,32868.0
361,osl_tokens,session_turn_index,361,tokens,89,640.9213483146067,1132.2021122694462,1.0,32.0,55.0,269.0,775.0,1311.6000000000004,2529.1999999999994,6102.480000000005,7052.0,57042.0
361,context_length_tokens,session_turn_index,361,tokens,89,369006.5617977528,219312.79053750445,64089.0,147531.4,194810.0,290533.0,521304.0,722317.6,759380.9999999998,828367.2800000001,856346.0,32841584.0
362,isl_tokens,session_turn_index,362,tokens,88,217.2840909090909,387.5670015055355,6.0,24.0,29.75,66.0,209.75,515.1999999999997,832.1499999999999,2120.6099999999983,2466.0,19121.0
362,osl_tokens,session_turn_index,362,tokens,88,571.3181818181819,1060.6944181810002,8.0,32.0,82.75,192.0,552.75,1223.0999999999997,2706.399999999995,5672.019999999999,5893.0,50276.0
362,context_length_tokens,session_turn_index,362,tokens,88,369406.3522727273,221107.7989566525,64186.0,146958.9,194794.0,286654.0,531818.5,723484.2,766306.3999999997,830987.3499999999,857344.0,32507759.0
363,isl_tokens,session_turn_index,363,tokens,88,300.0681818181818,761.4371548629507,6.0,26.800000000000004,37.0,78.0,231.25,435.2999999999993,1117.0499999999938,3985.179999999994,5191.0,26406.0
363,osl_tokens,session_turn_index,363,tokens,88,675.8977272727273,1060.311682733096,18.0,32.0,72.0,306.5,641.5,2084.6999999999985,2689.399999999999,4601.629999999992,6125.0,59479.0
363,context_length_tokens,session_turn_index,363,tokens,88,370277.73863636365,221732.2443823905,64291.0,147037.0,196048.75,287000.5,532693.0,724148.1,772462.6499999997,831911.5099999999,860732.0,32584441.0
364,isl_tokens,session_turn_index,364,tokens,88,269.5681818181818,575.382082451118,6.0,28.400000000000002,47.75,92.5,239.75,605.0,930.1499999999971,2859.429999999991,4522.0,23722.0
364,osl_tokens,session_turn_index,364,tokens,88,522.5909090909091,918.1891471354666,1.0,32.0,84.5,231.0,498.25,1240.5999999999995,1967.1499999999955,3296.64999999998,7129.0,45988.0
364,context_length_tokens,session_turn_index,364,tokens,88,371223.20454545453,222327.85935733002,64467.0,147254.80000000002,196200.75,288175.0,537694.25,724789.4,774773.3999999997,836502.4199999999,861849.0,32667642.0
365,isl_tokens,session_turn_index,365,tokens,87,329.4942528735632,565.5900971666208,6.0,29.0,50.5,97.0,287.5,788.8000000000009,1790.4000000000005,2461.1400000000003,3236.0,28666.0
365,osl_tokens,session_turn_index,365,tokens,87,540.6896551724138,701.3482796964818,15.0,32.0,101.5,266.0,693.5,1326.4000000000003,1989.200000000001,3419.02,3628.0,47040.0
365,context_length_tokens,session_turn_index,365,tokens,87,373874.0114942529,223558.58642893436,64573.0,146824.8,196229.0,293337.0,545665.0,726558.4,777672.3000000002,839210.76,869039.0,32527039.0
366,isl_tokens,session_turn_index,366,tokens,87,229.80459770114942,494.6811312229895,6.0,24.0,33.5,67.0,193.5,427.6,893.400000000001,2718.52,2734.0,19993.0
366,osl_tokens,session_turn_index,366,tokens,87,487.9425287356322,994.9144173477832,1.0,32.0,83.0,180.0,425.0,1043.4000000000008,1826.0000000000018,5052.760000000001,7361.0,42451.0
366,context_length_tokens,session_turn_index,366,tokens,87,374644.5057471264,224055.50209010192,64702.0,146941.8,196361.5,293890.0,545991.0,727805.4,778376.5000000001,840858.42,869929.0,32594072.0
367,isl_tokens,session_turn_index,367,tokens,87,340.0919540229885,840.7438500693984,12.0,29.0,57.0,121.0,311.5,638.0,976.5000000000007,3188.1000000000026,7329.0,29588.0
367,osl_tokens,session_turn_index,367,tokens,87,1202.6666666666667,6801.864493654539,8.0,32.0,70.5,352.0,626.0,1055.2000000000007,1482.1000000000001,13154.220000000034,64000.0,104632.0
367,context_length_tokens,session_turn_index,367,tokens,87,375472.5402298851,224365.57321708245,64796.0,147159.0,196516.0,295099.0,546983.0,729616.8,779662.4000000001,841307.68,870988.0,32666111.0
368,isl_tokens,session_turn_index,368,tokens,86,354.6279069767442,981.4474603160047,6.0,29.0,37.0,143.0,224.0,492.0,900.25,4167.100000000026,7970.0,30498.0
368,osl_tokens,session_turn_index,368,tokens,86,404.5232558139535,714.4025594166272,2.0,32.0,46.0,165.5,411.75,840.0,1356.75,3527.1500000000106,5143.0,34789.0
368,context_length_tokens,session_turn_index,368,tokens,86,378312.27906976745,225728.98354167843,64989.0,146548.5,196485.5,296068.0,554982.75,731097.5,783082.75,842842.1000000002,871516.0,32534856.0
369,isl_tokens,session_turn_index,369,tokens,85,353.98823529411766,749.949355060533,6.0,28.0,47.0,128.0,305.0,638.0,1121.3999999999994,4479.36,4539.0,30089.0
369,osl_tokens,session_turn_index,369,tokens,85,455.4,510.4838811766503,6.0,32.0,60.0,263.0,654.0,1065.4000000000005,1210.6,2048.6799999999976,2593.0,38709.0
369,context_length_tokens,session_turn_index,369,tokens,85,380647.0705882353,227095.76360924396,65104.0,145938.8,196398.0,296849.0,562988.0,732132.8,786178.1999999998,846159.3599999999,872448.0,32355001.0
370,isl_tokens,session_turn_index,370,tokens,85,322.32941176470587,565.1613905516213,6.0,29.8,58.0,140.0,252.0,840.800000000001,1501.3999999999996,2384.5999999999945,3737.0,27398.0
370,osl_tokens,session_turn_index,370,tokens,85,494.6,1021.3715139026369,8.0,32.0,56.0,181.0,571.0,1074.2000000000016,1581.3999999999999,4126.399999999982,8444.0,42041.0
370,context_length_tokens,session_turn_index,370,tokens,85,381424.8,227586.75022912497,65262.0,146160.6,197314.0,299247.0,563712.0,734197.0,786982.5999999999,847108.5999999999,875047.0,32421108.0
371,isl_tokens,session_turn_index,371,tokens,85,356.6235294117647,710.3730250653415,6.0,29.0,43.0,143.0,351.0,664.4000000000001,1182.1999999999994,3828.519999999996,4897.0,30313.0
371,osl_tokens,session_turn_index,371,tokens,85,459.05882352941177,693.5136005781367,2.0,32.0,113.0,269.0,578.0,975.8000000000002,1367.999999999999,3350.919999999993,5167.0,39020.0
371,context_length_tokens,session_turn_index,371,tokens,85,382276.02352941176,228028.77500355736,65442.0,146949.0,197480.0,301480.0,564141.0,736122.2,787890.1999999998,849148.0399999999,876254.0,32493462.0
372,isl_tokens,session_turn_index,372,tokens,85,250.01176470588234,387.27717674334696,6.0,29.0,57.0,120.0,209.0,477.00000000000006,955.7999999999994,1914.5199999999988,2185.0,21251.0
372,osl_tokens,session_turn_index,372,tokens,85,461.70588235294116,706.3522004934,3.0,44.8,78.0,222.0,632.0,1156.6000000000015,1462.1999999999994,2767.7999999999893,5460.0,39245.0
372,context_length_tokens,session_turn_index,372,tokens,85,382985.09411764704,228401.40500786682,65539.0,147321.6,197849.0,301892.0,564911.0,738207.0,789340.7999999999,849664.7599999999,876743.0,32553733.0
373,isl_tokens,session_turn_index,373,tokens,85,337.5176470588235,692.4870712195487,6.0,29.0,59.0,146.0,251.0,590.8000000000001,1530.799999999998,3107.7999999999925,4939.0,28689.0
373,osl_tokens,session_turn_index,373,tokens,85,505.29411764705884,614.3662602471784,2.0,32.0,111.0,316.0,664.0,1115.2000000000007,1801.9999999999995,2943.439999999999,3161.0,42950.0
373,context_length_tokens,session_turn_index,373,tokens,85,383784.3176470588,228782.4583595009,65667.0,147539.8,198042.0,302261.0,566312.0,739466.2000000001,792951.5999999999,850467.1199999999,877521.0,32621667.0
374,isl_tokens,session_turn_index,374,tokens,84,250.0595238095238,498.40582410775977,15.0,29.0,46.25,83.0,244.25,567.0,879.8499999999997,2086.050000000004,4049.0,21005.0
374,osl_tokens,session_turn_index,374,tokens,84,472.79761904761904,713.710038156785,1.0,32.0,53.75,175.5,584.5,1154.3000000000002,2132.7999999999997,3099.5000000000005,3390.0,39715.0
374,context_length_tokens,session_turn_index,374,tokens,84,384338.7619047619,230561.891616857,65759.0,147289.4,197959.0,302170.0,575637.0,741178.4,796828.1499999998,852469.5700000001,877719.0,32284456.0
375,isl_tokens,session_turn_index,375,tokens,84,292.92857142857144,564.1399012933693,12.0,29.0,57.75,125.0,332.75,635.9,851.799999999999,2473.2600000000043,4530.0,24606.0
375,osl_tokens,session_turn_index,375,tokens,84,422.6190476190476,530.8288421301053,2.0,32.0,98.25,253.5,561.75,986.0000000000001,1109.3999999999999,2375.400000000002,3305.0,35500.0
375,context_length_tokens,session_turn_index,375,tokens,84,385104.4880952381,231006.52331293767,65878.0,147608.30000000002,198128.75,303726.5,576413.75,742166.7,799228.8499999997,853557.7200000001,878222.0,32348777.0
376,isl_tokens,session_turn_index,376,tokens,84,184.42857142857142,227.3984485913849,6.0,29.0,51.0,116.5,216.0,368.80000000000007,442.44999999999993,1070.7600000000007,1426.0,15492.0
376,osl_tokens,session_turn_index,376,tokens,84,360.1309523809524,555.101208699002,1.0,32.0,53.75,149.0,487.25,826.1000000000003,1192.3499999999983,2561.7100000000028,4025.0,30251.0
376,context_length_tokens,session_turn_index,376,tokens,84,385711.53571428574,231322.2426916949,66054.0,147934.2,198379.0,304463.0,576720.75,743241.2000000001,800014.2499999998,855905.01,879272.0,32399769.0
377,isl_tokens,session_turn_index,377,tokens,84,290.82142857142856,506.24427476396465,6.0,29.0,48.0,136.5,257.75,611.6000000000003,1026.4499999999991,2760.2000000000003,2976.0,24429.0
377,osl_tokens,session_turn_index,377,tokens,84,1124.0,6911.851760700945,8.0,32.0,102.75,231.5,564.5,885.7,1194.1499999999987,12354.910000000105,64000.0,94416.0
377,context_length_tokens,session_turn_index,377,tokens,84,386362.4880952381,231638.05379824864,66242.0,148299.5,199224.75,305903.5,577307.5,743971.0,800713.9999999998,857217.8,880325.0,32454449.0
378,isl_tokens,session_turn_index,378,tokens,83,277.34939759036143,604.360887831601,6.0,24.0,47.5,80.0,202.5,448.8,1016.8999999999999,3198.5799999999995,3265.0,23020.0
378,osl_tokens,session_turn_index,378,tokens,83,457.2530120481928,740.8563238654372,1.0,32.0,54.0,185.0,532.5,1096.1999999999998,1719.7999999999997,3085.519999999982,5106.0,37952.0
378,context_length_tokens,session_turn_index,378,tokens,83,391619.4698795181,230841.9705012494,103543.0,151907.8,201090.5,309189.0,587386.5,745273.4,803627.2999999997,858691.5799999997,884014.0,32504416.0
379,isl_tokens,session_turn_index,379,tokens,83,332.4096385542169,907.6531771704323,6.0,28.200000000000003,47.5,123.0,256.0,426.9999999999999,925.6999999999988,3656.459999999964,7631.0,27590.0
379,osl_tokens,session_turn_index,379,tokens,83,464.43373493975906,682.7150474175793,2.0,32.0,71.0,242.0,613.5,964.8,1989.299999999993,2785.9599999999837,4608.0,38548.0
379,context_length_tokens,session_turn_index,379,tokens,83,392409.1325301205,231345.86585044235,104160.0,152043.6,201509.5,311402.0,588765.0,746382.2,804444.5999999997,860336.2199999997,887092.0,32569958.0
380,isl_tokens,session_turn_index,380,tokens,82,412.5853658536585,1428.9213734468244,6.0,23.5,34.25,66.5,244.25,654.5000000000005,1400.800000000001,4721.369999999978,12435.0,33832.0
380,osl_tokens,session_turn_index,380,tokens,82,484.8536585365854,741.2468421674391,1.0,32.0,47.75,155.5,474.5,1753.8000000000015,2306.900000000001,2868.7399999999984,3473.0,39758.0
380,context_length_tokens,session_turn_index,380,tokens,82,392392.0731707317,232994.04779217002,104244.0,152079.3,202714.0,308731.5,598997.5,748425.4,807213.6000000001,862106.2399999999,889319.0,32176150.0
381,isl_tokens,session_turn_index,381,tokens,82,331.0365853658537,705.0201423367529,6.0,24.4,50.75,113.0,251.0,645.2,1103.7500000000002,3597.2099999999973,4536.0,27145.0
381,osl_tokens,session_turn_index,381,tokens,82,512.3414634146342,794.6337585529606,2.0,32.0,80.0,242.5,612.0,1120.5,1673.8000000000006,4240.499999999998,4767.0,42012.0
381,context_length_tokens,session_turn_index,381,tokens,82,393207.96341463417,233523.0275846028,104334.0,152175.5,203149.5,309024.5,600697.5,749988.1,808123.1000000001,863523.2599999999,892889.0,32243053.0
382,isl_tokens,session_turn_index,382,tokens,82,292.8780487804878,573.1178610799664,6.0,29.0,52.5,130.5,230.0,575.500000000001,1025.5500000000002,3335.2999999999993,3554.0,24016.0
382,osl_tokens,session_turn_index,382,tokens,82,467.7317073170732,761.6981677480546,1.0,32.0,88.75,196.0,466.75,1122.2000000000007,1837.7500000000014,3972.6099999999988,4393.0,38354.0
382,context_length_tokens,session_turn_index,382,tokens,82,394013.18292682926,234067.33126290757,104410.0,152236.8,203674.0,309337.5,601663.0,750895.9,808687.9500000001,865366.58,897671.0,32309081.0
383,isl_tokens,session_turn_index,383,tokens,82,284.5243902439024,514.1516627727127,7.0,28.0,53.5,142.0,288.25,596.4000000000001,872.6000000000004,2085.2599999999943,4073.0,23331.0
383,osl_tokens,session_turn_index,383,tokens,82,585.4634146341464,891.2906946221573,1.0,37.4,113.0,246.0,620.25,1492.0000000000011,2328.4500000000007,3994.519999999995,5702.0,48008.0
383,context_length_tokens,session_turn_index,383,tokens,82,394765.43902439025,234643.24712225483,104499.0,152342.8,203734.75,309915.0,603954.75,752084.8,809510.9,867638.2199999999,899907.0,32370766.0
384,isl_tokens,session_turn_index,384,tokens,81,293.4567901234568,674.4702548490308,6.0,28.0,40.0,138.0,267.0,401.0,1047.0,2813.4000000000096,5579.0,23770.0
384,osl_tokens,session_turn_index,384,tokens,81,470.17283950617286,966.3235890572477,1.0,32.0,55.0,183.0,421.0,1033.0,1851.0,4073.0000000000127,7661.0,38084.0
384,context_length_tokens,session_turn_index,384,tokens,81,397973.7901234568,235648.21655666878,104807.0,152387.0,203738.0,313078.0,617005.0,753853.0,811182.0,872802.0000000001,903618.0,32235877.0
385,isl_tokens,session_turn_index,385,tokens,80,277.0125,576.1620105003019,6.0,29.0,56.75,140.0,251.0,453.10000000000105,903.1499999999993,2695.2399999999852,4547.0,22161.0
385,osl_tokens,session_turn_index,385,tokens,80,477.0,746.3662137315703,1.0,32.0,111.5,263.5,483.75,976.800000000001,1574.2499999999975,3586.389999999991,4739.0,38160.0
385,context_length_tokens,session_turn_index,385,tokens,80,399842.0625,237342.51115251897,105206.0,152098.9,204152.75,316420.0,624330.5,755970.7000000001,811785.85,876087.8299999997,911340.0,31987365.0
386,isl_tokens,session_turn_index,386,tokens,79,266.8481012658228,403.56497096196796,6.0,29.0,58.0,154.0,314.0,580.0,800.8999999999987,2193.939999999999,2644.0,21081.0
386,osl_tokens,session_turn_index,386,tokens,79,511.5189873417722,853.809747591651,3.0,38.6,113.0,205.0,593.5,924.0000000000005,1839.999999999996,3845.0199999999973,5710.0,40410.0
386,context_length_tokens,session_turn_index,386,tokens,79,402805.4556962025,238331.53901319887,105290.0,151900.4,204216.5,319930.0,630060.0,758512.4,813046.8999999999,878587.3999999999,916160.0,31821631.0
387,isl_tokens,session_turn_index,387,tokens,79,260.253164556962,389.66546731014824,5.0,24.0,49.0,143.0,284.0,607.0,716.0999999999998,1652.6999999999982,2889.0,20560.0
387,osl_tokens,session_turn_index,387,tokens,79,484.43037974683546,844.2068959252251,1.0,32.0,98.5,240.0,618.0,970.4,1443.8999999999999,3746.6799999999957,6589.0,38270.0
387,context_length_tokens,session_turn_index,387,tokens,79,403577.2278481013,238705.81078575525,105381.0,152281.4,204582.5,321745.0,630794.5,760367.2000000001,814006.0,883457.24,921905.0,31882601.0
388,isl_tokens,session_turn_index,388,tokens,78,396.44871794871796,895.6913766705283,6.0,29.0,58.0,198.0,355.0,719.4999999999995,1122.6499999999962,4407.040000000014,6985.0,30923.0
388,osl_tokens,session_turn_index,388,tokens,78,368.9102564102564,364.7558082311998,8.0,35.5,119.25,253.5,542.0,800.3999999999996,1071.6,1628.3100000000009,1780.0,28775.0
388,context_length_tokens,session_turn_index,388,tokens,78,403752.6794871795,240572.3266179459,105457.0,152534.7,204735.5,318274.0,635862.5,763115.7,815024.8499999999,888072.8300000002,928745.0,31492709.0
389,isl_tokens,session_turn_index,389,tokens,77,385.06493506493507,713.8362127551251,6.0,24.6,57.0,108.0,380.0,1081.2000000000005,1762.8,3367.2799999999925,4524.0,29650.0
389,osl_tokens,session_turn_index,389,tokens,77,633.2467532467532,1009.717231290416,1.0,41.2,93.0,236.0,672.0,1653.0000000000011,2218.000000000001,4718.799999999992,5855.0,48760.0
389,context_length_tokens,session_turn_index,389,tokens,77,406575.1818181818,241777.10464487833,105547.0,152354.8,205010.0,322361.0,640940.0,766366.4,816177.0,890273.1599999997,928964.0,31306289.0
390,isl_tokens,session_turn_index,390,tokens,77,289.5064935064935,447.06014073987166,6.0,29.0,49.0,123.0,291.0,994.4000000000001,1327.4,1820.4799999999948,2601.0,22292.0
390,osl_tokens,session_turn_index,390,tokens,77,650.0649350649351,1144.3597238637942,1.0,32.0,96.0,231.0,721.0,2100.0000000000014,2761.6,4603.159999999978,7802.0,50055.0
390,context_length_tokens,session_turn_index,390,tokens,77,407497.93506493507,242548.47417395283,105849.0,152626.2,205192.0,323651.0,641124.0,769568.0,817068.2000000001,892799.3999999997,936146.0,31377341.0
391,isl_tokens,session_turn_index,391,tokens,77,346.3246753246753,768.762987499769,5.0,24.0,41.0,143.0,251.0,563.6000000000007,1470.000000000003,4003.5199999999936,4952.0,26667.0
391,osl_tokens,session_turn_index,391,tokens,77,571.9090909090909,950.8397133937486,1.0,35.0,88.0,256.0,618.0,1329.6000000000006,1952.0000000000007,4222.799999999984,6651.0,44037.0
391,context_length_tokens,session_turn_index,391,tokens,77,408494.32467532466,243283.9454424345,106258.0,152857.6,206638.0,324034.0,641977.0,771766.2000000001,817888.6000000001,896822.3199999997,944070.0,31454063.0
392,isl_tokens,session_turn_index,392,tokens,76,358.5,712.9876632135628,6.0,29.0,46.75,101.5,283.5,849.5,1542.0,3379.0,4531.0,27246.0
392,osl_tokens,session_turn_index,392,tokens,76,561.8026315789474,1016.2754110209034,2.0,32.0,87.75,195.5,604.5,1209.5,2268.5,4760.0,6959.0,42697.0
392,context_length_tokens,session_turn_index,392,tokens,76,404610.3552631579,241744.25766612295,106342.0,152675.5,206659.5,319957.0,636031.0,766598.5,818946.5,902801.25,945396.0,30750387.0
393,isl_tokens,session_turn_index,393,tokens,75,256.24,598.6114341262341,6.0,24.0,52.0,125.0,251.0,509.00000000000097,659.2999999999998,2286.560000000019,5029.0,19218.0
393,osl_tokens,session_turn_index,393,tokens,75,546.3466666666667,928.1166376892269,1.0,24.400000000000006,78.0,271.0,622.0,1159.6000000000006,1535.1999999999998,4466.300000000016,6727.0,40976.0
393,context_length_tokens,session_turn_index,393,tokens,75,407567.64,243198.71057578357,106431.0,152390.2,206763.5,325486.0,642693.0,770157.2000000001,821431.3999999999,906759.8000000003,946853.0,30567573.0
394,isl_tokens,session_turn_index,394,tokens,75,272.92,459.34381487799163,6.0,29.0,50.0,116.0,269.5,651.8000000000006,1165.499999999999,2051.2800000000057,2886.0,20469.0
394,osl_tokens,session_turn_index,394,tokens,75,458.49333333333334,908.2992072855483,2.0,32.0,98.0,200.0,453.0,977.6000000000013,1264.8999999999994,5076.140000000008,6178.0,34387.0
394,context_length_tokens,session_turn_index,394,tokens,75,408386.9066666667,243646.5020544955,106507.0,152643.4,207526.5,325867.0,643123.5,773119.8,822931.0,907251.9400000003,947929.0,30629018.0
395,isl_tokens,session_turn_index,395,tokens,75,230.66666666666666,464.75649060078285,6.0,28.0,47.5,120.0,251.0,369.40000000000026,596.6999999999998,2022.6400000000124,3809.0,17300.0
395,osl_tokens,session_turn_index,395,tokens,75,490.14666666666665,807.7642344699899,2.0,32.0,64.0,169.0,572.5,972.2,2670.5999999999995,3847.720000000001,4012.0,36761.0
395,context_length_tokens,session_turn_index,395,tokens,75,409076.06666666665,244135.38566663285,106596.0,153017.2,207885.5,326098.0,643728.5,774115.2000000001,823874.0,908633.4800000003,948740.0,30680705.0
396,isl_tokens,session_turn_index,396,tokens,74,445.06756756756755,1026.1218163167132,12.0,29.0,57.25,153.0,342.75,898.400000000001,2076.7999999999975,4099.92999999998,7720.0,32935.0
396,osl_tokens,session_turn_index,396,tokens,74,467.02702702702703,598.1050927489604,1.0,31.3,61.75,217.5,615.0,1296.9000000000005,1565.6499999999983,2482.1899999999987,2699.0,34560.0
396,context_length_tokens,session_turn_index,396,tokens,74,405427.0540540541,243166.57001155868,106903.0,153010.6,207805.25,322272.0,631270.5,775883.6,826110.6499999999,912097.1899999998,948887.0,30001602.0
397,isl_tokens,session_turn_index,397,tokens,74,244.35135135135135,388.26319550616734,6.0,24.0,48.0,131.0,278.5,433.70000000000016,912.0499999999989,2058.949999999998,2413.0,18082.0
397,osl_tokens,session_turn_index,397,tokens,74,545.3783783783783,909.7298040018597,1.0,36.20000000000001,77.5,241.0,562.0,1165.2000000000005,2353.5,4367.149999999994,5422.0,40358.0
397,context_length_tokens,session_turn_index,397,tokens,74,406138.4324324324,243567.2536746202,107298.0,153573.8,208281.0,322697.5,632658.75,776240.4,826915.8499999999,914806.3699999998,950672.0,30054244.0
398,isl_tokens,session_turn_index,398,tokens,73,200.63013698630138,242.81412400803512,13.0,28.0,31.0,92.0,291.0,599.7999999999994,763.9999999999998,1012.84,1051.0,14646.0
398,osl_tokens,session_turn_index,398,tokens,73,530.3972602739726,876.5569277940406,8.0,32.0,50.0,232.0,584.0,1309.8,1554.6,4577.720000000001,5549.0,38719.0
398,context_length_tokens,session_turn_index,398,tokens,73,406052.61643835617,245617.79201281437,107382.0,153545.4,207997.0,317922.0,649877.0,778280.0,828621.7999999998,917310.1200000001,951243.0,29641841.0
399,isl_tokens,session_turn_index,399,tokens,73,227.24657534246575,362.1489431281274,6.0,24.6,37.0,89.0,251.0,503.79999999999995,1053.1999999999994,1743.2400000000007,2145.0,16589.0
399,osl_tokens,session_turn_index,399,tokens,73,602.7260273972603,911.8595070269605,1.0,27.200000000000003,54.0,261.0,618.0,1617.6,2804.999999999998,4165.52,4460.0,43999.0
399,context_length_tokens,session_turn_index,399,tokens,73,406810.2602739726,246072.3377736677,107473.0,154034.2,208072.0,318247.0,652166.0,779874.2,829641.5999999997,918654.0800000001,952088.0,29697149.0
400,isl_tokens,session_turn_index,400,tokens,73,251.57534246575344,351.2022762512521,24.0,29.0,50.0,101.0,270.0,776.4,1046.3999999999996,1432.8000000000004,1692.0,18365.0
400,osl_tokens,session_turn_index,400,tokens,73,567.3287671232877,854.7215048284958,1.0,32.0,58.0,194.0,621.0,1595.6,2444.1999999999966,3683.4000000000005,4119.0,41415.0
400,context_length_tokens,session_turn_index,400,tokens,73,407664.5616438356,246615.86697373126,107549.0,154327.4,208161.0,318528.0,656340.0,783357.7999999999,831374.9999999998,919449.76,953518.0,29759513.0
401,isl_tokens,session_turn_index,401,tokens,72,405.3333333333333,771.2700564653084,7.0,29.0,54.0,180.0,398.25,827.1999999999999,1401.4,3740.500000000009,4770.0,29184.0
401,osl_tokens,session_turn_index,401,tokens,72,743.5,1284.6330647741834,2.0,32.0,83.5,243.0,678.5,1807.8999999999992,4387.0,5356.300000000002,5619.0,53532.0
401,context_length_tokens,session_turn_index,401,tokens,72,410897.2361111111,248337.1606385434,107637.0,155365.8,206622.25,324346.0,659235.0,786508.9,835837.4500000001,921325.2400000003,955090.0,29584601.0
402,isl_tokens,session_turn_index,402,tokens,72,328.72222222222223,840.0142231306136,6.0,23.0,34.5,79.0,254.0,777.6999999999998,1234.4,3171.1200000000317,6741.0,23668.0
402,osl_tokens,session_turn_index,402,tokens,72,668.5694444444445,1391.9431045443562,1.0,32.0,67.5,170.0,480.0,1543.8999999999996,3592.550000000001,6912.890000000009,7936.0,48137.0
402,context_length_tokens,session_turn_index,402,tokens,72,411969.4583333333,249176.1053893933,107939.0,156857.5,206702.5,325092.5,660124.25,789314.1,842203.1000000001,924099.1000000003,960941.0,29661801.0
403,isl_tokens,session_turn_index,403,tokens,72,335.97222222222223,617.9999094799965,9.0,29.0,55.75,125.0,339.5,698.3999999999999,1386.1000000000001,3290.5800000000017,3505.0,24190.0
403,osl_tokens,session_turn_index,403,tokens,72,579.2083333333334,1055.1365227292733,2.0,32.0,100.0,230.5,618.75,1274.3999999999999,1745.1500000000005,5207.68000000001,6338.0,41703.0
403,context_length_tokens,session_turn_index,403,tokens,72,412974.0,249993.76863695134,108087.0,156958.3,206907.75,325553.5,660836.0,789786.6,846581.0,929204.3400000003,968997.0,29734128.0
404,isl_tokens,session_turn_index,404,tokens,72,303.7361111111111,643.2821437547955,6.0,28.1,57.0,127.5,254.0,551.2,1018.7000000000002,3681.9500000000035,4076.0,21869.0
404,osl_tokens,session_turn_index,404,tokens,72,528.1388888888889,865.8554585808887,2.0,32.400000000000006,98.5,203.0,558.75,1252.8999999999999,1965.6000000000015,4568.730000000003,4950.0,38026.0
404,context_length_tokens,session_turn_index,404,tokens,72,413856.94444444444,250523.75119580803,108522.0,157094.7,207055.75,325924.0,661927.5,790325.4,849420.1,930547.1400000004,970425.0,29797700.0
405,isl_tokens,session_turn_index,405,tokens,72,330.2638888888889,861.256817309828,8.0,29.0,52.5,111.0,257.25,554.4,1052.7500000000023,3250.000000000033,7013.0,23779.0
405,osl_tokens,session_turn_index,405,tokens,72,568.1111111111111,765.1958274330744,1.0,32.0,48.5,360.5,649.25,1569.6,2283.5000000000005,3214.7900000000045,3748.0,40904.0
405,context_length_tokens,session_turn_index,405,tokens,72,414715.34722222225,251056.30359034782,108606.0,157177.4,207311.75,326837.5,663042.75,790924.9,851082.4,931397.2000000003,970930.0,29859505.0
406,isl_tokens,session_turn_index,406,tokens,72,456.69444444444446,1578.9431296395073,14.0,28.0,45.25,101.5,226.25,941.4999999999992,1324.4500000000005,6332.070000000058,12923.0,32882.0
406,osl_tokens,session_turn_index,406,tokens,72,613.7222222222222,1113.5519648382206,1.0,31.0,57.75,234.0,616.5,1287.8,1892.2500000000025,5890.570000000002,6127.0,44188.0
406,context_length_tokens,session_turn_index,406,tokens,72,415740.15277777775,251862.0060580275,108696.0,157280.4,207591.0,327190.0,665368.75,793141.7,854424.05,932408.0200000004,972266.0,29933291.0
407,isl_tokens,session_turn_index,407,tokens,72,350.2916666666667,744.2258363468115,12.0,29.0,48.5,160.0,245.0,656.9999999999999,1414.95,4247.6900000000005,4291.0,25221.0
407,osl_tokens,session_turn_index,407,tokens,72,595.9027777777778,889.5753381330364,2.0,32.0,57.0,211.5,618.75,1603.1,2268.8500000000004,4327.460000000003,4593.0,42905.0
407,context_length_tokens,session_turn_index,407,tokens,72,416704.1666666667,252633.97333939472,108772.0,157548.3,207800.0,327467.5,665567.5,796442.7999999999,857579.55,934896.4400000003,973688.0,30002700.0
408,isl_tokens,session_turn_index,408,tokens,72,341.9166666666667,510.6746558883323,12.0,28.1,59.0,177.0,374.5,857.4999999999998,1635.8,2238.9000000000037,2672.0,24618.0
408,osl_tokens,session_turn_index,408,tokens,72,687.6388888888889,1046.9429877499374,1.0,32.5,98.5,258.5,609.0,2436.7999999999993,2949.05,4288.110000000003,4685.0,49510.0
408,context_length_tokens,session_turn_index,408,tokens,72,417641.9861111111,253285.50537357447,108863.0,157651.2,207950.0,328335.0,668106.5,799319.4,861413.7,937635.7900000003,974237.0,30070223.0
409,isl_tokens,session_turn_index,409,tokens,70,229.31428571428572,252.0940041706179,5.0,29.0,56.25,161.5,277.25,663.6,736.9499999999999,1029.120000000001,1341.0,16052.0
409,osl_tokens,session_turn_index,409,tokens,70,648.2142857142857,1035.4195132251214,8.0,32.0,97.75,225.0,651.5,1859.4000000000005,2425.6499999999996,5223.380000000001,5498.0,45375.0
409,context_length_tokens,session_turn_index,409,tokens,70,416164.17142857146,257183.96022185983,109172.0,157388.3,205412.0,314249.0,677144.0,802674.5,865069.05,941340.6500000001,975161.0,29131492.0
410,isl_tokens,session_turn_index,410,tokens,69,237.1304347826087,325.1696508399072,6.0,28.0,37.0,140.0,315.0,513.0000000000001,742.3999999999996,1596.3199999999956,2039.0,16362.0
410,osl_tokens,session_turn_index,410,tokens,69,614.7971014492754,904.4399753312022,1.0,15.200000000000006,55.0,239.0,708.0,1764.2000000000003,2466.799999999999,3796.9199999999983,3988.0,42421.0
410,context_length_tokens,session_turn_index,410,tokens,69,409955.05797101447,252892.37110618182,109567.0,157227.0,203997.0,307734.0,668951.0,792792.4,858389.3999999999,944203.8799999997,975881.0,28286899.0
411,isl_tokens,session_turn_index,411,tokens,69,270.5072463768116,468.30142105484026,17.0,29.0,57.0,164.0,261.0,500.20000000000005,868.1999999999978,2308.1999999999916,3131.0,18665.0
411,osl_tokens,session_turn_index,411,tokens,69,594.8260869565217,942.9955039547596,1.0,32.0,52.0,344.0,621.0,1164.8000000000002,2594.5999999999976,4328.679999999997,4634.0,41043.0
411,context_length_tokens,session_turn_index,411,tokens,69,410840.3623188406,253506.64031259393,109651.0,157375.8,204245.0,308073.0,669567.0,794948.4,860168.1999999998,946055.8799999997,976373.0,28347985.0
412,isl_tokens,session_turn_index,412,tokens,69,210.0144927536232,342.725583925269,12.0,28.8,51.0,73.0,214.0,595.4000000000001,651.8,1846.679999999998,2033.0,14491.0
412,osl_tokens,session_turn_index,412,tokens,69,629.1304347826087,1113.5015525918448,8.0,31.8,72.0,185.0,589.0,1598.2000000000005,2437.1999999999994,4937.159999999977,7241.0,43410.0
412,context_length_tokens,session_turn_index,412,tokens,69,411645.2028985507,254012.95045723126,109740.0,157564.2,204665.0,308753.0,670496.0,796198.0,861230.9999999999,949694.2399999998,977545.0,28403519.0
413,isl_tokens,session_turn_index,413,tokens,69,267.463768115942,522.0152027246489,6.0,29.0,47.0,109.0,251.0,441.4000000000013,1014.1999999999997,2365.9599999999864,3745.0,18455.0
413,osl_tokens,session_turn_index,413,tokens,69,521.9855072463768,714.4347617350847,2.0,30.800000000000004,51.0,292.0,627.0,1167.6000000000001,2092.3999999999987,3133.7999999999934,3790.0,36017.0
413,context_length_tokens,session_turn_index,413,tokens,69,412541.7971014493,254655.1138468176,109816.0,158225.2,205039.0,309092.0,671085.0,799127.6000000001,862432.9999999999,952636.2799999998,978122.0,28465384.0
414,isl_tokens,session_turn_index,414,tokens,69,493.69565217391306,1809.6271960080123,12.0,29.0,58.0,130.0,238.0,508.80000000000007,1176.3999999999942,8824.51999999995,13881.0,34065.0
414,osl_tokens,session_turn_index,414,tokens,69,654.5072463768116,1060.0878911222464,2.0,31.0,57.0,198.0,592.0,2040.8000000000004,2907.3999999999974,4721.119999999996,5089.0,45161.0
414,context_length_tokens,session_turn_index,414,tokens,69,413557.47826086957,254932.51619223584,109905.0,158520.6,205141.0,309772.0,672918.0,800246.0,864426.7999999998,953896.9999999998,979074.0,28535466.0
415,isl_tokens,session_turn_index,415,tokens,69,296.04347826086956,586.0298363770684,12.0,29.0,44.0,134.0,251.0,673.2,958.7999999999979,2631.9999999999836,4281.0,20427.0
415,osl_tokens,session_turn_index,415,tokens,69,447.4927536231884,600.6854930341608,8.0,32.0,100.0,174.0,563.0,1101.2000000000003,1947.5999999999985,2473.119999999999,2552.0,30877.0
415,context_length_tokens,session_turn_index,415,tokens,69,414508.02898550726,255553.94203997924,110206.0,158705.4,205195.0,310111.0,675216.0,803402.0,866430.9999999999,957587.3599999998,979414.0,28601054.0
416,isl_tokens,session_turn_index,416,tokens,69,396.3188405797101,837.2714222834605,6.0,29.0,58.0,113.0,352.0,747.6000000000003,1503.9999999999995,4186.95999999999,5141.0,27346.0
416,osl_tokens,session_turn_index,416,tokens,69,517.7391304347826,713.1023190639029,2.0,36.0,90.0,243.0,497.0,1688.200000000001,2165.999999999999,2809.479999999994,3414.0,35724.0
416,context_length_tokens,session_turn_index,416,tokens,69,415351.84057971014,255956.768235486,110618.0,158832.2,205602.0,310791.0,676342.0,805550.6,868997.5999999999,958937.8399999997,980417.0,28659277.0
417,isl_tokens,session_turn_index,417,tokens,69,252.08695652173913,484.4895338194545,6.0,27.200000000000003,35.0,101.0,251.0,418.2000000000004,811.5999999999992,2590.759999999994,3215.0,17394.0
417,osl_tokens,session_turn_index,417,tokens,69,714.1159420289855,1292.0153175409123,1.0,30.000000000000004,44.0,196.0,630.0,1634.6000000000006,3781.199999999996,5793.919999999991,6648.0,49274.0
417,context_length_tokens,session_turn_index,417,tokens,69,416121.6666666667,256466.75190310625,110702.0,159025.0,205704.0,311259.0,676825.0,806581.8,871356.5999999999,961286.4399999998,982463.0,28712395.0
418,isl_tokens,session_turn_index,418,tokens,69,228.91304347826087,474.43573621817546,14.0,23.0,34.0,66.0,206.0,538.0000000000001,623.0,2614.5199999999986,2775.0,15795.0
418,osl_tokens,session_turn_index,418,tokens,69,415.57971014492756,772.2905964631598,2.0,28.600000000000005,88.0,257.0,504.0,879.4000000000001,1094.6,2811.2799999999656,6231.0,28675.0
418,context_length_tokens,session_turn_index,418,tokens,69,417064.6956521739,257140.77193908615,110793.0,159101.4,205758.0,311939.0,677473.0,808190.4,872092.7999999998,966666.6399999998,984433.0,28777464.0
419,isl_tokens,session_turn_index,419,tokens,69,346.1014492753623,646.6611043745735,6.0,29.0,48.0,149.0,310.0,565.2000000000007,2049.199999999998,3101.639999999999,3222.0,23881.0
419,osl_tokens,session_turn_index,419,tokens,69,478.6811594202899,559.2821613656599,1.0,23.200000000000014,37.0,327.0,621.0,1293.0,1486.7999999999997,2321.359999999997,2609.0,33029.0
419,context_length_tokens,session_turn_index,419,tokens,69,417826.3768115942,257517.3172764859,110869.0,159218.0,206426.0,312278.0,678051.0,810565.2000000001,873251.7999999998,967374.0799999998,984812.0,28830020.0
420,isl_tokens,session_turn_index,420,tokens,69,305.84057971014494,820.9934353951819,16.0,29.0,57.0,139.0,251.0,393.6000000000005,690.5999999999999,4064.079999999977,6321.0,21103.0
420,osl_tokens,session_turn_index,420,tokens,69,478.4347826086956,895.4307760693728,1.0,32.0,81.0,185.0,398.0,1142.4000000000005,2154.199999999997,3967.4399999999787,6087.0,33012.0
420,context_length_tokens,session_turn_index,420,tokens,69,418610.8985507246,257834.3536887417,110959.0,159703.6,206781.0,312958.0,678282.0,812607.4,874417.5999999999,969477.4399999998,985775.0,28884152.0
421,isl_tokens,session_turn_index,421,tokens,69,312.42028985507244,531.5513910502466,6.0,24.8,35.0,149.0,267.0,715.8000000000017,1566.3999999999992,2185.23999999999,3193.0,21557.0
421,osl_tokens,session_turn_index,421,tokens,69,459.2028985507246,608.8775984109375,2.0,32.0,85.0,289.0,487.0,1140.0000000000002,1638.6,2541.039999999988,3746.0,31685.0
421,context_length_tokens,session_turn_index,421,tokens,69,419401.7536231884,258174.63469555965,111259.0,160188.8,208422.0,313297.0,678577.0,813582.8,874878.5999999999,972023.5999999999,985967.0,28938721.0
422,isl_tokens,session_turn_index,422,tokens,69,579.2898550724638,1893.0337365134937,6.0,27.000000000000004,49.0,101.0,251.0,808.8000000000002,1468.9999999999982,9561.439999999959,13636.0,39971.0
422,osl_tokens,session_turn_index,422,tokens,69,547.1739130434783,808.301205813446,2.0,32.0,86.0,259.0,592.0,1390.4,1584.7999999999997,3940.639999999995,4452.0,37755.0
422,context_length_tokens,session_turn_index,422,tokens,69,420440.2463768116,258660.93623917722,111700.0,160428.2,215814.0,313977.0,679089.0,814573.8,879187.7999999999,974797.5199999999,986416.0,29010377.0
423,isl_tokens,session_turn_index,423,tokens,69,265.3478260869565,387.2890852305967,6.0,29.0,56.0,164.0,255.0,494.40000000000043,779.5999999999996,1906.7999999999993,1985.0,18309.0
423,osl_tokens,session_turn_index,423,tokens,69,505.1449275362319,705.0330298637842,1.0,32.0,85.0,297.0,618.0,1310.0,1789.5999999999963,3117.3599999999883,4289.0,34855.0
423,context_length_tokens,session_turn_index,423,tokens,69,421252.768115942,259161.84804951324,111784.0,160683.6,215903.0,314316.0,680258.0,815733.6,880052.1999999998,975960.5599999999,986591.0,29066441.0
424,isl_tokens,session_turn_index,424,tokens,69,324.6666666666667,851.9065687810883,6.0,27.200000000000003,49.0,90.0,201.0,508.0000000000001,999.1999999999988,4678.5599999999895,5704.0,22402.0
424,osl_tokens,session_turn_index,424,tokens,69,418.9130434782609,648.6411602399311,2.0,31.0,55.0,138.0,436.0,1004.6000000000006,1603.9999999999995,3166.3199999999965,3507.0,28905.0
424,context_length_tokens,session_turn_index,424,tokens,69,422082.5797101449,259482.56720788465,111876.0,160813.2,215985.0,315125.0,680434.0,816683.8,881448.5999999999,976859.2399999999,987336.0,29123698.0
425,isl_tokens,session_turn_index,425,tokens,69,448.6376811594203,806.9867367948119,23.0,32.2,58.0,157.0,307.0,1217.0000000000023,2488.599999999997,3563.879999999997,3876.0,30956.0
425,osl_tokens,session_turn_index,425,tokens,69,534.1304347826087,626.0212274273661,2.0,32.0,114.0,337.0,618.0,1600.2000000000003,1878.5999999999997,2444.959999999992,3263.0,36855.0
425,context_length_tokens,session_turn_index,425,tokens,69,422950.1304347826,259999.99087875753,112133.0,160942.4,216074.0,315464.0,684284.0,819336.8,882251.7999999998,980003.5999999999,990649.0,29183559.0
426,isl_tokens,session_turn_index,426,tokens,68,301.4852941176471,627.5085772239448,4.0,24.0,40.75,80.5,197.0,764.0000000000005,1104.6,3244.549999999999,3737.0,20501.0
426,osl_tokens,session_turn_index,426,tokens,68,589.9852941176471,1150.6312269237144,1.0,32.0,94.75,144.5,567.75,1260.2000000000007,2219.099999999999,5433.2099999999955,7267.0,40119.0
426,context_length_tokens,session_turn_index,426,tokens,68,426618.1176470588,261323.54289842726,112559.0,160853.1,214815.0,321616.0,688464.5,821977.9,883966.6499999999,982359.39,992666.0,29010032.0
427,isl_tokens,session_turn_index,427,tokens,67,239.16417910447763,457.4408565315587,6.0,29.0,48.0,106.0,234.5,355.79999999999995,872.6999999999985,2290.4800000000046,3196.0,16024.0
427,osl_tokens,session_turn_index,427,tokens,67,552.9850746268656,830.5892979486224,8.0,32.0,59.0,225.0,621.0,1378.3999999999999,2617.7999999999975,3572.46,3585.0,37050.0
427,context_length_tokens,session_turn_index,427,tokens,67,430165.6417910448,262843.075687371,112643.0,160596.0,215256.0,327367.0,695913.0,824565.6,886112.2999999999,984317.8,993043.0,28821098.0
428,isl_tokens,session_turn_index,428,tokens,67,255.6865671641791,592.9601735626932,6.0,28.6,46.5,77.0,220.0,419.79999999999995,934.0999999999984,2458.1600000000108,4553.0,17131.0
428,osl_tokens,session_turn_index,428,tokens,67,548.5671641791045,795.2859848681976,1.0,32.0,46.5,151.0,688.5,1614.6,2033.9999999999995,3181.900000000006,4393.0,36754.0
428,context_length_tokens,session_turn_index,428,tokens,67,430974.3134328358,263444.9254401297,112733.0,160679.2,215473.0,327821.0,696952.0,828136.6,887883.9999999999,986576.18,993953.0,28875279.0
429,isl_tokens,session_turn_index,429,tokens,67,264.56716417910445,522.0661942326996,6.0,29.0,56.5,94.0,250.0,488.39999999999986,815.6999999999995,2594.5000000000055,3634.0,17726.0
429,osl_tokens,session_turn_index,429,tokens,67,493.4776119402985,675.8477342911907,2.0,32.0,57.0,231.0,607.0,1423.2,2024.2999999999997,2948.860000000002,3331.0,33063.0
429,context_length_tokens,session_turn_index,429,tokens,67,431787.447761194,264120.95923356066,112809.0,160759.0,215561.0,328116.0,697331.5,830403.4,888740.0999999999,988330.9600000001,995686.0,28929759.0
430,isl_tokens,session_turn_index,430,tokens,67,282.2686567164179,451.7263265432129,6.0,29.0,57.0,161.0,328.5,512.4,1138.2999999999988,2095.060000000003,2728.0,18912.0
430,osl_tokens,session_turn_index,430,tokens,67,440.8805970149254,738.2123935438452,8.0,32.0,88.5,135.0,420.5,1086.1999999999998,2023.5999999999995,3442.920000000001,3666.0,29539.0
430,context_length_tokens,session_turn_index,430,tokens,67,432563.19402985077,264627.3885182282,112898.0,161008.2,216347.5,328441.0,698040.0,831606.4,891596.7,989457.16,996436.0,28981734.0
431,isl_tokens,session_turn_index,431,tokens,67,219.9402985074627,382.49506408275664,6.0,29.0,50.0,96.0,260.5,385.59999999999997,685.4999999999997,1559.8800000000072,2934.0,14736.0
431,osl_tokens,session_turn_index,431,tokens,67,654.3432835820895,1560.228691161506,2.0,32.0,87.0,252.0,618.0,1239.9999999999998,2510.8999999999996,6100.480000000031,12187.0,43841.0
431,context_length_tokens,session_turn_index,431,tokens,67,433224.01492537314,265160.9940508119,113202.0,161353.0,216633.5,328726.0,698612.5,832852.8,893551.5999999999,991539.0800000001,998774.0,29026009.0
432,isl_tokens,session_turn_index,432,tokens,66,235.22727272727272,347.7689844263367,6.0,25.5,39.75,91.0,247.25,596.0,1189.0,1475.3499999999988,1619.0,15525.0
432,osl_tokens,session_turn_index,432,tokens,66,443.07575757575756,762.216033772301,2.0,32.0,63.25,200.0,548.75,963.0,1351.5,3564.099999999984,5401.0,29243.0
432,context_length_tokens,session_turn_index,432,tokens,66,425529.3484848485,258575.4966814242,113733.0,161089.0,216745.75,324214.5,672370.75,825229.5,879580.75,941282.0499999996,990541.0,28084937.0
433,isl_tokens,session_turn_index,433,tokens,66,182.37878787878788,231.91761632564078,16.0,26.0,37.0,104.0,235.0,353.5,543.0,1155.149999999998,1382.0,12037.0
433,osl_tokens,session_turn_index,433,tokens,66,538.7878787878788,792.1118591643694,8.0,32.0,46.25,192.0,621.0,1449.5,2291.5,3184.0999999999894,4397.0,35560.0
433,context_length_tokens,session_turn_index,433,tokens,66,426154.80303030304,258951.37887842374,113817.0,161310.5,217024.25,324515.5,672635.25,826088.0,880595.5,942583.8499999996,992004.0,28126217.0
434,isl_tokens,session_turn_index,434,tokens,66,421.6818181818182,1586.4617784610841,4.0,29.0,53.0,105.0,262.5,463.0,1339.25,5657.699999999937,12900.0,27831.0
434,osl_tokens,session_turn_index,434,tokens,66,555.6969696969697,1560.7602942320846,2.0,32.0,55.0,175.5,516.0,971.0,1248.25,6795.949999999952,12254.0,36676.0
434,context_length_tokens,session_turn_index,434,tokens,66,427115.2727272727,259314.89207849826,113905.0,161388.5,218188.25,326089.5,673843.25,828567.5,882788.5,944880.2999999996,994526.0,28189608.0
435,isl_tokens,session_turn_index,435,tokens,64,246.1875,308.1620350460939,24.0,29.0,50.0,155.0,256.0,693.5000000000005,870.2999999999995,1329.3799999999999,1376.0,15756.0
435,osl_tokens,session_turn_index,435,tokens,64,584.0625,738.1442286868806,1.0,32.0,104.25,274.5,738.75,1475.7,2272.099999999997,3109.14,3123.0,37380.0
435,context_length_tokens,session_turn_index,435,tokens,64,421955.796875,252760.6554863328,113981.0,160803.6,212347.0,326974.5,639398.0,818814.5,846868.5,911545.7799999999,920299.0,27005171.0
436,isl_tokens,session_turn_index,436,tokens,64,246.53125,382.1761279481458,6.0,29.0,50.5,95.5,277.0,590.2000000000005,1056.0999999999995,1643.3099999999977,2250.0,15778.0
436,osl_tokens,session_turn_index,436,tokens,64,551.78125,981.3881028412957,8.0,39.10000000000001,67.75,197.5,505.25,1596.800000000001,2311.399999999998,4352.829999999993,6091.0,35314.0
436,context_length_tokens,session_turn_index,436,tokens,64,422786.390625,253349.5141385474,114072.0,161058.0,212447.75,328158.0,640916.25,820637.8,848594.2999999999,913222.19,921530.0,27058329.0
437,isl_tokens,session_turn_index,437,tokens,64,253.40625,519.1951920626168,6.0,28.3,36.0,95.5,257.5,464.90000000000015,857.5999999999977,2285.839999999994,3881.0,16218.0
437,osl_tokens,session_turn_index,437,tokens,64,395.640625,593.8995697713624,2.0,32.0,49.0,158.0,613.5,966.4000000000002,1137.6,2441.699999999993,4149.0,25321.0
437,context_length_tokens,session_turn_index,437,tokens,64,423591.578125,254165.97817990932,114198.0,161355.6,212581.0,328689.5,641526.5,823536.0,849468.25,917260.19,928340.0,27109861.0
438,isl_tokens,session_turn_index,438,tokens,64,246.921875,273.91691855649293,6.0,36.3,61.25,170.5,284.25,592.8000000000001,843.7999999999992,1159.3699999999992,1349.0,15803.0
438,osl_tokens,session_turn_index,438,tokens,64,540.296875,1376.4735590414493,8.0,35.60000000000001,104.5,256.0,466.0,813.0,1477.9999999999982,5520.989999999978,10893.0,34579.0
438,context_length_tokens,session_turn_index,438,tokens,64,424234.140625,254525.0682149788,114438.0,161567.4,212708.5,329884.0,641837.25,824860.6,850648.2999999999,918876.01,929569.0,27150985.0
439,isl_tokens,session_turn_index,439,tokens,64,285.890625,564.4357004230945,6.0,29.0,44.0,94.5,251.0,524.1,1224.8499999999983,2624.2399999999957,3665.0,18297.0
439,osl_tokens,session_turn_index,439,tokens,64,613.765625,1160.339601988728,2.0,28.900000000000002,45.5,175.5,736.5,1451.4,1786.9999999999995,5903.549999999994,7425.0,39281.0
439,context_length_tokens,session_turn_index,439,tokens,64,425060.328125,255249.81963308115,114854.0,161799.3,212940.25,330642.5,643084.0,831893.6,854403.0,919971.99,931581.0,27203861.0
440,isl_tokens,session_turn_index,440,tokens,64,364.453125,1197.2765309454346,15.0,29.0,57.0,106.5,266.25,550.5000000000001,964.2999999999997,4199.499999999978,9649.0,23325.0
440,osl_tokens,session_turn_index,440,tokens,64,665.328125,962.1198446446183,8.0,34.2,96.25,256.0,782.5,1921.9000000000003,2852.949999999997,4170.319999999999,4445.0,42581.0
440,context_length_tokens,session_turn_index,440,tokens,64,426038.546875,256185.71072459634,114938.0,162045.4,213093.5,331532.5,643901.25,833420.6,861496.9,921926.2899999999,933907.0,27266467.0
441,isl_tokens,session_turn_index,441,tokens,63,232.77777777777777,356.0348406548734,6.0,28.0,47.0,132.0,251.0,486.8,725.5999999999999,1789.740000000002,2269.0,14665.0
441,osl_tokens,session_turn_index,441,tokens,63,480.3809523809524,780.8746709304127,8.0,32.0,85.5,151.0,526.0,1194.0000000000005,2393.2,3250.56,3258.0,30264.0
441,context_length_tokens,session_turn_index,441,tokens,63,420093.95238095237,253028.69295369426,115028.0,162051.8,208033.5,323874.0,622391.5,824977.2000000002,863865.7999999999,922890.2000000001,935160.0,26465919.0
442,isl_tokens,session_turn_index,442,tokens,63,213.015873015873,297.9038671010527,6.0,29.0,57.0,91.0,284.0,447.4000000000003,658.8999999999999,1339.6400000000024,1915.0,13420.0
442,osl_tokens,session_turn_index,442,tokens,63,424.55555555555554,603.843608938968,1.0,32.0,95.0,188.0,478.5,1360.4000000000012,1542.8,2841.9200000000005,2925.0,26747.0
442,context_length_tokens,session_turn_index,442,tokens,63,420787.34920634923,253541.28671935588,115104.0,162402.8,208584.0,324554.0,622651.5,825824.8000000002,866134.1,924646.5,936132.0,26509603.0
443,isl_tokens,session_turn_index,443,tokens,63,215.8095238095238,482.15152255587435,6.0,28.2,42.5,99.0,239.5,323.8000000000001,378.5,2758.340000000001,3002.0,13596.0
443,osl_tokens,session_turn_index,443,tokens,63,490.8412698412698,729.0898480645361,8.0,32.0,54.5,188.0,619.5,1392.0000000000005,1876.7,3086.3800000000037,3955.0,30923.0
443,context_length_tokens,session_turn_index,443,tokens,63,421427.71428571426,254000.27310624166,115193.0,162486.4,208888.0,324893.0,623125.0,828490.2000000002,869033.2999999999,925576.38,937667.0,26549946.0
444,isl_tokens,session_turn_index,444,tokens,63,208.44444444444446,399.02789725355814,6.0,24.8,41.5,103.0,209.0,457.40000000000015,626.5999999999998,1728.7400000000052,3014.0,13132.0
444,osl_tokens,session_turn_index,444,tokens,63,419.1746031746032,563.6892800420869,8.0,32.0,97.0,162.0,450.5,1139.8000000000002,1556.7999999999997,2484.280000000002,2984.0,26408.0
444,context_length_tokens,session_turn_index,444,tokens,63,422127.0,254504.2545797115,115503.0,162573.8,209506.5,325573.0,624314.5,829327.4000000001,870812.9,926633.04,938511.0,26594001.0
445,isl_tokens,session_turn_index,445,tokens,62,409.0967741935484,780.9104841037432,6.0,28.1,39.75,91.0,380.0,1079.3999999999999,1700.3999999999999,3719.550000000001,4784.0,25364.0
445,osl_tokens,session_turn_index,445,tokens,62,510.0,735.1700044777881,1.0,32.0,60.5,245.0,614.0,1350.1,1952.3999999999983,3299.290000000001,4038.0,31620.0
445,context_length_tokens,session_turn_index,445,tokens,62,414964.5483870968,249186.33526829115,115897.0,162601.4,206621.5,316689.0,615955.0,806896.6,856741.7999999999,928101.33,938683.0,25727802.0
446,isl_tokens,session_turn_index,446,tokens,61,293.4754098360656,552.0060170305635,6.0,29.0,58.0,102.0,202.0,805.0,1531.0,2478.5999999999985,3186.0,17902.0
446,osl_tokens,session_turn_index,446,tokens,61,455.8032786885246,806.0515547046041,8.0,32.0,75.0,154.0,323.0,1085.0,1991.0,3842.199999999998,4729.0,27804.0
446,context_length_tokens,session_turn_index,446,tokens,61,410795.7868852459,248741.6309740754,115981.0,162495.0,203280.0,307742.0,608010.0,810535.0,861093.0,929299.6,940411.0,25058543.0
447,isl_tokens,session_turn_index,447,tokens,60,290.51666666666665,468.08003203393423,5.0,27.9,48.0,165.0,304.0,585.5,1211.6,2000.899999999994,3057.0,17431.0
447,osl_tokens,session_turn_index,447,tokens,60,592.75,995.658569741656,8.0,31.9,53.0,276.5,618.75,1173.7000000000003,3227.149999999999,4307.309999999995,5246.0,35565.0
447,context_length_tokens,session_turn_index,447,tokens,60,410599.76666666666,251204.24822816768,116070.0,161468.80000000002,202027.5,302514.0,611370.25,817059.0,864274.0499999999,931948.5399999999,945338.0,24635986.0
448,isl_tokens,session_turn_index,448,tokens,60,221.41666666666666,295.752503041911,21.0,29.0,54.75,112.0,236.0,475.9000000000001,720.1499999999991,1395.639999999999,1575.0,13285.0
448,osl_tokens,session_turn_index,448,tokens,60,537.1,1075.644778725765,1.0,18.0,49.75,140.5,467.75,1192.3,1943.5499999999938,4991.429999999993,6126.0,32226.0
448,context_length_tokens,session_turn_index,448,tokens,60,411413.93333333335,251686.42568494278,116146.0,161685.0,202594.5,302974.5,612243.5,817824.8,866817.7,932700.6499999999,945896.0,24684836.0
449,isl_tokens,session_turn_index,449,tokens,60,372.71666666666664,634.7720874893253,13.0,28.9,57.75,120.0,288.0,996.1000000000003,1533.149999999999,3069.04,3095.0,22363.0
449,osl_tokens,session_turn_index,449,tokens,60,585.2166666666667,884.4649624050815,1.0,32.0,78.5,307.5,663.25,1425.8000000000002,2602.299999999999,3862.179999999993,5041.0,35113.0
449,context_length_tokens,session_turn_index,449,tokens,60,412323.75,252419.96317034995,116235.0,161770.0,202781.25,303294.5,612616.0,818691.4,867613.7,934108.97,947866.0,24739425.0
450,isl_tokens,session_turn_index,450,tokens,60,317.7,659.7421036536424,12.0,28.8,54.5,109.0,292.75,490.50000000000006,1637.3499999999995,3028.5199999999927,4310.0,19062.0
450,osl_tokens,session_turn_index,450,tokens,60,425.15,728.0040710737818,1.0,18.8,50.5,142.0,443.25,959.9000000000001,1188.9499999999969,3685.1099999999983,3963.0,25509.0
450,context_length_tokens,session_turn_index,450,tokens,60,413226.6666666667,252846.0601561529,116533.0,161864.4,203057.5,303918.5,614173.5,820422.3,868631.8999999999,935631.1599999999,950780.0,24793600.0
451,isl_tokens,session_turn_index,451,tokens,60,317.43333333333334,606.8099748319531,6.0,29.0,57.0,131.5,283.75,646.6000000000001,1165.3499999999997,3073.8799999999956,3881.0,19046.0
451,osl_tokens,session_turn_index,451,tokens,60,474.75,754.8124849921336,1.0,31.9,53.75,170.5,598.5,1085.9000000000003,1589.6999999999978,3740.679999999998,4064.0,28485.0
451,context_length_tokens,session_turn_index,451,tokens,60,413969.25,253301.4685038117,117020.0,162076.4,203323.25,304591.5,614474.5,822515.6000000001,869917.2999999999,938589.58,954955.0,24838155.0
452,isl_tokens,session_turn_index,452,tokens,60,366.76666666666665,955.1902317805019,6.0,27.6,36.5,87.5,213.25,682.2000000000003,1086.9499999999996,4886.099999999991,6426.0,22006.0
452,osl_tokens,session_turn_index,452,tokens,60,510.96666666666664,1047.2840901854452,5.0,32.0,45.5,152.5,454.5,1122.4,2038.6999999999985,5453.799999999997,5914.0,30658.0
452,context_length_tokens,session_turn_index,452,tokens,60,414810.76666666666,253855.19371204302,117104.0,162262.5,203707.25,305058.0,615340.5,826936.3,870904.1499999999,940113.4299999999,956470.0,24888646.0
453,isl_tokens,session_turn_index,453,tokens,60,229.45,390.78840928734485,6.0,17.700000000000003,55.25,138.0,256.5,436.7000000000001,534.9499999999998,1844.4899999999943,2841.0,13767.0
453,osl_tokens,session_turn_index,453,tokens,60,417.26666666666665,597.1135254055314,16.0,36.5,57.75,155.0,615.0,856.6000000000001,2043.8999999999992,2629.4199999999996,2666.0,25036.0
453,context_length_tokens,session_turn_index,453,tokens,60,415551.18333333335,254386.17386986606,117194.0,162674.1,206189.0,305596.0,616038.75,832480.1000000001,871749.1499999999,943517.8099999999,957230.0,24933071.0
454,isl_tokens,session_turn_index,454,tokens,60,202.81666666666666,311.2784654542546,6.0,29.0,33.0,66.0,216.5,469.8000000000003,818.9499999999992,1398.9399999999991,1537.0,12169.0
454,osl_tokens,session_turn_index,454,tokens,60,443.45,755.2754116876837,4.0,30.900000000000006,36.75,124.5,323.0,1269.5000000000002,2197.2499999999973,3149.47,3189.0,26607.0
454,context_length_tokens,session_turn_index,454,tokens,60,416171.26666666666,254832.2120055251,117451.0,162910.1,206905.25,306056.5,617905.25,835674.5,872947.8999999999,945009.1699999999,957834.0,24970276.0
455,isl_tokens,session_turn_index,455,tokens,60,412.6333333333333,1205.2340293717048,6.0,41.5,57.75,112.5,251.0,417.00000000000006,1271.8999999999996,6427.929999999991,7887.0,24758.0
455,osl_tokens,session_turn_index,455,tokens,60,527.55,977.2751646798357,8.0,53.0,106.75,234.5,547.0,964.8000000000002,1759.4499999999998,4632.549999999987,6848.0,31653.0
455,context_length_tokens,session_turn_index,455,tokens,60,417027.35,255344.97922854777,117851.0,163255.1,209254.5,306464.5,618989.25,843477.1,875092.4999999999,946611.58,959260.0,25021641.0
456,isl_tokens,session_turn_index,456,tokens,60,476.9,1206.9859526937337,6.0,28.0,37.0,93.5,257.25,948.5000000000013,2052.6499999999987,5667.8399999999865,8042.0,28614.0
456,osl_tokens,session_turn_index,456,tokens,60,443.48333333333335,736.4109471318005,2.0,32.0,53.5,165.5,349.5,1512.8000000000002,2181.799999999999,3157.1899999999982,3428.0,26609.0
456,context_length_tokens,session_turn_index,456,tokens,60,418031.8,255624.83623804373,117935.0,163342.30000000002,215012.0,307051.5,620413.5,845419.3,875878.2,948733.3899999999,962763.0,25081908.0
457,isl_tokens,session_turn_index,457,tokens,60,340.21666666666664,844.3071734005081,6.0,29.0,56.75,127.5,276.0,494.5,1012.1499999999975,3710.099999999986,6194.0,20413.0
457,osl_tokens,session_turn_index,457,tokens,60,643.15,1036.7507547622042,1.0,32.0,109.75,202.0,565.5,2232.6,2965.2999999999984,4371.609999999998,4679.0,38589.0
457,context_length_tokens,session_turn_index,457,tokens,60,418815.5,256012.40953220087,118024.0,163445.9,218750.0,307605.0,620950.75,848574.3,877278.7999999999,950576.8399999999,966462.0,25128930.0
458,isl_tokens,session_turn_index,458,tokens,60,287.15,483.9646965430433,6.0,28.9,52.0,87.0,274.75,820.5000000000002,1167.4999999999998,2241.179999999997,2771.0,17229.0
458,osl_tokens,session_turn_index,458,tokens,60,554.6,627.0513588747469,24.0,37.0,87.5,229.0,826.25,1571.4,1727.0499999999993,2386.72,2441.0,33276.0
458,context_length_tokens,session_turn_index,458,tokens,60,419745.8,256574.0407255964,118100.0,163732.1,219162.5,308038.5,622031.5,849071.8,880738.5,953335.6399999999,968737.0,25184748.0
459,isl_tokens,session_turn_index,459,tokens,59,497.6271186440678,1386.0220471539342,6.0,27.200000000000003,37.0,100.0,323.5,1033.2000000000005,2079.999999999998,6300.38000000001,9861.0,29360.0
459,osl_tokens,session_turn_index,459,tokens,59,599.4745762711865,970.1522570689649,9.0,32.0,85.0,285.0,583.5,1693.6000000000004,2705.099999999999,4477.980000000001,4953.0,35369.0
459,context_length_tokens,session_turn_index,459,tokens,59,423956.9661016949,258140.78159078996,118191.0,162785.2,219365.5,316313.0,627228.0,851706.0,882436.5999999999,955927.4400000001,971809.0,25013461.0
460,isl_tokens,session_turn_index,460,tokens,59,167.79661016949152,239.37756713929147,26.0,33.6,54.5,67.0,209.5,352.6,526.0999999999998,1037.380000000002,1669.0,9900.0
460,osl_tokens,session_turn_index,460,tokens,59,435.20338983050846,588.4112991247378,2.0,32.0,102.5,185.0,527.5,978.0000000000005,1737.4999999999998,2710.46,2718.0,25677.0
460,context_length_tokens,session_turn_index,460,tokens,59,424724.23728813557,258633.6189113164,118502.0,162897.0,219953.5,316994.0,627775.5,851968.2000000001,883279.5999999999,958829.28,976162.0,25058730.0
461,isl_tokens,session_turn_index,461,tokens,59,249.47457627118644,309.98930303754327,6.0,29.0,57.0,148.0,285.5,519.4000000000003,753.0999999999988,1400.3400000000013,1851.0,14719.0
461,osl_tokens,session_turn_index,461,tokens,59,396.06779661016947,422.0020830700769,2.0,32.0,57.0,298.0,527.5,889.6000000000006,1439.2999999999988,1701.5000000000002,1774.0,23368.0
461,context_length_tokens,session_turn_index,461,tokens,59,425408.9152542373,259049.13719865135,118900.0,163140.0,220506.5,317399.0,628779.5,853884.4,884832.7999999998,960363.9,978370.0,25099126.0
462,isl_tokens,session_turn_index,462,tokens,58,241.08620689655172,429.67334362692714,16.0,28.7,37.0,117.0,228.0,537.0000000000001,760.8999999999997,1920.1399999999994,3002.0,13983.0
462,osl_tokens,session_turn_index,462,tokens,58,459.44827586206895,716.3433286951117,4.0,30.5,37.5,160.0,579.75,1038.1000000000006,1651.0999999999995,3227.6599999999994,4403.0,26648.0
462,context_length_tokens,session_turn_index,462,tokens,58,429165.4137931034,260520.90875040935,119004.0,162141.0,220266.75,326768.5,632674.5,857945.3,886643.5,961812.53,979808.0,24891594.0
463,isl_tokens,session_turn_index,463,tokens,58,267.7758620689655,444.00959305819634,6.0,28.1,51.75,133.5,268.25,547.2000000000002,755.9499999999986,2188.58,2363.0,15531.0
463,osl_tokens,session_turn_index,463,tokens,58,542.3965517241379,812.5993401266803,6.0,32.0,67.0,206.5,709.5,1390.3000000000006,1757.3499999999997,3531.329999999999,5088.0,31459.0
463,context_length_tokens,session_turn_index,463,tokens,58,429892.6379310345,261083.2727165203,119093.0,162282.2,220497.25,327285.0,634155.75,859951.9,887491.45,966069.11,983783.0,24933773.0
464,isl_tokens,session_turn_index,464,tokens,56,396.80357142857144,825.550301739107,6.0,26.0,57.0,114.0,337.0,884.0,1414.75,4275.9000000000015,4541.0,22221.0
464,osl_tokens,session_turn_index,464,tokens,56,476.25,530.673939775775,2.0,46.0,109.25,295.5,677.75,1123.0,1590.75,2237.1500000000005,2340.0,26670.0
464,context_length_tokens,session_turn_index,464,tokens,56,424198.28571428574,259855.2995923002,119169.0,161027.0,215386.25,311037.5,632861.5,842371.0,891169.25,968417.3500000001,984776.0,23755104.0
465,isl_tokens,session_turn_index,465,tokens,55,254.4181818181818,318.292129449381,6.0,29.0,57.0,155.0,313.5,566.4000000000001,767.0999999999996,1540.5600000000002,1695.0,13993.0
465,osl_tokens,session_turn_index,465,tokens,55,576.4363636363636,731.2489630422823,8.0,37.0,100.0,284.0,646.0,1758.4,2028.3999999999994,2939.9600000000005,3278.0,31704.0
465,context_length_tokens,session_turn_index,465,tokens,55,428252.05454545456,261416.58927379202,119258.0,160929.6,210885.5,320186.0,635740.0,849805.8,894254.7999999999,971053.04,987833.0,23553863.0
466,isl_tokens,session_turn_index,466,tokens,55,204.5818181818182,290.21626361977286,6.0,26.200000000000003,53.0,112.0,213.0,385.40000000000003,847.6999999999995,1333.4800000000005,1624.0,11252.0
466,osl_tokens,session_turn_index,466,tokens,55,404.56363636363636,529.4832391075923,1.0,23.800000000000004,93.0,180.0,571.0,999.6000000000001,1252.3,2518.76,2576.0,22251.0
466,context_length_tokens,session_turn_index,466,tokens,55,429033.07272727275,262001.91294595573,119456.0,161083.2,211071.0,320867.0,636938.0,851608.4000000001,895282.7999999999,973069.42,991363.0,23596819.0
467,isl_tokens,session_turn_index,467,tokens,55,239.78181818181818,295.59454361485774,6.0,29.0,56.5,149.0,251.0,509.00000000000017,935.4999999999999,1293.5000000000002,1442.0,13188.0
467,osl_tokens,session_turn_index,467,tokens,55,523.6909090909091,641.5515815080945,2.0,32.0,54.0,291.0,708.0,1318.8000000000002,2021.9999999999989,2585.4,2634.0,28803.0
467,context_length_tokens,session_turn_index,467,tokens,55,429677.41818181815,262380.70894551754,119566.0,161288.2,211412.5,321272.0,637891.0,852310.2000000001,897320.3999999999,974074.8,992478.0,23632258.0
468,isl_tokens,session_turn_index,468,tokens,55,338.23636363636365,1027.8692163648122,11.0,29.0,37.0,66.0,225.0,509.20000000000005,947.3999999999996,4619.860000000004,7450.0,18603.0
468,osl_tokens,session_turn_index,468,tokens,55,400.4,640.9490860505933,1.0,31.4,45.5,116.0,430.0,1178.8000000000002,1597.9999999999998,2987.6600000000003,3107.0,22022.0
468,context_length_tokens,session_turn_index,468,tokens,55,430539.34545454546,263016.95872300485,119678.0,161373.80000000002,211748.0,322112.0,642848.0,852832.0000000001,898443.9999999999,976974.0,995685.0,23679664.0
469,isl_tokens,session_turn_index,469,tokens,55,326.1272727272727,603.7745230719361,6.0,26.0,52.5,204.0,295.5,551.6,1177.2999999999984,3051.100000000001,3529.0,17937.0
469,osl_tokens,session_turn_index,469,tokens,55,696.4909090909091,1100.990725297031,1.0,32.0,65.0,245.0,699.0,2207.2000000000016,3279.2999999999965,4364.400000000001,4602.0,38307.0
469,context_length_tokens,session_turn_index,469,tokens,55,431265.87272727274,263503.7291197951,119788.0,161460.0,212098.5,322807.0,647461.0,853964.0000000001,899122.2999999999,978540.78,996924.0,23719623.0
470,isl_tokens,session_turn_index,470,tokens,55,201.98181818181817,231.15681343342274,6.0,29.0,44.5,100.0,260.0,547.0,657.0999999999996,930.3200000000002,1007.0,11109.0
470,osl_tokens,session_turn_index,470,tokens,55,487.3272727272727,567.296685391514,1.0,36.800000000000004,91.5,196.0,769.5,1390.8000000000004,1725.5999999999992,2049.5200000000004,2191.0,26803.0
470,context_length_tokens,session_turn_index,470,tokens,55,432164.34545454546,264016.93228553067,119900.0,161587.2,212262.5,323212.0,651122.0,854280.8,900227.3999999999,980371.3,997168.0,23769039.0
471,isl_tokens,session_turn_index,471,tokens,55,227.38181818181818,371.9503628129622,6.0,29.0,48.5,86.0,243.5,520.4,713.6999999999991,1903.1200000000001,1942.0,12506.0
471,osl_tokens,session_turn_index,471,tokens,55,507.6727272727273,1004.6576993645954,1.0,32.0,49.5,135.0,615.0,1033.2000000000003,1587.199999999997,5197.84,5497.0,27922.0
471,context_length_tokens,session_turn_index,471,tokens,55,432879.05454545456,264409.22105688014,120028.0,161699.2,212475.0,324052.0,652400.0,854799.8,901888.6,981398.54,998192.0,23808348.0
472,isl_tokens,session_turn_index,472,tokens,54,260.537037037037,381.9949443607164,6.0,29.0,49.25,127.0,268.25,684.1000000000008,1046.6999999999957,1683.3799999999999,1712.0,14069.0
472,osl_tokens,session_turn_index,472,tokens,54,582.1296296296297,844.0301479233823,1.0,31.3,53.25,143.5,667.0,1773.1000000000008,2673.099999999999,3258.3499999999995,3473.0,31435.0
472,context_length_tokens,session_turn_index,472,tokens,54,423096.3703703704,255810.6148826522,120140.0,160865.2,207823.0,315089.0,648096.0,810396.0,897529.1,940606.4199999999,967735.0,22847204.0
473,isl_tokens,session_turn_index,473,tokens,53,249.8490566037736,313.85709981277085,11.0,29.0,53.0,108.0,349.0,463.2000000000001,1072.3999999999996,1247.3999999999999,1263.0,13242.0
473,osl_tokens,session_turn_index,473,tokens,53,377.7169811320755,471.74358950593387,2.0,32.0,94.0,202.0,475.0,979.4000000000004,1573.1999999999994,1904.08,1915.0,20019.0
473,context_length_tokens,session_turn_index,473,tokens,53,428386.1320754717,256711.1489895766,120250.0,160044.8,222237.0,325138.0,654403.0,812786.0000000001,899518.4,942590.1999999998,968351.0,22704465.0
474,isl_tokens,session_turn_index,474,tokens,53,265.33962264150944,473.5110105470533,6.0,24.0,37.0,68.0,294.0,519.0,1005.7999999999995,2146.599999999995,3002.0,14063.0
474,osl_tokens,session_turn_index,474,tokens,53,495.3018867924528,1069.8690730143883,1.0,19.800000000000004,44.0,125.0,467.0,800.8000000000004,1833.5999999999985,4944.079999999987,7061.0,26251.0
474,context_length_tokens,session_turn_index,474,tokens,53,429029.1886792453,257047.96707281366,120362.0,160205.4,222764.0,325975.0,654644.0,813011.6000000001,901159.2,943266.5199999999,968746.0,22738547.0
475,isl_tokens,session_turn_index,475,tokens,53,199.62264150943398,235.8594261871344,14.0,29.0,53.0,124.0,251.0,433.60000000000025,506.99999999999994,1155.3999999999992,1288.0,10580.0
475,osl_tokens,session_turn_index,475,tokens,53,537.7924528301887,825.986416775577,2.0,32.0,53.0,282.0,614.0,1236.2000000000003,2120.2,3814.159999999996,4408.0,28503.0
475,context_length_tokens,session_turn_index,475,tokens,53,429724.11320754717,257451.31941857384,120472.0,160346.6,222854.0,326688.0,655337.0,813546.6000000001,902280.4,943778.1199999999,969073.0,22775378.0
476,isl_tokens,session_turn_index,476,tokens,53,210.16981132075472,337.536007071506,6.0,29.0,58.0,102.0,209.0,432.40000000000003,617.1999999999998,1622.7999999999965,2187.0,11139.0
476,osl_tokens,session_turn_index,476,tokens,53,391.52830188679246,533.1657536799569,1.0,31.2,53.0,138.0,509.0,1152.000000000001,1763.2,2006.4799999999987,2228.0,20751.0
476,context_length_tokens,session_turn_index,476,tokens,53,430472.07547169813,257951.38055410344,120584.0,160435.0,222938.0,327093.0,656244.0,814767.0000000001,903635.4,944378.7999999998,969864.0,22815020.0
477,isl_tokens,session_turn_index,477,tokens,52,284.28846153846155,506.3439974098812,28.0,37.900000000000006,63.25,131.5,291.0,592.0,790.4499999999989,2213.550000000005,3537.0,14783.0
477,osl_tokens,session_turn_index,477,tokens,52,391.6923076923077,529.4886335113829,6.0,32.1,64.0,143.0,521.5,887.9999999999998,1366.1499999999983,2429.1000000000004,2577.0,20368.0
477,context_length_tokens,session_turn_index,477,tokens,52,430852.8461538461,260912.88904112042,120694.0,159521.2,218404.25,317802.5,657398.75,817396.9,906732.8999999999,946287.5400000002,972066.0,22404348.0
478,isl_tokens,session_turn_index,478,tokens,52,246.09615384615384,598.6245856967383,6.0,29.0,52.0,80.0,211.0,351.09999999999997,712.8499999999972,2719.6700000000055,4190.0,12797.0
478,osl_tokens,session_turn_index,478,tokens,52,405.4807692307692,476.52078372562636,8.0,32.0,71.25,191.0,585.75,1075.3,1397.9999999999998,1816.000000000001,2020.0,21085.0
478,context_length_tokens,session_turn_index,478,tokens,52,431490.6346153846,261431.7251312052,120806.0,159628.9,218559.75,318361.0,658918.5,817778.7999999999,908270.5499999999,949021.0400000002,977273.0,22437513.0
479,isl_tokens,session_turn_index,479,tokens,51,211.45098039215685,209.6533379340333,6.0,29.0,57.0,134.0,302.0,553.0,614.5,797.0,843.0,10784.0
479,osl_tokens,session_turn_index,479,tokens,51,438.4313725490196,632.5309650608903,5.0,32.0,59.0,155.0,416.5,1270.0,1739.0,2669.0,3302.0,22360.0
479,context_length_tokens,session_turn_index,479,tokens,51,425034.09803921566,259409.99781005728,120916.0,158747.0,214171.5,308335.0,656219.0,820913.0,910382.5,950494.0,978761.0,21676739.0
480,isl_tokens,session_turn_index,480,tokens,51,353.6470588235294,887.3522815156093,6.0,29.0,57.0,173.0,254.5,429.0,600.0,4680.5,4891.0,18036.0
480,osl_tokens,session_turn_index,480,tokens,51,592.9607843137255,1098.249765527741,8.0,31.0,41.5,136.0,435.0,2274.0,3325.5,4477.0,5353.0,30241.0
480,context_length_tokens,session_turn_index,480,tokens,51,425826.17647058825,259938.42583058507,121028.0,158836.0,214331.5,308504.0,657809.5,821293.0,913032.5,952510.5,980916.0,21717135.0
481,isl_tokens,session_turn_index,481,tokens,51,356.3137254901961,789.2165509677397,6.0,29.0,57.0,139.0,312.5,717.0,1160.5,3784.0,5155.0,18172.0
481,osl_tokens,session_turn_index,481,tokens,51,505.84313725490193,876.6191153706922,1.0,18.0,32.0,120.0,555.5,1651.0,2018.0,3865.5,4431.0,25798.0
481,context_length_tokens,session_turn_index,481,tokens,51,426775.45098039217,260733.50983446784,121138.0,158919.0,214536.5,308907.0,659218.0,821478.0,914617.5,955351.0,983331.0,21765548.0
482,isl_tokens,session_turn_index,482,tokens,51,475.84313725490193,1051.2040225202272,11.0,29.0,58.5,159.0,354.0,878.0,1433.5,5366.0,5988.0,24268.0
482,osl_tokens,session_turn_index,482,tokens,51,651.9019607843137,1166.6371691772722,6.0,32.0,66.5,152.0,621.0,1541.0,2562.5,5500.0,6036.0,33247.0
482,context_length_tokens,session_turn_index,482,tokens,51,427757.137254902,261332.1368821916,121250.0,159010.0,214696.0,309403.0,660126.0,822121.0,916608.5,957869.0,985303.0,21815614.0
483,isl_tokens,session_turn_index,483,tokens,51,300.6078431372549,582.1879986918643,17.0,37.0,66.0,176.0,277.0,565.0,766.0,2621.0,4117.0,15331.0
483,osl_tokens,session_turn_index,483,tokens,51,475.0,890.8415276865916,15.0,44.0,94.0,168.0,411.5,1387.0,1559.0,3849.0,5860.0,24225.0
483,context_length_tokens,session_turn_index,483,tokens,51,428709.64705882355,262214.95773661847,121360.0,159270.0,214909.0,309583.0,661096.5,823795.0,918022.5,962064.0,990973.0,21864192.0
484,isl_tokens,session_turn_index,484,tokens,51,262.70588235294116,535.1747852334895,6.0,26.0,32.0,67.0,252.0,582.0,1047.5,2387.5,3504.0,13398.0
484,osl_tokens,session_turn_index,484,tokens,51,456.3333333333333,787.9237214665346,3.0,31.0,37.0,151.0,620.0,1025.0,1630.5,3608.0,4771.0,23273.0
484,context_length_tokens,session_turn_index,484,tokens,51,429447.35294117645,262740.96078493196,121472.0,159529.0,215068.5,309752.0,661944.5,825484.0,919166.5,966296.5,996891.0,21901815.0
485,isl_tokens,session_turn_index,485,tokens,51,150.0,182.59308665477357,6.0,29.0,37.0,66.0,210.0,360.0,482.0,847.5,863.0,7650.0
485,osl_tokens,session_turn_index,485,tokens,51,347.6470588235294,466.2602077326339,8.0,32.0,45.0,166.0,411.5,924.0,1514.5,1896.5,2102.0,17730.0
485,context_length_tokens,session_turn_index,485,tokens,51,430053.6862745098,263145.09718750825,121582.0,160474.0,215270.0,309992.0,663113.0,826641.0,920738.5,969294.5,997907.0,21932738.0
486,isl_tokens,session_turn_index,486,tokens,51,281.88235294117646,690.4958618114791,6.0,29.0,57.0,107.0,228.5,523.0,617.5,3225.0,4814.0,14376.0
486,osl_tokens,session_turn_index,486,tokens,51,516.7254901960785,945.7059833781897,3.0,32.0,54.5,127.0,514.0,1150.0,2270.0,4514.0,4550.0,26353.0
486,context_length_tokens,session_turn_index,486,tokens,51,430683.2156862745,263487.4827706922,121722.0,160572.0,215462.0,310267.0,664404.0,827115.0,921366.0,969990.0,998446.0,21964844.0
487,isl_tokens,session_turn_index,487,tokens,50,245.92,303.55584922712325,6.0,28.5,50.5,138.5,326.5,670.3000000000001,877.5999999999995,1296.82,1337.0,12296.0
487,osl_tokens,session_turn_index,487,tokens,50,512.34,1153.6610699854614,1.0,31.8,44.0,135.0,413.75,1143.3000000000002,2107.5999999999985,5310.659999999992,7352.0,25617.0
487,context_length_tokens,session_turn_index,487,tokens,50,420059.5,253955.0647706204,121834.0,160481.0,211553.75,308927.5,649219.25,827274.0,907870.7,938300.72,944069.0,21002975.0
488,isl_tokens,session_turn_index,488,tokens,50,400.92,881.6152412475637,28.0,46.0,59.75,179.5,257.75,531.0000000000002,1741.6499999999953,4290.479999999997,5000.0,20046.0
488,osl_tokens,session_turn_index,488,tokens,50,617.16,980.0521080024265,8.0,32.0,92.5,317.0,647.25,1318.7,2825.899999999995,4392.619999999999,4668.0,30858.0
488,context_length_tokens,session_turn_index,488,tokens,50,420972.76,254609.00580298097,121944.0,160571.5,211842.5,309286.0,649762.25,828070.3,909588.0499999999,940100.45,944361.0,21048638.0
489,isl_tokens,session_turn_index,489,tokens,50,266.0,414.8474418385631,6.0,29.0,57.0,130.5,251.0,659.1000000000001,842.6499999999997,1860.8299999999972,2563.0,13300.0
489,osl_tokens,session_turn_index,489,tokens,50,501.84,1078.3365404176934,8.0,32.0,53.25,138.0,508.5,945.2,1277.9499999999994,5493.809999999997,6293.0,25092.0
489,context_length_tokens,session_turn_index,489,tokens,50,421855.92,255100.46636192888,122056.0,160658.7,212041.75,309708.5,650563.0,829234.8,910369.75,943309.45,945953.0,21092796.0
490,isl_tokens,session_turn_index,490,tokens,50,336.84,667.4731563141696,6.0,29.0,46.75,100.5,276.0,1171.5000000000002,1289.65,3089.1599999999967,3930.0,16842.0
490,osl_tokens,session_turn_index,490,tokens,50,409.42,547.9812073420037,1.0,32.0,46.25,126.0,621.0,1058.8000000000006,1414.1499999999999,2256.339999999998,2812.0,20471.0
490,context_length_tokens,session_turn_index,490,tokens,50,422694.6,255643.46859350818,122166.0,160746.5,212298.5,310011.0,651626.0,829652.1,910962.4,945979.4,946636.0,21134730.0
491,isl_tokens,session_turn_index,491,tokens,50,204.42,279.39070063264455,6.0,28.400000000000002,49.75,67.5,251.0,588.1,826.9499999999994,1168.3599999999992,1382.0,10221.0
491,osl_tokens,session_turn_index,491,tokens,50,466.16,561.8798220260272,1.0,32.0,48.5,154.5,618.0,1270.5,1714.5499999999981,2097.35,2139.0,23308.0
491,context_length_tokens,session_turn_index,491,tokens,50,423308.44,255992.30562594338,122278.0,160834.3,212631.25,310895.0,651894.75,830179.0,911416.1499999999,947062.9,948185.0,21165422.0
492,isl_tokens,session_turn_index,492,tokens,50,239.72,356.46290353976525,6.0,29.0,37.0,74.5,222.5,767.9000000000001,971.0,1506.5299999999993,1704.0,11986.0
492,osl_tokens,session_turn_index,492,tokens,50,406.0,564.2470380959035,6.0,30.500000000000007,52.25,157.0,580.75,966.7000000000002,1369.5499999999988,2565.9599999999996,2662.0,20300.0
492,context_length_tokens,session_turn_index,492,tokens,50,424014.32,256529.95284881958,122388.0,160923.0,213014.0,311397.0,652462.5,831321.5,912630.4,948905.39,950517.0,21200716.0
493,isl_tokens,session_turn_index,493,tokens,50,302.4,671.4584722825381,6.0,29.0,36.25,70.0,226.0,598.1000000000004,1434.1,2942.0799999999945,4318.0,15120.0
493,osl_tokens,session_turn_index,493,tokens,50,551.52,1157.033970806389,2.0,32.0,55.0,133.0,507.75,1392.6000000000006,2033.6499999999987,5308.919999999992,7314.0,27576.0
493,context_length_tokens,session_turn_index,493,tokens,50,424722.72,257113.27728190468,122500.0,161046.9,213273.5,312543.0,652762.0,831738.4,914491.15,951772.78,955437.0,21236136.0
494,isl_tokens,session_turn_index,494,tokens,49,187.10204081632654,299.39205372315706,6.0,29.0,46.0,108.0,235.0,380.0,488.7999999999995,1344.3599999999942,2025.0,9168.0
494,osl_tokens,session_turn_index,494,tokens,49,485.6530612244898,664.1721731236964,8.0,32.0,54.0,158.0,621.0,1264.8000000000002,2133.399999999999,2598.7599999999998,2605.0,23797.0
494,context_length_tokens,session_turn_index,494,tokens,49,415369.4285714286,250526.59089304233,122610.0,160969.4,209441.0,311014.0,620831.0,820010.0,881678.7999999996,956584.6799999999,963081.0,20353102.0
495,isl_tokens,session_turn_index,495,tokens,49,290.51020408163265,587.5586682803573,22.0,29.0,48.0,130.0,265.0,631.6000000000004,792.5999999999997,2653.5999999999885,4000.0,14235.0
495,osl_tokens,session_turn_index,495,tokens,49,623.5510204081633,1243.4019998018355,5.0,31.8,46.0,135.0,482.0,1153.000000000004,3875.399999999996,5248.359999999996,5761.0,30554.0
495,context_length_tokens,session_turn_index,495,tokens,49,416145.5918367347,251164.303184834,122722.0,161062.4,209682.0,311622.0,623151.0,822756.6000000001,884432.7999999996,957540.6,964335.0,20391134.0
496,isl_tokens,session_turn_index,496,tokens,48,193.64583333333334,254.48293079492035,6.0,29.0,46.0,83.5,251.0,504.10000000000014,632.65,1126.5400000000004,1323.0,9295.0
496,osl_tokens,session_turn_index,496,tokens,48,640.3541666666666,1117.2793311131459,3.0,32.0,53.5,131.0,662.0,1593.4000000000008,3561.4499999999994,4607.84,4856.0,30737.0
496,context_length_tokens,session_turn_index,496,tokens,48,419033.7291666667,253969.4415319111,122832.0,160990.6,208684.5,312032.5,638692.75,827156.5,890366.2999999999,958333.05,965188.0,20113619.0
497,isl_tokens,session_turn_index,497,tokens,48,286.5208333333333,571.7589814767282,6.0,29.0,50.25,119.0,251.0,428.8000000000009,1035.0499999999993,2798.3000000000015,3414.0,13753.0
497,osl_tokens,session_turn_index,497,tokens,48,537.3333333333334,789.3076695574559,1.0,32.0,68.5,175.0,644.25,1492.3000000000006,2281.2999999999997,3362.48,3370.0,25792.0
497,context_length_tokens,session_turn_index,497,tokens,48,419960.6041666667,254781.13664163958,122944.0,161085.3,209016.75,312565.0,639870.75,829857.9,893385.5499999999,960463.49,966213.0,20158109.0
498,isl_tokens,session_turn_index,498,tokens,48,275.9166666666667,402.64541024192596,6.0,33.2,57.75,139.5,316.25,512.8000000000004,1044.5,1891.0500000000002,1978.0,13244.0
498,osl_tokens,session_turn_index,498,tokens,48,921.0625,1726.1188811686995,2.0,32.0,66.5,288.5,703.5,2172.000000000004,4825.4,7335.770000000005,9314.0,44211.0
498,context_length_tokens,session_turn_index,498,tokens,48,420773.8541666667,255452.45044397772,123054.0,161173.8,209235.5,313090.5,641092.5,833160.0,895155.8999999999,962338.93,967312.0,20197145.0
499,isl_tokens,session_turn_index,499,tokens,48,171.20833333333334,257.0196132539737,6.0,29.0,34.0,81.0,209.5,343.70000000000005,359.15,1296.3300000000004,1466.0,8218.0
499,osl_tokens,session_turn_index,499,tokens,48,401.1041666666667,576.1554058145298,3.0,32.0,52.75,141.5,543.75,1164.6000000000001,1310.1999999999998,2580.84,2688.0,19253.0
499,context_length_tokens,session_turn_index,499,tokens,48,421866.125,256496.73061477355,123166.0,161311.2,209571.25,313623.0,642176.5,837794.1,896004.6499999999,965976.4400000001,972532.0,20249574.0
500,isl_tokens,session_turn_index,500,tokens,48,350.1875,690.4514120079341,6.0,27.5,34.25,68.0,240.5,976.200000000001,1939.1999999999991,3021.61,3039.0,16809.0
500,osl_tokens,session_turn_index,500,tokens,48,521.8333333333334,889.8855341496954,2.0,32.0,53.75,147.5,628.5,1195.6000000000006,2816.399999999999,3729.5000000000014,4270.0,25048.0
500,context_length_tokens,session_turn_index,500,tokens,48,422617.4166666667,257160.6159508127,123276.0,161398.3,209769.5,314148.5,642409.5,838928.7000000001,899298.9999999999,967984.0,975175.0,20285636.0
501,isl_tokens,session_turn_index,501,tokens,48,240.10416666666666,399.9803765802837,24.0,29.0,36.5,118.0,252.5,411.80000000000047,1079.6499999999987,1850.5300000000004,2039.0,11525.0
501,osl_tokens,session_turn_index,501,tokens,48,576.4375,823.9215654986523,8.0,32.0,37.0,143.5,716.25,1821.8000000000006,2134.7999999999997,3371.050000000002,4210.0,27669.0
501,context_length_tokens,session_turn_index,501,tokens,48,423379.3541666667,257794.18036467658,123388.0,161501.1,210080.0,314810.0,645841.5,840947.7000000001,899797.7999999999,969693.64,976033.0,20322209.0
502,isl_tokens,session_turn_index,502,tokens,48,317.8125,1021.3121391999036,6.0,25.4,41.5,67.0,209.25,398.90000000000003,850.2999999999998,4441.0900000000065,7098.0,15255.0
502,osl_tokens,session_turn_index,502,tokens,48,465.7291666666667,778.7945476713604,1.0,32.0,54.75,139.5,422.0,1314.5000000000011,1860.6999999999994,3525.7800000000016,4243.0,22355.0
502,context_length_tokens,session_turn_index,502,tokens,48,424273.6041666667,258307.14356578322,123498.0,161634.9,210221.0,315335.5,646634.25,843538.3,900856.0999999999,970769.97,977279.0,20365133.0
503,isl_tokens,session_turn_index,503,tokens,48,252.3125,433.07842612751256,28.0,29.0,43.75,93.5,251.0,509.4000000000003,992.9999999999991,2081.88,2174.0,12111.0
503,osl_tokens,session_turn_index,503,tokens,48,585.5625,1094.8776359760102,2.0,32.0,84.75,250.0,624.0,1004.4000000000001,1603.1499999999994,5457.560000000003,6516.0,28107.0
503,context_length_tokens,session_turn_index,503,tokens,48,424991.6458333333,258766.71547896264,123650.0,161815.1,210483.5,315868.0,647172.0,845548.2000000001,902774.2999999999,972045.4500000001,979361.0,20399599.0
504,isl_tokens,session_turn_index,504,tokens,48,656.2291666666666,1860.8204310597264,6.0,33.7,59.0,149.5,301.25,1045.2,2101.249999999999,9335.700000000003,10459.0,31499.0
504,osl_tokens,session_turn_index,504,tokens,48,452.1875,608.6153566446956,4.0,36.7,65.75,195.0,571.75,1120.3000000000006,1726.8999999999999,2617.63,2745.0,21705.0
504,context_length_tokens,session_turn_index,504,tokens,48,426233.4375,259763.68840936516,123762.0,161947.9,210785.25,316393.5,648056.25,849009.0000000001,906317.3499999999,977725.61,979952.0,20459205.0
505,isl_tokens,session_turn_index,505,tokens,48,311.125,677.0633471409205,6.0,27.4,29.0,134.5,265.25,637.0000000000009,903.9999999999998,2943.150000000004,4614.0,14934.0
505,osl_tokens,session_turn_index,505,tokens,48,491.4375,699.9872887610769,8.0,32.0,51.25,239.0,628.5,1203.6000000000004,1983.1999999999985,3072.990000000001,3488.0,23589.0
505,context_length_tokens,session_turn_index,505,tokens,48,426996.75,260329.50790332528,123872.0,162273.6,211004.75,316925.0,649472.25,849905.3,908156.3499999999,979285.46,981110.0,20495844.0
506,isl_tokens,session_turn_index,506,tokens,48,155.97916666666666,202.98896620088874,6.0,34.4,56.75,75.0,197.0,274.10000000000014,532.5999999999997,955.4500000000005,1174.0,7487.0
506,osl_tokens,session_turn_index,506,tokens,48,377.5625,486.6361537059798,2.0,32.0,54.75,134.5,523.0,1008.6000000000005,1266.45,2053.5300000000007,2430.0,18123.0
506,context_length_tokens,session_turn_index,506,tokens,48,427644.1666666667,260900.1956569738,123984.0,162432.1,211361.75,317450.5,649958.75,851706.4000000001,911794.3999999999,980522.0,982543.0,20526920.0
507,isl_tokens,session_turn_index,507,tokens,46,193.3695652173913,270.53203287754013,11.0,29.0,54.0,101.5,210.5,420.5,669.25,1231.5499999999977,1601.0,8895.0
507,osl_tokens,session_turn_index,507,tokens,46,325.5869565217391,416.0277779232785,2.0,32.0,43.25,131.5,580.5,784.0,1261.75,1683.4499999999998,1710.0,14977.0
507,context_length_tokens,session_turn_index,507,tokens,46,427794.7826086957,266335.1035273219,124094.0,162544.5,208680.0,317591.5,666791.75,857297.0,920169.5,981425.0,983045.0,19678560.0
508,isl_tokens,session_turn_index,508,tokens,46,198.2391304347826,308.90312149411676,6.0,32.5,57.0,119.0,226.5,288.5,555.5,1478.8499999999967,1995.0,9119.0
508,osl_tokens,session_turn_index,508,tokens,46,319.2826086956522,579.5508629456269,7.0,32.0,48.5,127.5,299.75,666.5,809.5,2801.7499999999955,3524.0,14687.0
508,context_length_tokens,session_turn_index,508,tokens,46,428318.60869565216,266674.35561646265,124206.0,162737.0,208825.5,318298.0,667641.75,858559.0,922307.25,982337.25,983901.0,19702656.0
509,isl_tokens,session_turn_index,509,tokens,46,272.0652173913044,591.9201768369547,6.0,28.5,29.0,103.0,229.75,450.5,796.5,2803.8999999999937,3793.0,12515.0
509,osl_tokens,session_turn_index,509,tokens,46,467.19565217391306,902.4819790942045,3.0,31.5,35.5,151.0,414.25,988.0,1684.25,4342.099999999996,5027.0,21491.0
509,context_length_tokens,session_turn_index,509,tokens,46,428909.95652173914,267107.04475383746,124316.0,162955.0,208946.5,318778.0,667969.25,858887.5,924493.0,984998.25,985545.0,19729858.0
510,isl_tokens,session_turn_index,510,tokens,46,201.84782608695653,227.72504085937615,23.0,29.0,57.0,104.0,261.5,523.5,709.0,928.0999999999993,1028.0,9285.0
510,osl_tokens,session_turn_index,510,tokens,46,475.0217391304348,829.4002413774518,3.0,31.0,47.75,138.5,465.5,1317.0,1797.25,3589.1499999999915,4909.0,21851.0
510,context_length_tokens,session_turn_index,510,tokens,46,429579.0,267711.5099814822,124428.0,163141.0,209113.0,319420.0,668909.0,861974.0,926578.25,987128.5499999999,989073.0,19760634.0
511,isl_tokens,session_turn_index,511,tokens,46,240.8695652173913,513.6667676657297,5.0,29.0,38.25,81.0,216.0,358.0,955.25,2411.649999999995,3205.0,11080.0
511,osl_tokens,session_turn_index,511,tokens,46,354.8695652173913,495.4874898037133,1.0,32.0,58.0,131.5,444.0,1006.0,1168.0,2121.949999999997,2612.0,16324.0
511,context_length_tokens,session_turn_index,511,tokens,46,430294.89130434784,268422.2943161074,124538.0,163367.5,209374.0,319835.5,669673.5,863311.5,931611.5,988272.2,990893.0,19793565.0
512,isl_tokens,session_turn_index,512,tokens,45,299.06666666666666,731.0847769657846,20.0,29.0,47.0,104.0,251.0,503.6000000000001,669.9999999999997,3384.1200000000076,4848.0,13458.0
512,osl_tokens,session_turn_index,512,tokens,45,490.0888888888889,1001.121544895684,8.0,32.0,56.0,157.0,448.0,973.8000000000001,1933.1999999999966,4604.040000000008,6181.0,22054.0
512,context_length_tokens,session_turn_index,512,tokens,45,435086.3777777778,270515.7299935965,124650.0,163344.0,207899.0,320711.0,677142.0,865261.0,939808.5999999999,990404.88,994199.0,19578887.0
513,isl_tokens,session_turn_index,513,tokens,45,425.93333333333334,1004.661389059352,6.0,29.0,58.0,102.0,251.0,841.0000000000001,1863.9999999999975,4699.120000000007,6031.0,19167.0
513,osl_tokens,session_turn_index,513,tokens,45,432.02222222222224,629.8730908820315,6.0,32.0,69.0,136.0,552.0,996.2,1733.1999999999987,2767.600000000001,2937.0,19441.0
513,context_length_tokens,session_turn_index,513,tokens,45,436002.4,271275.3398824318,124760.0,163549.8,207989.0,321168.0,677535.0,868495.2,940695.1999999998,993722.72,997589.0,19620108.0
514,isl_tokens,session_turn_index,514,tokens,44,201.86363636363637,262.10490534318257,6.0,25.5,53.75,99.0,235.5,513.0000000000006,933.2500000000002,1023.03,1057.0,8882.0
514,osl_tokens,session_turn_index,514,tokens,44,442.34090909090907,629.992241769756,3.0,32.0,50.0,148.0,490.5,1195.4000000000008,1577.65,2657.9300000000003,2980.0,19463.0
514,context_length_tokens,session_turn_index,514,tokens,44,423841.25,260946.75921162756,124872.0,163465.3,205371.75,321535.0,656607.5,844218.8000000002,884352.5,975439.59,990785.0,18649015.0
515,isl_tokens,session_turn_index,515,tokens,43,482.16279069767444,2054.837750967583,6.0,29.0,34.0,66.0,219.5,378.6,857.5999999999997,8377.039999999979,13727.0,20733.0
515,osl_tokens,session_turn_index,515,tokens,43,485.6046511627907,954.4014595676592,8.0,32.0,49.5,141.0,514.0,992.6,1550.3999999999994,4414.219999999994,5804.0,20881.0
515,context_length_tokens,session_turn_index,515,tokens,43,413988.3488372093,255177.1298687269,124982.0,163387.4,202838.5,321800.0,624971.5,790533.6000000001,876229.6,982564.74,991596.0,17801499.0
516,isl_tokens,session_turn_index,516,tokens,43,369.13953488372096,1370.9849893398296,6.0,30.200000000000003,57.0,118.0,204.0,286.6000000000002,377.9,5935.739999999987,9129.0,15873.0
516,osl_tokens,session_turn_index,516,tokens,43,338.5813953488372,557.8703788998542,4.0,32.0,66.5,129.0,323.0,637.8000000000001,1417.6,2503.1399999999985,2937.0,14559.0
516,context_length_tokens,session_turn_index,516,tokens,43,414843.0930232558,256215.507446896,125094.0,163560.6,202974.5,322487.0,625691.5,791657.0000000001,877857.1,987803.46,993300.0,17838253.0
517,isl_tokens,session_turn_index,517,tokens,43,247.72093023255815,696.0936626893998,6.0,29.0,47.5,108.0,220.0,341.6,399.99999999999994,2894.939999999993,4698.0,10652.0
517,osl_tokens,session_turn_index,517,tokens,43,257.3953488372093,322.3482256551412,1.0,32.0,53.5,123.0,339.0,647.4000000000001,743.6999999999999,1367.2199999999998,1392.0,11068.0
517,context_length_tokens,session_turn_index,517,tokens,43,415429.3953488372,256710.12282231558,125204.0,163646.8,203777.0,322857.0,627488.0,792426.6000000001,878146.5,991511.5,995365.0,17863464.0
518,isl_tokens,session_turn_index,518,tokens,43,249.1627906976744,673.4457016226864,6.0,29.0,39.5,67.0,227.0,390.00000000000017,560.7999999999997,2894.1799999999935,4499.0,10714.0
518,osl_tokens,session_turn_index,518,tokens,43,367.93023255813955,598.7215602936068,6.0,32.0,47.5,127.0,460.5,836.6,999.8,2597.8599999999956,3697.0,15821.0
518,context_length_tokens,session_turn_index,518,tokens,43,415935.9534883721,257150.7814854983,125332.0,163766.6,204025.5,323544.0,628541.5,792725.6000000001,879173.8,994380.12,996045.0,17885246.0
519,isl_tokens,session_turn_index,519,tokens,43,147.02325581395348,124.81250838703944,6.0,28.2,57.5,103.0,217.5,271.8000000000001,316.79999999999995,545.0999999999995,669.0,6322.0
519,osl_tokens,session_turn_index,519,tokens,43,357.6511627906977,436.3913266100833,2.0,27.8,83.0,149.0,511.5,810.4000000000001,1330.6999999999991,1817.4599999999996,1938.0,15379.0
519,context_length_tokens,session_turn_index,519,tokens,43,416450.9069767442,257523.44383473706,125444.0,163851.8,204384.0,323914.0,628895.0,793439.2000000001,880802.2,995578.02,997413.0,17907389.0
520,isl_tokens,session_turn_index,520,tokens,43,504.13953488372096,1189.8305836291645,6.0,30.200000000000003,58.0,137.0,257.5,918.2000000000014,3175.0999999999967,5331.679999999995,6506.0,21678.0
520,osl_tokens,session_turn_index,520,tokens,43,373.1860465116279,516.5582547041279,8.0,38.4,89.5,135.0,417.0,1075.2000000000003,1318.3999999999996,2143.419999999998,2710.0,16047.0
520,context_length_tokens,session_turn_index,520,tokens,43,417312.6976744186,257832.84148532548,125554.0,163968.4,205021.0,324601.0,630128.0,795403.4000000001,882706.3,996816.22,998521.0,17944446.0
521,isl_tokens,session_turn_index,521,tokens,43,192.51162790697674,411.69628521537646,6.0,28.2,42.5,66.0,209.5,251.0,347.4,1942.859999999997,2664.0,8278.0
521,osl_tokens,session_turn_index,521,tokens,43,414.93023255813955,672.6460555617172,1.0,32.0,61.5,152.0,426.0,1124.0,1222.4,3089.9399999999973,3738.0,17842.0
521,context_length_tokens,session_turn_index,521,tokens,43,417878.3953488372,258287.24127355608,125666.0,164054.4,205492.0,324971.0,630496.0,796765.4000000001,885372.5,997805.78,999944.0,17968771.0
522,isl_tokens,session_turn_index,522,tokens,42,164.61904761904762,195.2740385032754,6.0,29.0,37.0,66.0,205.5,536.7999999999998,587.3,744.1799999999993,827.0,6914.0
522,osl_tokens,session_turn_index,522,tokens,42,295.23809523809524,432.8164028185078,2.0,32.0,38.75,127.0,262.75,760.6999999999999,1260.499999999999,1806.529999999999,1916.0,12400.0
522,context_length_tokens,session_turn_index,522,tokens,42,404582.8333333333,245492.62996084275,125776.0,163853.0,203630.5,314903.5,590176.5,774906.2,878154.7499999997,950891.9799999996,995427.0,16992479.0
523,isl_tokens,session_turn_index,523,tokens,41,239.21951219512195,515.0689516803823,6.0,28.0,57.0,141.0,212.0,365.0,380.0,2333.2000000000035,3372.0,9808.0
523,osl_tokens,session_turn_index,523,tokens,41,402.5121951219512,729.8698220699032,2.0,32.0,73.0,135.0,387.0,644.0,1401.0,3436.4000000000005,3650.0,16503.0
523,context_length_tokens,session_turn_index,523,tokens,41,390666.9268292683,230544.77630903912,125888.0,163771.0,201813.0,304281.0,533640.0,768377.0,805601.0,885183.0,887075.0,16017344.0
524,isl_tokens,session_turn_index,524,tokens,41,210.5609756097561,305.4387526949203,6.0,23.0,31.0,66.0,257.0,461.0,673.0,1365.800000000001,1653.0,8633.0
524,osl_tokens,session_turn_index,524,tokens,41,261.4390243902439,341.52163440956394,2.0,32.0,55.0,130.0,314.0,621.0,790.0,1533.600000000001,1820.0,10719.0
524,context_length_tokens,session_turn_index,524,tokens,41,391280.0,230869.89598620893,125998.0,164312.0,203812.0,304906.0,534178.0,771510.0,806026.0,886009.2,888222.0,16042480.0
525,isl_tokens,session_turn_index,525,tokens,41,202.34146341463415,321.7711358878253,6.0,29.0,48.0,90.0,213.0,451.0,921.0,1441.6000000000013,1766.0,8296.0
525,osl_tokens,session_turn_index,525,tokens,41,334.3658536585366,617.3304746499952,1.0,32.0,52.0,121.0,377.0,649.0,905.0,2788.4000000000037,3824.0,13709.0
525,context_length_tokens,session_turn_index,525,tokens,41,391743.7804878049,231089.77169632397,126110.0,164397.0,204395.0,305369.0,534943.0,771853.0,806394.0,886653.8,888563.0,16061495.0
526,isl_tokens,session_turn_index,526,tokens,41,274.0731707317073,456.833715290949,6.0,29.0,62.0,171.0,266.0,399.0,917.0,2169.8000000000015,2625.0,11237.0
526,osl_tokens,session_turn_index,526,tokens,41,413.4634146341463,570.5836591387324,2.0,32.0,88.0,200.0,561.0,757.0,1874.0,2473.8,2591.0,16952.0
526,context_length_tokens,session_turn_index,526,tokens,41,392352.2195121951,231443.00415537303,126220.0,164483.0,204478.0,305630.0,535237.0,775854.0,806685.0,887320.4,889344.0,16086441.0
527,isl_tokens,session_turn_index,527,tokens,40,222.275,491.98815979147304,28.0,29.0,56.0,102.0,210.25,267.60000000000014,647.7999999999995,2230.8099999999986,3136.0,8891.0
527,osl_tokens,session_turn_index,527,tokens,40,275.3,343.18640707347373,1.0,30.500000000000007,38.5,115.0,375.25,805.7000000000003,1116.05,1171.8999999999999,1207.0,11012.0
527,context_length_tokens,session_turn_index,527,tokens,40,396690.7,233555.41618245552,126332.0,163852.4,203396.25,317246.5,557358.25,776646.9,810944.5499999998,889275.54,891816.0,15867628.0
528,isl_tokens,session_turn_index,528,tokens,40,257.875,512.9513226174586,29.0,29.0,57.75,91.0,210.25,466.90000000000003,857.8999999999969,2446.9499999999994,2796.0,10315.0
528,osl_tokens,session_turn_index,528,tokens,40,351.65,487.7048569575661,9.0,32.0,64.5,132.5,403.5,923.2000000000005,1556.4499999999994,1959.35,2090.0,14066.0
528,context_length_tokens,session_turn_index,528,tokens,40,397223.875,233936.38544337085,126442.0,163938.8,203603.5,317742.5,558396.5,777342.7,811594.9499999997,890210.17,893134.0,15888955.0
529,isl_tokens,session_turn_index,529,tokens,40,243.475,258.70079121448396,6.0,29.0,62.5,185.5,266.25,616.3000000000001,764.4499999999998,1079.3999999999996,1251.0,9739.0
529,osl_tokens,session_turn_index,529,tokens,40,482.95,925.8543338452329,1.0,31.9,62.0,202.0,559.25,701.5000000000002,1999.5999999999997,4186.619999999998,5529.0,19318.0
529,context_length_tokens,session_turn_index,529,tokens,40,397819.0,234367.63827787744,126554.0,164070.1,204145.0,318304.5,559498.5,778165.3,812068.2499999998,892445.36,895010.0,15912760.0
530,isl_tokens,session_turn_index,530,tokens,40,186.25,253.93569560028382,21.0,29.0,45.25,75.5,209.0,396.5000000000002,591.4499999999985,1137.92,1166.0,7450.0
530,osl_tokens,session_turn_index,530,tokens,40,225.925,244.83702615209165,8.0,32.0,54.75,126.0,265.5,623.9000000000001,805.9,918.7699999999999,980.0,9037.0
530,context_length_tokens,session_turn_index,530,tokens,40,398488.2,234955.36725208044,126664.0,164155.7,204674.75,318879.5,560141.75,779005.8,813144.0499999998,896198.65,897550.0,15939528.0
531,isl_tokens,session_turn_index,531,tokens,40,197.85,261.36416644215024,6.0,28.0,54.75,132.5,227.0,312.1000000000001,445.19999999999783,1255.79,1310.0,7914.0
531,osl_tokens,session_turn_index,531,tokens,40,274.825,290.32058896158225,2.0,16.9,45.0,144.0,390.75,633.2,735.7499999999998,1118.1899999999996,1305.0,10993.0
531,context_length_tokens,session_turn_index,531,tokens,40,398911.975,235061.87102319332,126792.0,164284.3,204887.75,319195.0,560778.75,779852.8,813870.9499999997,896524.49,897815.0,15956479.0
532,isl_tokens,session_turn_index,532,tokens,40,274.8,530.1023580404071,6.0,29.0,46.75,102.0,222.75,386.6000000000003,1445.4499999999985,2403.7599999999998,2683.0,10992.0
532,osl_tokens,session_turn_index,532,tokens,40,287.95,425.5352482462528,1.0,32.0,66.5,121.5,364.25,635.4000000000002,923.3499999999989,1931.4999999999995,2341.0,11518.0
532,context_length_tokens,session_turn_index,532,tokens,40,399461.6,235239.3122848305,126904.0,164369.9,206588.25,319851.0,563472.25,780663.3,814323.5999999997,897403.81,898777.0,15978464.0
533,isl_tokens,session_turn_index,533,tokens,39,236.0,356.5804832371523,6.0,27.200000000000003,36.0,122.0,231.0,619.2,1137.3000000000004,1502.3199999999995,1592.0,9204.0
533,osl_tokens,session_turn_index,533,tokens,39,371.5128205128205,647.217946559314,4.0,32.0,44.0,128.0,462.0,742.4000000000005,1155.2000000000025,2976.559999999999,3143.0,14489.0
533,context_length_tokens,session_turn_index,533,tokens,39,403962.0,237206.25417545112,127014.0,163856.0,204814.5,331571.0,582676.5,782756.0,819407.5000000001,898767.5,899100.0,15754518.0
534,isl_tokens,session_turn_index,534,tokens,38,178.76315789473685,198.1043630076311,6.0,29.0,56.25,119.5,210.5,369.00000000000034,600.2499999999997,862.3800000000003,909.0,6793.0
534,osl_tokens,session_turn_index,534,tokens,38,363.7631578947368,577.8810401262497,8.0,29.6,53.5,144.0,402.25,892.200000000001,1181.1999999999998,2513.4900000000052,3262.0,13823.0
534,context_length_tokens,session_turn_index,534,tokens,38,400766.7894736842,239582.6180940466,127126.0,163448.3,202720.0,320604.5,587929.25,786467.8,824235.0999999999,900723.22,901498.0,15229138.0
535,isl_tokens,session_turn_index,535,tokens,38,159.71052631578948,171.78902420284334,6.0,26.5,35.5,69.0,248.25,331.7000000000002,553.5999999999999,689.2800000000004,747.0,6069.0
535,osl_tokens,session_turn_index,535,tokens,38,307.89473684210526,542.4955391266357,6.0,27.6,32.0,122.0,380.75,618.0,732.399999999999,2510.2800000000047,3197.0,11700.0
535,context_length_tokens,session_turn_index,535,tokens,38,401290.2631578947,239982.91161441215,127236.0,163640.9,202908.25,321260.5,589315.25,788957.5,825314.9999999999,901926.6,902711.0,15249030.0
536,isl_tokens,session_turn_index,536,tokens,38,156.26315789473685,153.06391582234463,8.0,35.8,57.25,93.0,209.75,387.8000000000001,520.3999999999999,597.6,605.0,5938.0
536,osl_tokens,session_turn_index,536,tokens,38,207.05263157894737,283.79365626310266,2.0,35.5,53.25,124.5,168.0,565.7000000000004,677.6999999999995,1236.510000000001,1376.0,7868.0
536,context_length_tokens,session_turn_index,536,tokens,38,401754.4210526316,240334.32809062063,127348.0,163989.3,203498.0,321741.5,589630.25,789401.1,826344.2499999999,904802.01,906144.0,15266668.0
537,isl_tokens,session_turn_index,537,tokens,38,222.1578947368421,291.5893404949926,6.0,29.0,42.5,134.0,213.25,416.0000000000005,875.0999999999997,1291.3500000000008,1419.0,8442.0
537,osl_tokens,session_turn_index,537,tokens,38,417.2894736842105,761.3972235268919,1.0,8.0,32.0,152.5,399.5,895.7000000000027,1544.0999999999995,3387.840000000006,4264.0,15857.0
537,context_length_tokens,session_turn_index,537,tokens,38,402183.63157894736,240521.61640117233,127458.0,164180.6,203921.0,322280.0,590887.0,790140.4,826970.2499999999,905511.28,906383.0,15282978.0
538,isl_tokens,session_turn_index,538,tokens,37,542.1081081081081,1593.9988094502621,17.0,42.8,58.0,103.0,300.0,679.7999999999996,1797.599999999994,7189.760000000004,9578.0,20058.0
538,osl_tokens,session_turn_index,538,tokens,37,252.2972972972973,322.7211887502447,4.0,35.0,56.0,130.0,241.0,622.6,787.3999999999986,1400.0400000000004,1602.0,9335.0
538,context_length_tokens,session_turn_index,538,tokens,37,407416.1621621622,242530.2153090736,127570.0,163590.2,201769.0,334227.0,624204.0,792087.6,832290.7999999996,908482.64,910715.0,15074398.0
539,isl_tokens,session_turn_index,539,tokens,37,392.2162162162162,1275.2028590106463,6.0,28.6,37.0,104.0,227.0,436.7999999999999,744.3999999999961,5581.680000000004,7890.0,14512.0
539,osl_tokens,session_turn_index,539,tokens,37,346.72972972972974,463.92337721541253,8.0,32.0,52.0,135.0,310.0,1021.9999999999999,1409.7999999999993,1718.6000000000001,1814.0,12829.0
539,context_length_tokens,session_turn_index,539,tokens,37,408060.6756756757,243021.00304195198,127680.0,163789.2,201902.0,334914.0,624460.0,793283.6,832580.5999999996,908998.68,911442.0,15098245.0
540,isl_tokens,session_turn_index,540,tokens,37,192.9189189189189,243.14786718733555,15.0,29.0,37.0,122.0,225.0,396.5999999999997,667.3999999999982,1062.1200000000001,1092.0,7138.0
540,osl_tokens,session_turn_index,540,tokens,37,472.94594594594594,759.674217014819,7.0,13.8,32.0,169.0,483.0,1473.5999999999992,1795.3999999999999,3177.3200000000015,3938.0,17499.0
540,context_length_tokens,session_turn_index,540,tokens,37,408600.3243243243,243385.6166972157,127792.0,164088.6,201963.0,335284.0,625596.0,794211.0,834320.5999999996,909960.4400000001,912497.0,15118212.0
541,isl_tokens,session_turn_index,541,tokens,37,167.13513513513513,199.35208052279145,22.0,32.6,47.0,66.0,240.0,369.59999999999997,471.7999999999991,885.5600000000002,1022.0,6184.0
541,osl_tokens,session_turn_index,541,tokens,37,316.4864864864865,455.2096411379624,1.0,21.200000000000003,44.0,116.0,618.0,694.5999999999999,836.3999999999974,1992.2400000000007,2358.0,11710.0
541,context_length_tokens,session_turn_index,541,tokens,37,409240.4054054054,243859.90373810937,127902.0,164914.2,202024.0,335971.0,627006.0,795092.6,835334.1999999996,913319.8,916729.0,15141895.0
542,isl_tokens,session_turn_index,542,tokens,37,248.45945945945945,525.5130617655419,6.0,29.0,50.0,82.0,220.0,300.79999999999995,1042.5999999999997,2367.080000000001,3077.0,9193.0
542,osl_tokens,session_turn_index,542,tokens,37,299.94594594594594,318.59089635506126,1.0,32.0,48.0,152.0,435.0,896.9999999999999,944.4,970.0,979.0,11098.0
542,context_length_tokens,session_turn_index,542,tokens,37,409805.35135135136,244256.23574083418,128014.0,165248.2,202109.0,336341.0,627256.0,796459.0,835818.7999999996,913916.56,917104.0,15162798.0
543,isl_tokens,session_turn_index,543,tokens,37,237.86486486486487,309.6987343577942,6.0,42.2,58.0,103.0,251.0,643.1999999999995,974.999999999999,1238.2,1276.0,8801.0
543,osl_tokens,session_turn_index,543,tokens,37,445.86486486486484,797.3255688986628,4.0,36.8,56.0,120.0,426.0,1223.6,1834.399999999992,3463.84,3538.0,16497.0
543,context_length_tokens,session_turn_index,543,tokens,37,410343.1621621622,244591.28378621736,128124.0,165338.2,202390.0,336880.0,628554.0,797822.4,836641.7999999996,915069.8,918074.0,15182697.0
544,isl_tokens,session_turn_index,544,tokens,37,214.3783783783784,403.375041862248,6.0,29.0,35.0,71.0,212.0,372.2,810.5999999999998,1812.2000000000007,2354.0,7932.0
544,osl_tokens,session_turn_index,544,tokens,37,273.3783783783784,421.71133660881986,2.0,21.200000000000003,32.0,91.0,269.0,768.5999999999999,985.199999999998,1784.5600000000004,2029.0,10115.0
544,context_length_tokens,session_turn_index,544,tokens,37,411003.4054054054,245201.68113136268,128236.0,165450.0,202531.0,337567.0,629974.0,798459.2,837616.7999999996,918600.8,921677.0,15207126.0
545,isl_tokens,session_turn_index,545,tokens,37,163.64864864864865,194.68772171007686,6.0,24.200000000000003,35.0,108.0,232.0,319.0,347.1999999999998,861.9200000000004,1133.0,6055.0
545,osl_tokens,session_turn_index,545,tokens,37,420.81081081081084,510.2750629642079,2.0,32.0,70.0,203.0,618.0,1091.5999999999997,1385.5999999999972,2080.32,2166.0,15570.0
545,context_length_tokens,session_turn_index,545,tokens,37,411440.4324324324,245468.80135404455,128366.0,165736.2,202592.0,337937.0,630031.0,799010.4,838709.3999999996,919872.76,922450.0,15223296.0
546,isl_tokens,session_turn_index,546,tokens,37,211.54054054054055,270.0761248635826,6.0,29.0,53.0,112.0,216.0,541.4,949.9999999999995,1054.96,1060.0,7827.0
546,osl_tokens,session_turn_index,546,tokens,37,383.05405405405406,610.0766432110581,1.0,31.6,54.0,131.0,426.0,872.3999999999992,1607.1999999999994,2621.440000000001,3133.0,14173.0
546,context_length_tokens,session_turn_index,546,tokens,37,412072.7837837838,245848.00725466208,128478.0,166214.8,202677.0,338624.0,632207.0,799398.2,839564.9999999995,921476.68,924208.0,15246693.0
547,isl_tokens,session_turn_index,547,tokens,37,239.56756756756758,324.37620305796094,6.0,29.0,55.0,112.0,251.0,575.2,1029.9999999999995,1333.2000000000003,1461.0,8864.0
547,osl_tokens,session_turn_index,547,tokens,37,319.3243243243243,333.74727888790943,4.0,32.0,52.0,124.0,618.0,886.5999999999999,970.7999999999997,1134.0,1197.0,11815.0
547,context_length_tokens,session_turn_index,547,tokens,37,412695.4054054054,246282.6407246258,128588.0,166555.4,202958.0,338994.0,634894.0,800007.7999999999,840207.7999999996,922961.4,925719.0,15269730.0
548,isl_tokens,session_turn_index,548,tokens,36,172.83333333333334,308.74481552102395,6.0,29.0,38.5,68.0,211.0,289.5,359.5,1402.849999999998,1875.0,6222.0
548,osl_tokens,session_turn_index,548,tokens,36,255.19444444444446,408.0686774609041,2.0,32.0,38.5,107.5,174.0,737.5,1091.0,1693.0999999999995,1796.0,9187.0
548,context_length_tokens,session_turn_index,548,tokens,36,410388.94444444444,249429.8179766922,128700.0,166075.0,198882.25,327642.0,647467.0,801596.5,845889.5,924037.2,926623.0,14774002.0
549,isl_tokens,session_turn_index,549,tokens,36,243.13888888888889,369.937243384888,20.0,29.0,57.0,111.5,237.5,528.0,1065.0,1570.3,1571.0,8753.0
549,osl_tokens,session_turn_index,549,tokens,36,348.3333333333333,462.6000792621347,8.0,32.0,69.75,143.0,385.5,969.5,1195.0,1903.3499999999988,2204.0,12540.0
549,context_length_tokens,session_turn_index,549,tokens,36,410887.27777777775,249818.66616648287,128810.0,166158.5,199547.5,328139.5,647866.25,803339.0,846709.75,925239.3,927431.0,14791942.0
550,isl_tokens,session_turn_index,550,tokens,36,220.30555555555554,403.94635366073356,6.0,16.5,29.0,58.0,213.0,380.0,1221.0,1692.55,1709.0,7931.0
550,osl_tokens,session_turn_index,550,tokens,36,272.77777777777777,487.458266653049,6.0,31.5,37.0,122.0,266.75,596.5,872.75,2216.5999999999976,2729.0,9820.0
550,context_length_tokens,session_turn_index,550,tokens,36,411455.9166666667,250249.64199878657,128922.0,166263.5,200214.5,328779.0,648818.0,804587.0,847715.5,927288.5499999999,930280.0,14812413.0
551,isl_tokens,session_turn_index,551,tokens,36,172.80555555555554,138.54879193595872,29.0,37.0,58.75,137.0,224.25,365.5,467.25,563.5999999999999,586.0,6221.0
551,osl_tokens,session_turn_index,551,tokens,36,437.1111111111111,670.0928947946851,8.0,20.5,54.25,118.0,522.0,1429.0,2034.5,2520.849999999999,2748.0,15736.0
551,context_length_tokens,session_turn_index,551,tokens,36,411901.5,250524.80091594168,129032.0,166398.5,200390.25,329094.5,649907.0,804915.5,848276.5,929211.5,933051.0,14828454.0
552,isl_tokens,session_turn_index,552,tokens,36,215.30555555555554,284.4432006808745,6.0,29.0,37.0,96.0,229.25,454.5,858.75,1207.7499999999995,1325.0,7751.0
552,osl_tokens,session_turn_index,552,tokens,36,511.52777777777777,1166.820549044642,6.0,24.0,35.75,122.0,257.0,880.5,3587.25,4815.349999999999,5032.0,18415.0
552,context_length_tokens,session_turn_index,552,tokens,36,412553.9166666667,251080.9052584639,129144.0,166586.0,200484.75,329669.5,650180.5,806722.0,849449.25,931956.5499999999,935081.0,14851941.0
553,isl_tokens,session_turn_index,553,tokens,36,181.0,230.4682431727007,6.0,27.0,43.25,65.5,225.5,433.5,697.0,949.3999999999995,1074.0,6516.0
553,osl_tokens,session_turn_index,553,tokens,36,307.6666666666667,433.20440389676963,1.0,21.5,55.5,120.5,320.25,788.0,1282.75,1753.5999999999992,1930.0,11076.0
553,context_length_tokens,session_turn_index,553,tokens,36,413246.44444444444,251867.3596459547,129254.0,166672.5,200552.5,329985.0,651131.75,807412.5,851749.75,936154.3,938458.0,14876872.0
554,isl_tokens,session_turn_index,554,tokens,36,139.61111111111111,161.20040628873838,6.0,28.5,37.25,79.5,211.0,335.0,414.5,681.1499999999994,811.0,5026.0
554,osl_tokens,session_turn_index,554,tokens,36,244.58333333333334,289.24003632123805,8.0,30.5,32.0,111.5,357.5,639.5,734.25,1100.3999999999996,1176.0,8805.0
554,context_length_tokens,session_turn_index,554,tokens,36,413693.72222222225,252157.7235817353,129366.0,166821.0,200672.75,330641.0,652462.25,808335.0,852796.0,937098.45,938825.0,14892974.0
555,isl_tokens,session_turn_index,555,tokens,36,163.16666666666666,187.71572774928703,6.0,29.0,48.25,77.0,219.25,373.0,610.5,768.8999999999997,834.0,5874.0
555,osl_tokens,session_turn_index,555,tokens,36,494.77777777777777,1539.064653019112,2.0,32.0,46.0,116.0,183.5,647.0,1541.5,6694.94999999999,9314.0,17812.0
555,context_length_tokens,session_turn_index,555,tokens,36,414101.47222222225,252361.5721775324,129476.0,167013.0,200740.25,331057.5,652745.25,808991.5,853412.0,938012.8,939522.0,14907653.0
556,isl_tokens,session_turn_index,556,tokens,36,313.0833333333333,571.240092304064,6.0,31.0,55.25,131.5,285.0,499.5,1359.25,2544.35,2565.0,11271.0
556,osl_tokens,session_turn_index,556,tokens,36,350.5833333333333,407.1483059716147,8.0,32.0,70.25,131.0,505.75,994.5,1265.25,1468.8499999999997,1570.0,12621.0
556,context_length_tokens,session_turn_index,556,tokens,36,414909.3333333333,253399.8584851179,129588.0,167123.0,200898.0,331395.5,653646.75,811591.0,854281.0,944707.6,948979.0,14936736.0
557,isl_tokens,session_turn_index,557,tokens,36,133.38888888888889,106.58676115879021,6.0,29.0,56.0,82.5,222.75,310.5,340.0,346.0,346.0,4802.0
557,osl_tokens,session_turn_index,557,tokens,36,354.05555555555554,563.1749750025615,6.0,31.0,50.75,119.5,474.0,851.0,1129.25,2457.9999999999977,2997.0,12746.0
557,context_length_tokens,session_turn_index,557,tokens,36,415393.30555555556,253636.95350910298,129698.0,167238.0,200994.0,332115.0,654791.5,812225.5,854783.75,945619.35,949630.0,14954159.0
558,isl_tokens,session_turn_index,558,tokens,36,309.55555555555554,568.2290932970044,6.0,29.0,37.0,118.0,259.75,524.5,1568.25,2470.2999999999984,2933.0,11144.0
558,osl_tokens,session_turn_index,558,tokens,36,428.8611111111111,1326.0290585214225,8.0,32.0,54.75,127.5,274.5,486.0,885.5,5843.549999999991,8086.0,15439.0
558,context_length_tokens,session_turn_index,558,tokens,36,416056.9166666667,253937.85628458337,129810.0,167343.0,201099.25,332596.0,655113.5,815110.0,855992.0,946240.7999999999,950389.0,14978049.0
559,isl_tokens,session_turn_index,559,tokens,36,176.02777777777777,207.02072978745002,6.0,26.5,45.25,77.0,256.25,374.0,491.25,891.2499999999997,977.0,6337.0
559,osl_tokens,session_turn_index,559,tokens,36,355.5833333333333,559.3576859517829,8.0,32.0,67.25,154.5,424.0,712.0,949.5,2526.799999999997,3238.0,12801.0
559,context_length_tokens,session_turn_index,559,tokens,36,416661.80555555556,254557.85975259793,130550.0,167478.5,201275.75,333070.0,656027.5,815574.0,856676.0,951719.35,958551.0,14999825.0
560,isl_tokens,session_turn_index,560,tokens,36,245.58333333333334,397.83171868126465,15.0,34.5,57.75,130.5,220.5,358.5,1156.25,1770.1499999999994,1921.0,8841.0
560,osl_tokens,session_turn_index,560,tokens,36,282.75,431.07548803995905,8.0,31.0,46.25,141.5,316.25,606.5,714.0,1961.4999999999977,2483.0,10179.0
560,context_length_tokens,session_turn_index,560,tokens,36,417262.97222222225,254987.91974125255,131845.0,167721.5,201551.75,333567.5,657123.75,817046.5,858113.75,953622.45,958933.0,15021467.0
561,isl_tokens,session_turn_index,561,tokens,36,269.27777777777777,469.6549922319522,18.0,33.0,59.5,140.5,251.0,394.5,914.25,2192.1999999999994,2363.0,9694.0
561,osl_tokens,session_turn_index,561,tokens,36,363.5833333333333,552.3088093026702,2.0,32.0,100.5,175.5,354.5,858.5,1255.25,2469.449999999998,2929.0,13089.0
561,context_length_tokens,session_turn_index,561,tokens,36,417815.0,255232.41942057005,132481.0,168363.0,202049.25,334142.5,657963.75,817449.0,859185.5,954741.15,959260.0,15041340.0
562,isl_tokens,session_turn_index,562,tokens,36,236.05555555555554,295.51620978706666,6.0,28.5,47.75,93.0,251.0,802.5,871.75,1015.5,1019.0,8498.0
562,osl_tokens,session_turn_index,562,tokens,36,421.1111111111111,592.5157652744485,1.0,31.5,71.0,164.5,461.25,1149.0,1510.5,2503.1999999999994,2688.0,15160.0
562,context_length_tokens,session_turn_index,562,tokens,36,418414.6388888889,255484.65287089956,134023.0,168676.5,202213.75,334458.0,659476.0,817743.5,860171.75,956150.5,959766.0,15062927.0
563,isl_tokens,session_turn_index,563,tokens,36,231.19444444444446,416.8224921583957,13.0,29.0,46.0,105.5,214.0,384.0,835.5,1936.3499999999985,2265.0,8323.0
563,osl_tokens,session_turn_index,563,tokens,36,501.97222222222223,859.0061274555454,2.0,32.0,46.75,201.5,472.75,900.0,2854.25,3530.499999999999,3702.0,18071.0
563,context_length_tokens,session_turn_index,563,tokens,36,419066.94444444444,255750.7326633303,136289.0,169018.5,202546.75,335114.0,661194.5,817956.5,861755.0,957225.45,960142.0,15086410.0
564,isl_tokens,session_turn_index,564,tokens,36,205.94444444444446,304.4053350792186,10.0,28.5,44.25,62.0,227.0,436.0,943.75,1276.9499999999996,1355.0,7414.0
564,osl_tokens,session_turn_index,564,tokens,36,505.94444444444446,1165.7470171631112,17.0,34.5,54.0,137.5,396.75,821.0,2003.75,5168.649999999993,6807.0,18214.0
564,context_length_tokens,session_turn_index,564,tokens,36,419774.8611111111,256234.15562681388,136792.0,169667.5,202672.75,335530.5,661601.75,819678.5,863773.0,959055.2,960234.0,15111895.0
565,isl_tokens,session_turn_index,565,tokens,35,207.4857142857143,281.83616025004636,29.0,29.0,48.0,96.0,244.5,374.40000000000003,643.1999999999979,1259.4399999999996,1305.0,7262.0
565,osl_tokens,session_turn_index,565,tokens,35,370.8285714285714,584.2696777401088,1.0,32.0,44.5,123.0,513.0,967.2000000000002,1293.8999999999992,2485.559999999995,3001.0,12979.0
565,context_length_tokens,session_turn_index,565,tokens,35,404866.5714285714,243227.33294856784,137091.0,169696.4,198037.5,323201.0,575498.0,802710.0,828090.4,917040.8399999996,960297.0,14170330.0
566,isl_tokens,session_turn_index,566,tokens,35,225.11428571428573,333.4870973240684,20.0,29.0,49.0,100.0,253.0,521.0000000000003,818.1999999999996,1466.2799999999972,1741.0,7879.0
566,osl_tokens,session_turn_index,566,tokens,35,375.74285714285713,662.5909034284446,31.0,32.0,42.0,116.0,378.0,904.0000000000002,1526.1999999999957,2892.6399999999985,3047.0,13151.0
566,context_length_tokens,session_turn_index,566,tokens,35,405462.5142857143,243710.11257116473,138025.0,169780.4,198112.5,323826.0,576397.0,804341.6000000001,828587.0,919691.2199999995,964067.0,14191188.0
567,isl_tokens,session_turn_index,567,tokens,34,973.9705882352941,4878.640381266402,12.0,31.400000000000002,57.0,89.0,209.0,255.4,304.09999999999997,19532.58000000005,28995.0,33115.0
567,osl_tokens,session_turn_index,567,tokens,34,339.02941176470586,427.5769270513936,8.0,32.0,78.5,157.0,379.75,842.8999999999999,1087.1499999999996,1813.6700000000014,2111.0,11527.0
567,context_length_tokens,session_turn_index,567,tokens,34,404053.32352941175,248017.5057603229,138433.0,169348.9,193527.5,322938.5,636681.75,809987.0,829272.25,923164.7200000002,967126.0,13737813.0
568,isl_tokens,session_turn_index,568,tokens,33,216.78787878787878,304.505038777612,15.0,29.8,53.0,77.0,251.0,514.6000000000001,1038.8,1163.8,1215.0,7154.0
568,osl_tokens,session_turn_index,568,tokens,33,376.4848484848485,570.8250871094068,8.0,33.0,54.0,127.0,483.0,793.0000000000001,1460.7999999999984,2455.72,2593.0,12424.0
568,context_length_tokens,session_turn_index,568,tokens,33,412631.8484848485,247748.90647688476,154352.0,173763.8,207783.0,324539.0,683265.0,816013.2000000001,830642.2,926065.24,969175.0,13616851.0
569,isl_tokens,session_turn_index,569,tokens,33,324.1515151515151,956.6317527536353,5.0,29.0,47.0,108.0,251.0,340.8,520.3999999999996,4078.1199999999985,5673.0,10697.0
569,osl_tokens,session_turn_index,569,tokens,33,391.3636363636364,449.64678516026186,2.0,32.0,56.0,148.0,618.0,936.8000000000001,1269.799999999999,1722.36,1747.0,12915.0
569,context_length_tokens,session_turn_index,569,tokens,33,413332.48484848486,248398.53522833646,154435.0,173860.2,208067.0,325452.0,684581.0,819780.8,831382.0,927762.88,971344.0,13639972.0
570,isl_tokens,session_turn_index,570,tokens,33,135.63636363636363,115.2506670412086,24.0,29.6,56.0,97.0,209.0,251.0,319.4,479.79999999999995,555.0,4476.0
570,osl_tokens,session_turn_index,570,tokens,33,376.09090909090907,521.9857982299127,1.0,19.800000000000004,54.0,169.0,443.0,808.2000000000002,1615.9999999999995,2109.6,2260.0,12411.0
570,context_length_tokens,session_turn_index,570,tokens,33,413859.48484848486,248701.62436604706,154524.0,173971.4,208215.0,326224.0,685156.0,820889.6,832081.6,929107.12,972862.0,13657363.0
571,isl_tokens,session_turn_index,571,tokens,33,309.030303030303,581.950559435405,20.0,28.2,57.0,122.0,251.0,528.2000000000002,1363.9999999999977,2564.0,2660.0,10198.0
571,osl_tokens,session_turn_index,571,tokens,33,482.6666666666667,599.127581226118,8.0,36.0,102.0,179.0,618.0,1490.6000000000004,1840.9999999999993,2176.68,2209.0,15928.0
571,context_length_tokens,session_turn_index,571,tokens,33,414544.6060606061,249184.79695355453,154599.0,174056.8,208276.0,326849.0,686329.0,822503.6,833380.4,930592.32,974680.0,13679972.0
572,isl_tokens,session_turn_index,572,tokens,33,159.63636363636363,230.56660356106642,10.0,28.2,44.0,78.0,191.0,338.8,380.0,1019.1999999999997,1320.0,5268.0
572,osl_tokens,session_turn_index,572,tokens,33,290.1818181818182,323.4615292141288,8.0,44.8,85.0,141.0,414.0,645.8000000000001,984.6,1265.0,1393.0,9576.0
572,context_length_tokens,session_turn_index,572,tokens,33,415186.9090909091,249673.31388489332,154689.0,174293.4,208361.0,327312.0,688447.0,823854.6,835154.4,932010.9199999999,976009.0,13701168.0
573,isl_tokens,session_turn_index,573,tokens,33,215.0909090909091,264.81524304250013,23.0,38.800000000000004,58.0,146.0,251.0,368.2,577.9999999999993,1231.9999999999998,1400.0,7098.0
573,osl_tokens,session_turn_index,573,tokens,33,266.8787878787879,331.2020126545271,4.0,32.0,53.0,131.0,399.0,618.0,874.1999999999999,1353.4399999999998,1564.0,8807.0
573,context_length_tokens,session_turn_index,573,tokens,33,415692.1818181818,249849.76213419213,154803.0,174762.0,208645.0,327573.0,689245.0,824316.0,836722.8,932678.48,976378.0,13717842.0
574,isl_tokens,session_turn_index,574,tokens,33,290.90909090909093,348.7443592363517,24.0,34.60000000000001,71.0,209.0,360.0,634.8000000000002,914.3999999999995,1548.08,1750.0,9600.0
574,osl_tokens,session_turn_index,574,tokens,33,354.72727272727275,317.8889907944589,1.0,53.2,123.0,280.0,493.0,890.6000000000001,1011.7999999999998,1123.72,1149.0,11706.0
574,context_length_tokens,session_turn_index,574,tokens,33,416249.9696969697,250035.90254207372,155044.0,174968.6,208960.0,328198.0,691072.0,825312.8,837390.8,933189.6,976996.0,13736249.0
575,isl_tokens,session_turn_index,575,tokens,33,292.90909090909093,915.1562331806939,25.0,30.6,47.0,66.0,155.0,319.0,597.7999999999996,3918.279999999999,5397.0,9666.0
575,osl_tokens,session_turn_index,575,tokens,33,441.90909090909093,541.9612176461586,1.0,33.0,46.0,129.0,618.0,1002.8000000000001,1489.999999999999,2163.88,2289.0,14583.0
575,context_length_tokens,session_turn_index,575,tokens,33,416897.6060606061,250136.8879754782,155435.0,175303.6,209817.0,328661.0,691392.0,826456.6,838313.6,934458.6799999999,978347.0,13757621.0
576,isl_tokens,session_turn_index,576,tokens,33,234.3030303030303,501.524251496677,26.0,29.0,47.0,73.0,209.0,375.8000000000001,618.5999999999996,2243.3999999999996,2925.0,7732.0
576,osl_tokens,session_turn_index,576,tokens,33,272.42424242424244,351.7310465530084,17.0,32.0,55.0,136.0,297.0,621.0,875.7999999999995,1513.4399999999998,1700.0,8990.0
576,context_length_tokens,session_turn_index,576,tokens,33,417573.8181818182,250596.422134663,155518.0,175511.6,210678.0,328922.0,692433.0,829166.6,839135.2,936367.12,980746.0,13779936.0
577,isl_tokens,session_turn_index,577,tokens,33,208.3939393939394,491.06821962626066,15.0,30.6,57.0,77.0,154.0,292.6,471.1999999999996,2172.879999999999,2898.0,6877.0
577,osl_tokens,session_turn_index,577,tokens,33,282.6666666666667,282.25291330774087,1.0,34.400000000000006,49.0,128.0,545.0,619.6,731.3999999999999,994.8,1086.0,9328.0
577,context_length_tokens,session_turn_index,577,tokens,33,418054.63636363635,250978.8147293685,155609.0,175888.2,210864.0,329514.0,693213.0,829620.4,841096.0,937649.48,982461.0,13795803.0
578,isl_tokens,session_turn_index,578,tokens,33,157.42424242424244,185.7017860756832,28.0,29.0,46.0,72.0,209.0,251.0,439.99999999999955,846.4399999999999,953.0,5195.0
578,osl_tokens,session_turn_index,578,tokens,33,293.72727272727275,378.683226755418,2.0,32.0,45.0,160.0,356.0,808.2000000000002,1105.1999999999998,1523.1599999999999,1671.0,9693.0
578,context_length_tokens,session_turn_index,578,tokens,33,418494.7272727273,251259.82395053311,155684.0,176401.4,210963.0,329775.0,694018.0,830184.6,842330.2,938669.24,983619.0,13810326.0
579,isl_tokens,session_turn_index,579,tokens,33,266.5151515151515,428.0236556201439,20.0,29.0,58.0,149.0,228.0,524.0000000000001,883.199999999999,1955.8399999999997,2272.0,8795.0
579,osl_tokens,session_turn_index,579,tokens,33,335.2121212121212,454.3890842142626,4.0,20.000000000000004,54.0,169.0,356.0,695.4000000000001,1203.5999999999995,1932.7199999999998,2190.0,11062.0
579,context_length_tokens,session_turn_index,579,tokens,33,419054.9696969697,251638.46969839607,155775.0,176487.6,211023.0,330400.0,695540.0,831066.2000000001,843725.0,939875.2,984960.0,13828814.0
580,isl_tokens,session_turn_index,580,tokens,33,278.7878787878788,517.7199873557344,28.0,29.8,56.0,80.0,208.0,366.4,1603.3999999999994,2138.8399999999997,2279.0,9200.0
580,osl_tokens,session_turn_index,580,tokens,33,272.93939393939394,425.3989171955517,6.0,32.0,53.0,119.0,283.0,611.6,878.5999999999998,1848.4799999999996,2260.0,9007.0
580,context_length_tokens,session_turn_index,580,tokens,33,419668.9696969697,252023.30105567438,155886.0,176574.4,211112.0,330912.0,697886.0,831553.0,845610.8,941053.6,985476.0,13849076.0
581,isl_tokens,session_turn_index,581,tokens,33,196.12121212121212,176.37301339228804,24.0,29.0,57.0,138.0,251.0,409.40000000000003,604.1999999999999,638.16,642.0,6472.0
581,osl_tokens,session_turn_index,581,tokens,33,265.1515151515151,271.6701566474607,1.0,32.0,56.0,147.0,404.0,618.0,765.7999999999995,1027.2,1048.0,8750.0
581,context_length_tokens,session_turn_index,581,tokens,33,420138.0303030303,252260.35477806785,156127.0,176803.0,211172.0,331173.0,698767.0,831898.4,846646.6,941668.88,985626.0,13864555.0
582,isl_tokens,session_turn_index,582,tokens,33,282.57575757575756,517.7440007584789,24.0,30.400000000000002,57.0,91.0,217.0,627.6000000000001,1181.9999999999989,2304.4399999999996,2611.0,9325.0
582,osl_tokens,session_turn_index,582,tokens,33,328.030303030303,410.3327906489151,7.0,27.8,53.0,127.0,426.0,1109.0000000000002,1252.3999999999999,1393.6,1440.0,10825.0
582,context_length_tokens,session_turn_index,582,tokens,33,420685.75757575757,252561.26570375083,156333.0,176959.2,211261.0,331798.0,701970.0,832328.8,847183.8,942939.52,987104.0,13882630.0
583,isl_tokens,session_turn_index,583,tokens,33,194.57575757575756,212.29924995985502,20.0,29.0,49.0,98.0,251.0,436.6000000000001,573.1999999999999,889.7199999999998,1035.0,6421.0
583,osl_tokens,session_turn_index,583,tokens,33,324.27272727272725,388.4492301546156,8.0,33.0,54.0,136.0,513.0,799.6000000000001,1074.5999999999992,1553.92,1616.0,10701.0
583,context_length_tokens,session_turn_index,583,tokens,33,421208.36363636365,252924.20102063852,156713.0,177194.2,211321.0,332261.0,704300.0,832789.2000000001,848195.0,944492.24,988538.0,13899876.0
584,isl_tokens,session_turn_index,584,tokens,33,372.06060606060606,620.7808347651801,20.0,29.0,58.0,108.0,217.0,1631.2000000000005,1938.8,2100.72,2158.0,12278.0
584,osl_tokens,session_turn_index,584,tokens,33,298.24242424242425,299.3696438430742,8.0,32.0,46.0,163.0,488.0,709.8000000000001,939.7999999999997,1054.84,1059.0,9842.0
584,context_length_tokens,session_turn_index,584,tokens,33,421904.69696969696,253416.92026770583,156796.0,178820.6,211557.0,332522.0,706094.0,833746.6,849633.2,946329.12,990292.0,13922855.0
585,isl_tokens,session_turn_index,585,tokens,33,168.93939393939394,183.38863178043331,22.0,29.0,57.0,91.0,219.0,273.40000000000003,453.1999999999997,829.1999999999999,946.0,5575.0
585,osl_tokens,session_turn_index,585,tokens,33,278.1212121212121,308.4528113387414,8.0,32.0,54.0,135.0,417.0,618.0,862.1999999999991,1229.44,1232.0,9178.0
585,context_length_tokens,session_turn_index,585,tokens,33,422371.8787878788,253613.04392629545,156886.0,179072.4,211719.0,333147.0,706270.0,835061.8,850439.0,946758.44,990689.0,13938272.0
586,isl_tokens,session_turn_index,586,tokens,33,187.45454545454547,214.66352683226398,28.0,29.0,37.0,61.0,272.0,494.4000000000001,612.3999999999999,822.7199999999999,896.0,6186.0
586,osl_tokens,session_turn_index,586,tokens,33,303.54545454545456,657.9765626713412,5.0,32.0,44.0,116.0,268.0,579.2000000000002,1023.3999999999999,2889.7599999999993,3748.0,10017.0
586,context_length_tokens,session_turn_index,586,tokens,33,422837.45454545453,253837.75405324044,156961.0,179262.4,211779.0,333610.0,707628.0,836643.2000000001,851155.0,947266.84,990847.0,13953636.0
587,isl_tokens,session_turn_index,587,tokens,33,333.1818181818182,638.9016358372251,12.0,49.2,58.0,134.0,251.0,494.6,1320.599999999998,2900.4799999999996,3256.0,10995.0
587,osl_tokens,session_turn_index,587,tokens,33,329.0,424.47065073257227,32.0,53.2,68.0,140.0,408.0,620.4,1209.9999999999993,1802.1599999999999,1934.0,10857.0
587,context_length_tokens,session_turn_index,587,tokens,33,423474.1818181818,254105.03106529437,157049.0,179351.6,211925.0,335801.0,708220.0,839731.8,851428.0,948418.96,992314.0,13974648.0
588,isl_tokens,session_turn_index,588,tokens,33,178.33333333333334,372.7717366925337,28.0,29.0,37.0,66.0,171.0,320.6000000000001,352.0,1620.0799999999995,2214.0,5885.0
588,osl_tokens,session_turn_index,588,tokens,33,256.2121212121212,358.7338641773615,1.0,19.800000000000004,32.0,119.0,262.0,789.8000000000002,1040.1999999999994,1370.24,1392.0,8455.0
588,context_length_tokens,session_turn_index,588,tokens,33,423981.51515151514,254366.785094319,157167.0,179435.2,212022.0,337799.0,708489.0,840109.8,852789.0,950411.12,994174.0,13991390.0
589,isl_tokens,session_turn_index,589,tokens,32,177.46875,208.32816425879028,6.0,29.8,54.25,98.5,219.25,350.0000000000002,475.24999999999983,940.5100000000007,1089.0,5679.0
589,osl_tokens,session_turn_index,589,tokens,32,290.8125,343.12064546417196,9.0,37.7,53.0,128.0,446.0,620.7,894.5499999999997,1412.6100000000006,1527.0,9306.0
589,context_length_tokens,session_turn_index,589,tokens,32,430033.75,256543.95341673424,157406.0,179385.1,208604.75,349906.5,710037.5,844861.4000000001,853979.85,952187.2400000002,994532.0,13761080.0
590,isl_tokens,session_turn_index,590,tokens,32,164.21875,208.63540782531976,22.0,29.0,29.0,66.0,225.5,354.40000000000003,440.5499999999999,908.1900000000007,1079.0,5255.0
590,osl_tokens,session_turn_index,590,tokens,32,243.0625,285.47831983138406,1.0,32.0,53.75,126.5,310.75,551.8000000000002,770.8499999999998,1212.0600000000004,1328.0,7778.0
590,context_length_tokens,session_turn_index,590,tokens,32,430488.78125,256794.05295632023,157810.0,179499.8,208735.25,350382.0,710557.5,845771.3,854834.05,952490.8000000002,994688.0,13775641.0
591,isl_tokens,session_turn_index,591,tokens,32,200.03125,326.84567118662824,20.0,29.8,57.0,85.5,225.5,371.40000000000026,619.0499999999996,1495.1600000000012,1763.0,6401.0
591,osl_tokens,session_turn_index,591,tokens,32,375.03125,643.6574925948097,17.0,37.0,61.5,135.5,337.5,620.7,1456.6499999999996,2834.6900000000023,3331.0,12001.0
591,context_length_tokens,session_turn_index,591,tokens,32,430931.875,257091.26356737965,157893.0,179593.9,208909.0,350781.0,711481.0,846534.3,855231.1,953622.1700000002,996152.0,13789820.0
592,isl_tokens,session_turn_index,592,tokens,32,205.78125,197.54283307282373,29.0,37.0,57.0,128.5,281.0,479.5000000000003,666.1999999999999,733.5300000000001,745.0,6585.0
592,osl_tokens,session_turn_index,592,tokens,32,244.25,307.40354178180837,8.0,44.1,70.5,123.5,280.5,616.4000000000001,762.6499999999999,1281.6300000000008,1476.0,7816.0
592,context_length_tokens,session_turn_index,592,tokens,32,431512.6875,257313.20333610915,157982.0,179677.0,209220.75,352834.5,712576.0,846985.2000000001,855775.9,954047.6100000002,996508.0,13808406.0
593,isl_tokens,session_turn_index,593,tokens,32,232.65625,281.0173047802172,24.0,29.0,47.0,149.0,329.0,556.4000000000004,638.5999999999999,1203.0800000000008,1430.0,7445.0
593,osl_tokens,session_turn_index,593,tokens,32,404.1875,528.3773176847677,4.0,32.0,42.25,134.5,618.75,955.9000000000001,1458.9999999999998,2030.5700000000008,2233.0,12934.0
593,context_length_tokens,session_turn_index,593,tokens,32,431989.59375,257523.7646167169,158057.0,179770.1,209917.0,353189.5,713026.25,849001.9,856251.0,954353.9900000002,996660.0,13823667.0
594,isl_tokens,session_turn_index,594,tokens,32,187.28125,196.90658228824526,29.0,44.3,57.75,130.0,222.25,443.7000000000004,541.5999999999999,854.2700000000004,973.0,5993.0
594,osl_tokens,session_turn_index,594,tokens,32,309.53125,402.5646675050327,8.0,32.0,68.0,122.0,431.5,761.4000000000003,993.0499999999997,1676.930000000001,1893.0,9905.0
594,context_length_tokens,session_turn_index,594,tokens,32,432581.0625,257852.33602635073,158146.0,179853.2,210078.0,354695.5,713476.0,850589.2000000001,857970.85,955488.5700000002,997479.0,13842594.0
595,isl_tokens,session_turn_index,595,tokens,32,207.5625,324.033942811166,24.0,29.8,57.75,105.0,213.5,349.10000000000025,829.0999999999992,1415.18,1422.0,6642.0
595,osl_tokens,session_turn_index,595,tokens,32,445.46875,673.5236161586597,2.0,32.0,44.75,131.0,618.75,956.7000000000005,1940.1,2699.220000000001,3021.0,14255.0
595,context_length_tokens,session_turn_index,595,tokens,32,433098.15625,258155.2121711507,158262.0,179946.7,210212.25,354985.5,715580.25,851004.0000000001,858768.55,955973.8800000001,997778.0,13859141.0
596,isl_tokens,session_turn_index,596,tokens,32,220.90625,463.2349133657107,13.0,29.0,35.75,79.0,212.5,248.70000000000005,687.7499999999995,2108.490000000002,2580.0,7069.0
596,osl_tokens,session_turn_index,596,tokens,32,271.96875,327.36089453909653,1.0,32.0,53.0,117.5,394.5,619.4000000000001,819.3499999999998,1353.1600000000008,1528.0,8703.0
596,context_length_tokens,session_turn_index,596,tokens,32,433764.53125,258533.8782635634,158504.0,180030.0,210277.5,356366.5,716372.25,851837.6000000001,860230.25,956877.5800000002,998133.0,13880465.0
597,isl_tokens,session_turn_index,597,tokens,32,602.25,1874.4421170044168,20.0,29.8,58.0,129.5,251.0,492.7000000000004,2396.349999999997,8381.230000000007,10076.0,19272.0
597,osl_tokens,session_turn_index,597,tokens,32,351.59375,485.9080969802186,8.0,32.5,53.75,145.0,547.0,791.1000000000004,1028.0,2056.750000000002,2514.0,11251.0
597,context_length_tokens,session_turn_index,597,tokens,32,434638.75,259336.7086988458,158915.0,180598.8,210379.5,356656.0,718117.75,853474.1000000001,860635.2,957625.4700000002,998968.0,13908440.0
598,isl_tokens,session_turn_index,598,tokens,32,124.75,112.87133161259328,15.0,29.0,32.75,70.5,201.75,250.10000000000002,363.15,422.2000000000001,447.0,3992.0
598,osl_tokens,session_turn_index,598,tokens,32,326.8125,457.040988144116,6.0,32.0,32.0,121.5,336.5,1084.6000000000008,1295.85,1749.0700000000006,1905.0,10458.0
598,context_length_tokens,session_turn_index,598,tokens,32,435115.09375,259519.11511863623,158998.0,181141.8,210515.75,357462.5,718623.75,854137.3,861193.55,957906.9400000002,999238.0,13923683.0
599,isl_tokens,session_turn_index,599,tokens,32,213.9375,277.94333252256655,24.0,34.4,57.0,113.5,251.0,401.60000000000014,694.5999999999999,1226.0800000000008,1453.0,6846.0
599,osl_tokens,session_turn_index,599,tokens,32,373.46875,530.1493884023988,32.0,44.1,86.0,190.5,428.0,618.0,1220.6999999999996,2371.0800000000017,2753.0,11951.0
599,context_length_tokens,session_turn_index,599,tokens,32,435655.84375,259819.938359014,159086.0,181370.6,210597.75,357935.0,720202.25,854575.1000000001,862520.65,958139.1600000001,999389.0,13940987.0
600,isl_tokens,session_turn_index,600,tokens,30,203.73333333333332,290.3831874533296,23.0,29.0,31.0,132.5,263.75,380.0,396.4999999999999,1269.100000000001,1620.0,6112.0
600,osl_tokens,session_turn_index,600,tokens,30,460.93333333333334,805.257388803246,8.0,32.0,46.0,153.5,572.25,1014.3000000000001,1398.1999999999982,3503.470000000002,4245.0,13828.0
600,context_length_tokens,session_turn_index,600,tokens,30,425909.93333333335,243595.1532004052,159161.0,181134.4,218338.0,358454.0,671139.25,835309.5,860220.05,865153.02,866824.0,12777298.0
601,isl_tokens,session_turn_index,601,tokens,30,156.26666666666668,153.30382324724397,29.0,36.5,57.0,75.0,209.0,385.4000000000001,465.34999999999985,551.35,576.0,4688.0
601,osl_tokens,session_turn_index,601,tokens,30,370.06666666666666,413.1604961217318,8.0,45.1,100.0,144.5,610.25,793.2000000000003,1199.0499999999988,1635.5700000000004,1742.0,11102.0
601,context_length_tokens,session_turn_index,601,tokens,30,426527.13333333336,244124.15574398934,159251.0,181360.3,218728.5,358902.5,671830.5,836417.6000000001,863218.25,866501.46,867553.0,12795814.0
602,isl_tokens,session_turn_index,602,tokens,30,196.6,257.4713705767433,29.0,34.400000000000006,62.0,108.5,214.75,339.1,722.449999999998,1127.4,1168.0,5898.0
602,osl_tokens,session_turn_index,602,tokens,30,482.43333333333334,610.5056201397512,14.0,32.0,59.75,279.0,620.5,1394.0000000000005,1899.7499999999986,2244.13,2303.0,14473.0
602,context_length_tokens,session_turn_index,602,tokens,30,427093.8,244479.7916553159,159554.0,181826.0,219243.75,359458.5,672550.0,837096.2000000001,864944.25,868305.86,868963.0,12812814.0
603,isl_tokens,session_turn_index,603,tokens,30,155.33333333333334,169.31988135544574,10.0,29.0,49.25,71.0,216.75,285.3000000000002,424.04999999999984,726.7400000000004,841.0,4660.0
603,osl_tokens,session_turn_index,603,tokens,30,280.7,281.9293232945685,7.0,32.0,93.5,161.0,416.25,625.3000000000001,814.1999999999994,1096.0500000000002,1170.0,8421.0
603,context_length_tokens,session_turn_index,603,tokens,30,427731.56666666665,244922.86623937794,159962.0,182191.3,219775.25,359906.5,673327.25,838065.9,866664.1,870609.3,871169.0,12831947.0
604,isl_tokens,session_turn_index,604,tokens,30,208.93333333333334,329.99524575699905,17.0,23.9,34.0,100.0,240.75,374.8000000000001,640.9999999999991,1468.500000000001,1744.0,6268.0
604,osl_tokens,session_turn_index,604,tokens,30,306.26666666666665,338.9159122194701,8.0,32.0,89.75,167.0,337.0,696.3000000000001,958.149999999999,1374.5000000000002,1476.0,9188.0
604,context_length_tokens,session_turn_index,604,tokens,30,428221.2,245184.03467985702,160045.0,182422.1,219994.75,360377.0,673742.75,840110.1000000001,867597.65,871137.69,871642.0,12846636.0
605,isl_tokens,session_turn_index,605,tokens,30,128.93333333333334,94.46937187375715,17.0,29.9,56.25,71.0,218.5,258.2,271.54999999999995,285.26,287.0,3868.0
605,osl_tokens,session_turn_index,605,tokens,30,308.43333333333334,276.3221167808003,32.0,46.9,77.0,181.0,542.75,626.4000000000001,858.7499999999992,987.71,988.0,9253.0
605,context_length_tokens,session_turn_index,605,tokens,30,428656.4,245366.42480918206,160134.0,182891.9,220402.75,360891.0,673967.5,840776.4,868499.75,871779.99,872380.0,12859692.0
606,isl_tokens,session_turn_index,606,tokens,30,258.73333333333335,447.4580750069093,27.0,29.0,44.75,124.0,243.5,360.80000000000035,1060.8499999999976,1982.7900000000006,2200.0,7762.0
606,osl_tokens,session_turn_index,606,tokens,30,254.5,270.8119581308526,8.0,32.0,39.25,174.0,389.5,587.7,621.0,1096.7000000000005,1291.0,7635.0
606,context_length_tokens,session_turn_index,606,tokens,30,429223.56666666665,245394.51376435772,160209.0,183228.9,221661.75,361314.5,674847.0,841069.9,869126.35,872167.27,872671.0,12876707.0
607,isl_tokens,session_turn_index,607,tokens,30,240.03333333333333,271.98596573271124,24.0,56.5,65.0,198.5,249.5,385.1000000000001,541.5499999999994,1258.9300000000007,1515.0,7201.0
607,osl_tokens,session_turn_index,607,tokens,30,369.96666666666664,400.7461776347828,8.0,87.4,122.25,191.0,452.5,747.8000000000009,1396.0499999999995,1505.89,1523.0,11099.0
607,context_length_tokens,session_turn_index,607,tokens,30,429718.1,245451.55516983388,160298.0,183489.7,222670.25,361933.5,675283.25,841605.8,869797.45,872677.21,873214.0,12891543.0
608,isl_tokens,session_turn_index,608,tokens,29,152.86206896551724,151.85921886517156,15.0,23.8,29.0,136.0,210.0,300.99999999999994,381.2,633.8399999999996,731.0,4433.0
608,osl_tokens,session_turn_index,608,tokens,29,292.2413793103448,331.89930495947146,30.0,40.0,89.0,154.0,341.0,698.7999999999997,1114.9999999999995,1234.6799999999998,1254.0,8475.0
608,context_length_tokens,session_turn_index,608,tokens,29,432876.5172413793,249377.31175519899,160418.0,183020.6,220638.0,372045.0,721452.0,844843.0,871138.2,873504.12,873685.0,12553419.0
609,isl_tokens,session_turn_index,609,tokens,29,244.93103448275863,418.80930818579924,16.0,23.8,47.0,70.0,241.0,464.7999999999997,944.5999999999995,1805.719999999999,2100.0,7103.0
609,osl_tokens,session_turn_index,609,tokens,29,267.3103448275862,231.80820006445518,17.0,32.0,53.0,170.0,440.0,618.0,650.3999999999999,806.6399999999998,859.0,7752.0
609,context_length_tokens,session_turn_index,609,tokens,29,433413.6896551724,249567.3187088493,160660.0,183204.4,221003.0,372732.0,721866.0,846926.6,871915.6,873758.96,873855.0,12568997.0
610,isl_tokens,session_turn_index,610,tokens,29,277.86206896551727,375.31620913184486,15.0,27.6,56.0,170.0,311.0,858.1999999999999,951.9999999999999,1517.6799999999992,1726.0,8058.0
610,osl_tokens,session_turn_index,610,tokens,29,492.3103448275862,780.0417364363523,19.0,48.800000000000004,107.0,193.0,543.0,972.5999999999997,1960.1999999999978,3351.2399999999984,3727.0,14277.0
610,context_length_tokens,session_turn_index,610,tokens,29,433958.8620689655,249752.93752906044,161047.0,183502.0,221432.0,373102.0,722803.0,847414.4,872356.4,875120.64,875509.0,12584807.0
611,isl_tokens,session_turn_index,611,tokens,29,142.3448275862069,115.87188997785114,16.0,29.0,57.0,106.0,217.0,288.59999999999997,356.4,430.5599999999999,458.0,4128.0
611,osl_tokens,session_turn_index,611,tokens,29,318.62068965517244,365.5057350173303,32.0,43.800000000000004,55.0,120.0,618.0,752.3999999999997,1143.7999999999995,1271.1599999999999,1286.0,9240.0
611,context_length_tokens,session_turn_index,611,tokens,29,434593.5172413793,250053.0231709654,161130.0,183693.4,221517.0,373789.0,722979.0,848650.4,872844.0,875532.88,875975.0,12603212.0
612,isl_tokens,session_turn_index,612,tokens,29,168.86206896551724,174.34522315537842,17.0,29.0,37.0,91.0,251.0,369.79999999999995,516.5999999999996,696.1999999999998,734.0,4897.0
612,osl_tokens,session_turn_index,612,tokens,29,278.2413793103448,388.408481669209,17.0,32.0,46.0,135.0,364.0,552.9999999999999,815.3999999999993,1697.3999999999987,1990.0,8069.0
612,context_length_tokens,session_turn_index,612,tokens,29,435081.0,250187.97725158854,161220.0,183955.6,221650.0,374159.0,724006.0,849327.2,873116.6,876254.68,876834.0,12617349.0
613,isl_tokens,session_turn_index,613,tokens,29,251.27586206896552,285.61970092290784,15.0,29.0,56.0,179.0,251.0,621.9999999999998,922.5999999999997,1030.84,1051.0,7287.0
613,osl_tokens,session_turn_index,613,tokens,29,421.0689655172414,580.3550596348389,32.0,32.0,55.0,159.0,618.0,973.5999999999999,1165.3999999999999,2440.8399999999983,2923.0,12211.0
613,context_length_tokens,session_turn_index,613,tokens,29,435610.5172413793,250554.36720071983,161295.0,184500.4,221711.0,374570.0,725421.0,849600.2,874070.4,878478.72,879361.0,12632705.0
614,isl_tokens,session_turn_index,614,tokens,29,229.51724137931035,369.8404707987836,20.0,29.0,47.0,106.0,217.0,394.8,838.9999999999984,1629.7199999999993,1826.0,6656.0
614,osl_tokens,session_turn_index,614,tokens,29,340.9655172413793,407.19337799969367,2.0,32.0,55.0,127.0,446.0,764.5999999999998,1229.9999999999993,1613.5999999999997,1706.0,9888.0
614,context_length_tokens,session_turn_index,614,tokens,29,436261.1034482759,250868.7389953703,161387.0,184710.8,221796.0,375255.0,725917.0,849889.2,876129.0,879534.76,879642.0,12651572.0
615,isl_tokens,session_turn_index,615,tokens,29,187.82758620689654,142.9523839136214,29.0,45.800000000000004,58.0,173.0,251.0,380.0,448.9999999999998,531.7199999999999,546.0,5447.0
615,osl_tokens,session_turn_index,615,tokens,29,292.58620689655174,408.6264221917112,11.0,32.0,53.0,132.0,308.0,647.8,944.5999999999993,1720.439999999999,1973.0,8485.0
615,context_length_tokens,session_turn_index,615,tokens,29,436789.8965517241,251002.44843748037,161678.0,185902.4,222078.0,375754.0,726849.0,850614.7999999999,876696.7999999999,879876.32,879962.0,12666907.0
616,isl_tokens,session_turn_index,616,tokens,29,196.89655172413794,222.54752996058542,18.0,29.0,30.0,62.0,293.0,547.8,635.5999999999998,799.8399999999998,848.0,5710.0
616,osl_tokens,session_turn_index,616,tokens,29,392.9655172413793,548.9837308536327,1.0,32.0,54.0,148.0,408.0,1189.8,1312.1999999999998,2145.0799999999986,2464.0,11396.0
616,context_length_tokens,session_turn_index,616,tokens,29,437279.3793103448,251319.92977826626,162066.0,186443.2,222254.0,376441.0,726886.0,852641.7999999999,877633.6,880910.32,881108.0,12681102.0
617,isl_tokens,session_turn_index,617,tokens,29,161.75862068965517,143.13452923793918,20.0,29.0,58.0,116.0,251.0,298.59999999999997,324.2,616.2799999999995,728.0,4691.0
617,osl_tokens,session_turn_index,617,tokens,29,318.13793103448273,331.69769412128045,5.0,32.0,44.0,141.0,618.0,784.4,941.5999999999995,1135.7599999999998,1173.0,9226.0
617,context_length_tokens,session_turn_index,617,tokens,29,437834.1034482759,251753.01126142702,162149.0,186669.4,222315.0,376811.0,728300.0,853585.6,878688.6,881697.56,881704.0,12697189.0
618,isl_tokens,session_turn_index,618,tokens,29,245.51724137931035,487.3801618003424,23.0,29.0,57.0,102.0,213.0,343.59999999999997,647.999999999999,2162.959999999998,2679.0,7120.0
618,osl_tokens,session_turn_index,618,tokens,29,292.82758620689657,391.3429635256908,9.0,32.0,88.0,130.0,260.0,958.4,1047.9999999999998,1522.2399999999993,1688.0,8492.0
618,context_length_tokens,session_turn_index,618,tokens,29,438397.7586206897,252055.56125320043,162238.0,187423.4,222400.0,377498.0,728794.0,853931.0,879416.7999999999,883047.04,883189.0,12713535.0
619,isl_tokens,session_turn_index,619,tokens,28,217.75,251.62026732473564,6.0,29.0,53.5,151.0,255.25,438.10000000000014,657.9499999999999,1057.8400000000001,1195.0,6097.0
619,osl_tokens,session_turn_index,619,tokens,28,388.17857142857144,344.7038121521793,32.0,41.9,131.75,273.5,618.75,859.4000000000001,1112.5999999999997,1228.06,1234.0,10869.0
619,context_length_tokens,session_turn_index,619,tokens,28,445836.14285714284,254101.4050913693,162313.0,186771.5,217604.75,378557.5,733471.25,857086.0,880197.8,884483.57,884972.0,12483412.0
620,isl_tokens,session_turn_index,620,tokens,28,118.53571428571429,94.4436650461371,29.0,34.6,57.75,92.0,139.25,227.20000000000002,271.79999999999995,411.4800000000001,459.0,3319.0
620,osl_tokens,session_turn_index,620,tokens,28,185.42857142857142,273.52767274098983,8.0,31.4,48.5,92.5,143.75,471.90000000000015,905.0499999999994,1066.03,1069.0,5192.0
620,context_length_tokens,session_turn_index,620,tokens,28,446342.85714285716,254360.34323751836,162401.0,187010.9,217813.0,379200.0,734239.75,857965.0,880960.2,885077.8,885445.0,12497600.0
621,isl_tokens,session_turn_index,621,tokens,28,165.82142857142858,118.14157776989092,17.0,29.0,35.0,188.5,251.0,328.3,357.44999999999993,377.03000000000003,380.0,4643.0
621,osl_tokens,session_turn_index,621,tokens,28,375.57142857142856,490.31064705168797,8.0,32.0,74.0,152.5,448.25,817.6000000000003,1581.5499999999988,1902.69,1917.0,10516.0
621,context_length_tokens,session_turn_index,621,tokens,28,446694.10714285716,254449.30518086354,162696.0,187256.6,217890.25,379615.0,734459.25,858282.0,881814.7999999999,885632.93,885806.0,12507435.0
622,isl_tokens,session_turn_index,622,tokens,28,221.42857142857142,280.53411157130614,16.0,37.0,51.5,102.0,221.75,670.4000000000001,869.1999999999998,1050.64,1096.0,6200.0
622,osl_tokens,session_turn_index,622,tokens,28,224.75,269.4863666045358,1.0,41.9,54.75,118.5,271.5,527.9000000000001,676.2499999999999,1103.1200000000003,1250.0,6293.0
622,context_length_tokens,session_turn_index,622,tokens,28,447291.10714285716,254879.39782422298,163130.0,187577.6,217976.25,380386.5,734777.5,859919.6,883687.35,887577.32,887789.0,12524151.0
623,isl_tokens,session_turn_index,623,tokens,28,237.78571428571428,370.741665655563,29.0,29.0,61.75,134.0,225.5,308.90000000000003,1114.5999999999983,1538.19,1539.0,6658.0
623,osl_tokens,session_turn_index,623,tokens,28,310.64285714285717,379.7018768799049,8.0,25.100000000000005,32.0,146.5,452.75,731.1000000000003,1161.5499999999997,1384.94,1433.0,8698.0
623,context_length_tokens,session_turn_index,623,tokens,28,447753.64285714284,255168.88042406825,163213.0,187964.7,218246.0,380913.0,735129.25,861344.7000000001,884063.9,888892.25,889520.0,12537102.0
624,isl_tokens,session_turn_index,624,tokens,28,228.53571428571428,204.86258149285916,23.0,57.0,61.0,198.5,324.25,470.7,586.6999999999998,852.2400000000001,930.0,6399.0
624,osl_tokens,session_turn_index,624,tokens,28,344.57142857142856,557.7965213083294,2.0,37.300000000000004,74.25,131.5,367.5,670.8000000000001,1588.4499999999982,2320.76,2432.0,9648.0
624,context_length_tokens,session_turn_index,624,tokens,28,448292.8214285714,255379.8450468374,163303.0,188053.7,218702.0,381444.0,735346.25,862163.5,884575.6,890303.47,891259.0,12552199.0
625,isl_tokens,session_turn_index,625,tokens,28,220.14285714285714,268.15383568361784,15.0,28.7,29.0,101.0,323.0,458.2000000000002,739.2499999999999,1081.8700000000001,1195.0,6164.0
625,osl_tokens,session_turn_index,625,tokens,28,326.39285714285717,350.38818669805494,6.0,32.0,35.75,134.5,618.0,721.9000000000001,1073.1999999999994,1217.46,1218.0,9139.0
625,context_length_tokens,session_turn_index,625,tokens,28,448857.53571428574,255740.27812530016,163378.0,188134.6,219548.75,381971.0,735743.0,864522.4,886036.9,890968.28,891761.0,12568011.0
626,isl_tokens,session_turn_index,626,tokens,28,205.78571428571428,300.30441188220726,29.0,51.0,58.0,81.0,210.25,481.5,652.5499999999996,1301.1000000000004,1509.0,5762.0
626,osl_tokens,session_turn_index,626,tokens,28,343.67857142857144,569.9602150007257,8.0,32.0,69.0,108.5,443.75,839.2000000000002,987.8,2386.4300000000007,2897.0,9623.0
626,context_length_tokens,session_turn_index,626,tokens,28,449389.71428571426,256098.10150281657,163468.0,188224.9,220198.75,382501.5,736514.25,865646.1,886961.05,892527.1,893491.0,12582912.0
627,isl_tokens,session_turn_index,627,tokens,27,193.22222222222223,196.75409230688487,21.0,29.0,44.0,154.0,251.0,413.2000000000002,500.9,809.4799999999993,914.0,5217.0
627,osl_tokens,session_turn_index,627,tokens,27,396.8888888888889,895.3211024784404,6.0,13.4,32.0,121.0,401.5,645.2000000000002,1133.2999999999995,3823.239999999995,4701.0,10716.0
627,context_length_tokens,session_turn_index,627,tokens,27,457518.037037037,258042.06722540723,163591.0,187377.2,215434.0,383833.0,740670.0,868339.2000000001,889651.3,894592.84,895195.0,12352987.0
628,isl_tokens,session_turn_index,628,tokens,27,191.8148148148148,181.91472097234788,26.0,29.0,55.5,111.0,286.0,371.00000000000006,574.5999999999998,689.0799999999999,700.0,5179.0
628,osl_tokens,session_turn_index,628,tokens,27,240.0,316.112028899273,2.0,32.0,46.5,116.0,216.0,646.6000000000001,887.9999999999998,1194.7799999999995,1272.0,6480.0
628,context_length_tokens,session_turn_index,628,tokens,27,458106.74074074073,258487.47981437057,163681.0,187466.2,215560.5,384335.0,741084.0,870382.8,891482.4,895110.9,895692.0,12368882.0
629,isl_tokens,session_turn_index,629,tokens,27,209.11111111111111,243.13101685721773,20.0,28.6,43.0,123.0,272.5,430.8000000000001,484.79999999999995,1015.1799999999989,1199.0,5646.0
629,osl_tokens,session_turn_index,629,tokens,27,262.6666666666667,283.6125421663754,8.0,24.8,34.0,132.0,458.5,691.2000000000004,820.6,921.4999999999998,954.0,7092.0
629,context_length_tokens,session_turn_index,629,tokens,27,458555.85185185185,258691.496868618,163756.0,187546.4,216216.0,385021.0,741879.5,870750.6000000001,892346.8,895738.5,896174.0,12381008.0
630,isl_tokens,session_turn_index,630,tokens,27,132.7037037037037,148.66188702202473,6.0,20.4,42.5,73.0,172.5,286.20000000000016,367.7,624.1999999999995,710.0,3583.0
630,osl_tokens,session_turn_index,630,tokens,27,336.2962962962963,394.0416235594835,8.0,32.0,89.5,128.0,529.5,756.4000000000004,1142.1999999999998,1518.3999999999994,1612.0,9080.0
630,context_length_tokens,session_turn_index,630,tokens,27,458951.22222222225,258807.7214493464,163846.0,187635.0,216550.5,385393.0,742368.5,870962.0,893046.8,896466.88,896847.0,12391683.0
631,isl_tokens,session_turn_index,631,tokens,27,133.88888888888889,116.21096185094153,23.0,29.0,37.0,76.0,203.5,341.0,355.2,363.7,365.0,3615.0
631,osl_tokens,session_turn_index,631,tokens,27,459.962962962963,922.4350014833519,5.0,32.0,48.5,123.0,618.0,800.6000000000003,1037.3999999999999,3899.7599999999943,4881.0,12419.0
631,context_length_tokens,session_turn_index,631,tokens,27,459421.4074074074,259121.5346007951,163966.0,187767.6,216796.0,386080.0,742753.5,872188.0,893677.2,897423.24,897924.0,12404378.0
632,isl_tokens,session_turn_index,632,tokens,26,164.80769230769232,214.06900742711076,20.0,29.0,31.0,60.5,242.5,407.5,499.0,870.0,988.0,4285.0
632,osl_tokens,session_turn_index,632,tokens,26,266.03846153846155,393.0587625640756,9.0,32.0,44.25,115.5,327.5,621.0,1052.25,1592.75,1725.0,6917.0
632,context_length_tokens,session_turn_index,632,tokens,26,459809.73076923075,264640.3648047024,164056.0,186912.5,212439.5,385663.5,747481.75,878201.5,896036.75,898029.0,898377.0,11955053.0
633,isl_tokens,session_turn_index,633,tokens,26,134.0,109.43420924850764,26.0,29.0,38.5,66.0,209.25,251.0,296.0,415.25,450.0,3484.0
633,osl_tokens,session_turn_index,633,tokens,26,447.03846153846155,567.4674833631935,8.0,32.0,54.25,159.0,617.0,1473.5,1770.75,1842.75,1860.0,11623.0
633,context_length_tokens,session_turn_index,633,tokens,26,460209.76923076925,264832.4271575849,164131.0,187082.5,212520.5,386350.5,747777.0,878777.5,896540.25,898478.75,898803.0,11965454.0
634,isl_tokens,session_turn_index,634,tokens,26,209.1153846153846,245.22804566096886,20.0,33.0,57.25,92.0,251.0,516.0,773.75,932.75,973.0,5437.0
634,osl_tokens,session_turn_index,634,tokens,26,272.7307692307692,299.47229969401786,2.0,38.0,75.25,130.5,438.25,635.5,680.0,1147.5,1300.0,7091.0
634,context_length_tokens,session_turn_index,634,tokens,26,460865.92307692306,265342.1706473365,164221.0,187358.5,212628.0,386721.0,748378.75,879961.0,898077.0,900169.5,900417.0,11982514.0
635,isl_tokens,session_turn_index,635,tokens,25,337.0,686.2516156629433,24.0,29.0,59.0,132.0,273.0,558.2000000000004,1091.3999999999985,2923.2399999999952,3469.0,8425.0
635,osl_tokens,session_turn_index,635,tokens,25,335.56,523.2954866994364,8.0,32.0,45.0,123.0,384.0,815.0000000000005,1205.3999999999992,2139.6799999999976,2414.0,8389.0
635,context_length_tokens,session_turn_index,635,tokens,25,443922.16,255922.87071907896,164341.0,186623.0,208255.0,386620.0,737154.0,850994.6000000001,891981.3999999999,900220.8,900876.0,11098054.0
636,isl_tokens,session_turn_index,636,tokens,25,159.44,125.76043256923062,24.0,26.200000000000003,57.0,124.0,251.0,342.40000000000003,357.99999999999994,420.27999999999986,439.0,3986.0
636,osl_tokens,session_turn_index,636,tokens,25,308.88,510.98260792320514,6.0,41.2,52.0,137.0,341.0,621.0,676.1999999999998,2145.399999999996,2605.0,7722.0
636,context_length_tokens,session_turn_index,636,tokens,25,444417.16,256222.6416883067,164431.0,186768.0,208401.0,386990.0,737523.0,851487.4,894132.9999999999,901199.4,901323.0,11110429.0
637,isl_tokens,session_turn_index,637,tokens,25,265.76,404.69230583246826,23.0,29.0,57.0,173.0,251.0,613.2,665.5999999999999,1709.1199999999974,2036.0,6644.0
637,osl_tokens,session_turn_index,637,tokens,25,345.64,395.5158535381357,1.0,32.0,53.0,163.0,426.0,849.4000000000003,1092.5999999999995,1503.719999999999,1623.0,8641.0
637,context_length_tokens,session_turn_index,637,tokens,25,444991.8,256695.16407692607,164506.0,186896.4,208482.0,387806.0,737824.0,852315.0,896089.3999999999,904223.76,904602.0,11124795.0
638,isl_tokens,session_turn_index,638,tokens,24,177.58333333333334,306.05091034372407,9.0,26.900000000000002,37.0,64.0,207.75,298.59999999999997,383.59999999999985,1292.0499999999995,1560.0,4262.0
638,osl_tokens,session_turn_index,638,tokens,24,365.25,441.13426244171967,8.0,35.6,80.5,179.0,472.25,994.7999999999996,1423.5999999999995,1569.56,1599.0,8766.0
638,context_length_tokens,session_turn_index,638,tokens,24,445989.25,262274.62490445166,164596.0,186115.3,207300.25,373345.5,742131.5,856641.7,898881.85,905950.65,906467.0,10703742.0
639,isl_tokens,session_turn_index,639,tokens,24,307.7916666666667,659.2992478866398,11.0,29.0,57.75,125.5,217.0,321.69999999999993,1075.349999999998,2792.279999999999,3267.0,7387.0
639,osl_tokens,session_turn_index,639,tokens,24,227.66666666666666,234.94301909659336,32.0,38.300000000000004,66.25,136.0,259.5,579.5999999999999,622.25,901.7399999999998,985.0,5464.0
639,context_length_tokens,session_turn_index,639,tokens,24,446662.2916666667,262510.8395077048,164897.0,186226.0,207421.75,373819.5,743326.75,857666.2,899733.6,907428.89,908155.0,10719895.0
640,isl_tokens,session_turn_index,640,tokens,23,209.0,286.90568060813536,28.0,37.0,55.5,96.0,234.0,351.40000000000003,613.7999999999996,1216.0800000000008,1378.0,4807.0
640,osl_tokens,session_turn_index,640,tokens,23,483.04347826086956,701.0348548216831,8.0,55.4,99.5,215.0,621.0,1058.8000000000002,1234.2999999999997,2901.7200000000025,3369.0,11110.0
640,context_length_tokens,session_turn_index,640,tokens,23,427178.17391304346,249911.65432828496,165308.0,185517.4,206403.5,359401.0,654085.5,817393.4,865993.7999999999,900175.8,908670.0,9825098.0
641,isl_tokens,session_turn_index,641,tokens,23,129.7391304347826,113.83520407237991,15.0,29.0,35.0,66.0,208.5,276.6,320.29999999999995,403.7800000000001,426.0,2984.0
641,osl_tokens,session_turn_index,641,tokens,23,210.47826086956522,225.00992626707506,8.0,32.0,48.5,119.0,358.0,617.0,622.5,633.9200000000001,637.0,4841.0
641,context_length_tokens,session_turn_index,641,tokens,23,427790.95652173914,250204.67678777783,165391.0,186229.4,206631.5,359864.0,656026.5,818004.4,867166.0,900837.64,909162.0,9839192.0
642,isl_tokens,session_turn_index,642,tokens,23,232.69565217391303,247.57966390860219,29.0,30.0,52.0,191.0,261.0,462.0,871.0999999999993,919.12,920.0,5352.0
642,osl_tokens,session_turn_index,642,tokens,23,331.2173913043478,520.9472105878691,8.0,32.0,67.0,160.0,327.0,578.4000000000001,1277.999999999999,2163.760000000001,2393.0,7618.0
642,context_length_tokens,session_turn_index,642,tokens,23,428234.1304347826,250406.91519679382,165481.0,186344.8,206804.0,360125.0,656337.0,818964.6000000001,867423.6,901887.74,910453.0,9849385.0
643,isl_tokens,session_turn_index,643,tokens,23,148.2608695652174,151.62087082195868,20.0,25.0,34.5,58.0,234.0,343.6,378.0,573.4400000000003,628.0,3410.0
643,osl_tokens,session_turn_index,643,tokens,23,375.7391304347826,470.3907919639385,6.0,12.800000000000004,48.5,120.0,618.5,1162.2000000000003,1415.9999999999998,1548.1000000000001,1580.0,8642.0
643,context_length_tokens,session_turn_index,643,tokens,23,428713.60869565216,250742.3037871732,165556.0,186497.2,207006.0,360750.0,656508.5,819676.4,869792.2999999999,902822.92,910922.0,9860413.0
644,isl_tokens,session_turn_index,644,tokens,22,141.63636363636363,130.42606594421972,23.0,29.0,42.25,70.5,226.25,339.5000000000001,406.79999999999995,442.39,451.0,3116.0
644,osl_tokens,session_turn_index,644,tokens,22,433.04545454545456,660.1418220402428,2.0,23.900000000000002,46.0,94.5,371.0,1513.3,1757.1999999999998,2178.4299999999994,2287.0,9527.0
644,context_length_tokens,session_turn_index,644,tokens,22,437650.04545454547,253601.94431081403,165647.0,185615.8,206103.75,376299.5,699168.25,826986.7000000001,873482.9,903991.0499999999,911529.0,9628301.0
645,isl_tokens,session_turn_index,645,tokens,22,170.72727272727272,142.27955255193967,29.0,29.0,58.25,153.0,244.75,361.8000000000002,379.45,537.2099999999998,579.0,3756.0
645,osl_tokens,session_turn_index,645,tokens,22,218.36363636363637,221.95424292050203,2.0,32.0,46.0,135.0,288.75,620.7,622.9,696.4699999999999,716.0,4804.0
645,context_length_tokens,session_turn_index,645,tokens,22,438253.8181818182,254088.74977682257,165761.0,185724.1,206364.0,376679.5,700013.75,828882.2000000001,874085.5,905533.35,913338.0,9641584.0
646,isl_tokens,session_turn_index,646,tokens,22,278.8636363636364,420.4297904260424,22.0,29.8,56.25,67.5,240.5,794.7,950.9999999999999,1601.2699999999993,1772.0,6135.0
646,osl_tokens,session_turn_index,646,tokens,22,420.54545454545456,514.4874525612604,1.0,27.5,61.75,139.5,683.25,1142.700000000001,1678.2499999999995,1737.18,1746.0,9252.0
646,context_length_tokens,session_turn_index,646,tokens,22,438751.04545454547,254378.6361102601,166001.0,185862.3,206582.0,377400.0,701030.5,830864.0000000001,874453.6,905732.14,913516.0,9652523.0
647,isl_tokens,session_turn_index,647,tokens,22,262.1818181818182,583.0005174146805,29.0,29.4,57.25,121.5,242.5,254.60000000000002,355.69999999999993,2365.2299999999977,2898.0,5768.0
647,osl_tokens,session_turn_index,647,tokens,22,409.54545454545456,482.1544195561425,8.0,32.0,52.5,241.5,622.5,758.7,1028.8999999999999,1898.569999999999,2126.0,9010.0
647,context_length_tokens,session_turn_index,647,tokens,22,439433.7727272727,255060.38856191965,166392.0,185973.6,206762.75,377897.5,701514.75,832759.8000000002,876376.5,908998.51,917140.0,9667543.0
648,isl_tokens,session_turn_index,648,tokens,22,125.72727272727273,168.440219181811,17.0,29.0,31.0,58.5,94.5,296.9000000000001,570.8499999999998,619.76,629.0,2766.0
648,osl_tokens,session_turn_index,648,tokens,22,339.8636363636364,449.30434061543156,9.0,32.0,46.25,129.0,528.25,821.7000000000004,972.9499999999999,1738.3999999999992,1940.0,7477.0
648,context_length_tokens,session_turn_index,648,tokens,22,439969.04545454547,255458.02453462742,166475.0,186050.8,207082.25,378472.5,702227.5,833501.4000000001,877047.15,911279.4299999999,919851.0,9679319.0
649,isl_tokens,session_turn_index,649,tokens,22,246.72727272727272,325.92416600103627,23.0,38.6,58.0,174.0,246.5,515.9000000000003,556.65,1367.749999999999,1583.0,5428.0
649,osl_tokens,session_turn_index,649,tokens,22,339.22727272727275,350.77977186135956,4.0,32.6,47.5,154.5,593.0,689.6000000000001,1098.8499999999997,1209.27,1233.0,7463.0
649,context_length_tokens,session_turn_index,649,tokens,22,440555.63636363635,255900.25246045052,166565.0,186157.2,207166.25,378788.0,703160.25,834092.7000000001,878120.1,912913.89,921627.0,9692224.0
650,isl_tokens,session_turn_index,650,tokens,22,315.04545454545456,457.48179072283875,20.0,29.0,31.75,138.5,242.5,858.6000000000001,1044.4999999999998,1738.9299999999994,1921.0,6931.0
650,osl_tokens,session_turn_index,650,tokens,22,379.72727272727275,503.58760019919094,6.0,32.0,46.0,127.0,572.25,1371.600000000001,1505.6499999999999,1571.62,1588.0,8354.0
650,context_length_tokens,session_turn_index,650,tokens,22,441209.9090909091,256214.5847594283,166640.0,186316.9,207254.0,379444.0,704425.0,835095.1000000001,878396.95,913969.75,922900.0,9706618.0
651,isl_tokens,session_turn_index,651,tokens,22,197.54545454545453,304.18456228724745,20.0,29.8,57.25,89.5,251.0,319.7,373.19999999999993,1263.1699999999992,1499.0,4346.0
651,osl_tokens,session_turn_index,651,tokens,22,359.8181818181818,405.5256562182468,32.0,80.4,92.25,150.5,576.25,914.6000000000007,1165.4999999999998,1501.6899999999996,1588.0,7916.0
651,context_length_tokens,session_turn_index,651,tokens,22,441787.1818181818,256547.1618079105,166730.0,186421.1,208458.0,379860.5,705652.5,836655.5000000001,878718.75,914767.48,923842.0,9719318.0
652,isl_tokens,session_turn_index,652,tokens,22,405.77272727272725,791.1788633435887,24.0,29.0,37.0,97.0,316.25,1116.5000000000018,1466.6999999999998,3170.019999999998,3619.0,8927.0
652,osl_tokens,session_turn_index,652,tokens,22,750.9545454545455,1006.6074651238064,8.0,32.8,93.75,155.0,1102.5,2268.700000000001,2388.85,3625.1899999999987,3953.0,16521.0
652,context_length_tokens,session_turn_index,652,tokens,22,442552.7727272727,257231.47720309175,166843.0,186684.2,208848.0,380445.5,707791.0,837703.2000000001,880667.7,918116.38,927550.0,9736161.0
653,isl_tokens,session_turn_index,653,tokens,22,237.04545454545453,281.7778746835121,20.0,29.8,59.0,123.5,251.0,746.600000000001,860.65,1014.0999999999999,1054.0,5215.0
653,osl_tokens,session_turn_index,653,tokens,22,318.09090909090907,267.15179700804583,8.0,32.3,66.5,282.5,454.5,622.8,812.0499999999998,911.2699999999999,935.0,6998.0
653,context_length_tokens,session_turn_index,653,tokens,22,443540.7727272727,257982.89981260593,167084.0,187372.7,209742.0,380943.0,710854.5,839659.1000000001,882415.0,920512.19,930122.0,9757897.0
654,isl_tokens,session_turn_index,654,tokens,22,428.27272727272725,782.326552477125,20.0,29.8,57.25,85.5,251.75,1320.6000000000017,2467.5999999999995,2819.4599999999996,2898.0,9422.0
654,osl_tokens,session_turn_index,654,tokens,22,429.6363636363636,663.2369345904665,32.0,44.8,62.5,149.0,546.75,1012.9000000000007,1238.6999999999998,2662.3099999999986,3038.0,9452.0
654,context_length_tokens,session_turn_index,654,tokens,22,444287.13636363635,258703.1594988032,167490.0,187456.6,210075.5,381518.0,711384.75,841260.0000000001,885680.4,923863.72,933475.0,9774317.0
655,isl_tokens,session_turn_index,655,tokens,22,169.77272727272728,240.9745237040218,15.0,29.0,48.0,83.5,217.0,251.0,296.59999999999997,1006.8399999999992,1195.0,3735.0
655,osl_tokens,session_turn_index,655,tokens,22,392.3181818181818,447.56283320827873,8.0,33.5,72.0,174.5,620.25,1054.000000000001,1215.9499999999998,1639.1199999999994,1750.0,8631.0
655,context_length_tokens,session_turn_index,655,tokens,22,444886.54545454547,259241.4431863448,167573.0,187546.5,210260.5,381833.5,712101.25,842406.5000000001,888742.5499999999,925686.2999999999,934941.0,9787504.0
656,isl_tokens,session_turn_index,656,tokens,22,282.8181818181818,264.2066402654002,29.0,58.0,66.0,178.5,411.5,756.7000000000004,827.3,883.7199999999999,898.0,6222.0
656,osl_tokens,session_turn_index,656,tokens,22,278.95454545454544,343.1247423940384,5.0,32.3,45.25,135.0,413.5,610.4000000000001,620.75,1348.5899999999992,1542.0,6137.0
656,context_length_tokens,session_turn_index,656,tokens,22,445561.6818181818,259531.9000072992,167663.0,187785.2,210493.0,382473.0,712812.5,843912.8000000002,889363.0499999999,926168.45,935399.0,9802357.0
657,isl_tokens,session_turn_index,657,tokens,22,732.0909090909091,2598.8168096111267,29.0,37.4,57.25,139.0,251.0,421.4000000000001,471.59999999999997,10073.28999999999,12625.0,16106.0
657,osl_tokens,session_turn_index,657,tokens,22,281.72727272727275,300.50082163224266,8.0,34.0,66.5,160.0,320.0,622.5,991.5999999999997,1101.85,1126.0,6198.0
657,context_length_tokens,session_turn_index,657,tokens,22,446572.7272727273,259085.1095677708,167738.0,194784.6,210622.0,383018.0,713328.5,844503.5000000001,889640.6,926525.62,935782.0,9824600.0
658,isl_tokens,session_turn_index,658,tokens,22,419.3636363636364,693.0619508879383,29.0,31.800000000000004,63.0,203.0,279.5,1017.8000000000002,1054.55,2779.779999999998,3238.0,9226.0
658,osl_tokens,session_turn_index,658,tokens,22,424.59090909090907,530.7939729645931,6.0,32.0,61.25,201.5,584.0,1215.0000000000011,1568.1,1911.8499999999997,1999.0,9341.0
658,context_length_tokens,session_turn_index,658,tokens,22,447273.8181818182,259548.273298338,167828.0,195892.9,210910.0,383492.5,713962.0,847821.1000000001,890155.75,927593.2,937039.0,9840024.0
659,isl_tokens,session_turn_index,659,tokens,22,490.8636363636364,1412.7040896951216,20.0,29.900000000000002,56.25,82.0,251.0,358.1,1347.9999999999993,5692.069999999995,6833.0,10799.0
659,osl_tokens,session_turn_index,659,tokens,22,386.72727272727275,485.4557541694179,32.0,36.2,62.5,165.0,565.5,763.2,1453.8499999999995,1851.0299999999997,1947.0,8508.0
659,context_length_tokens,session_turn_index,659,tokens,22,448189.2727272727,259569.33025269897,167943.0,197653.9,211860.5,384147.5,714477.5,849868.4000000001,891058.75,927956.62,937276.0,9860164.0
660,isl_tokens,session_turn_index,660,tokens,22,261.22727272727275,525.5875441150841,29.0,29.0,37.0,64.0,242.5,379.0,757.1499999999996,2164.2399999999984,2533.0,5747.0
660,osl_tokens,session_turn_index,660,tokens,22,432.1363636363636,634.1538596969942,8.0,32.0,46.0,137.0,456.75,993.6000000000008,1842.4999999999995,2438.7899999999995,2586.0,9507.0
660,context_length_tokens,session_turn_index,660,tokens,22,448837.2272727273,260025.26625991415,168183.0,197807.3,212036.25,384709.5,716628.0,850673.0000000001,893068.65,928690.94,937655.0,9874419.0
661,isl_tokens,session_turn_index,661,tokens,22,209.27272727272728,325.41458617056793,29.0,29.0,42.0,66.0,202.5,370.7000000000003,1154.4499999999994,1197.37,1198.0,4604.0
661,osl_tokens,session_turn_index,661,tokens,22,369.3181818181818,561.9519864934788,8.0,32.0,54.0,119.5,555.0,867.9000000000003,1189.7499999999998,2206.929999999999,2473.0,8125.0
661,context_length_tokens,session_turn_index,661,tokens,22,449478.63636363635,260584.61295352897,168573.0,197895.6,212111.25,385284.5,718078.5,851355.2000000002,895075.2,929800.0299999999,938506.0,9888530.0
662,isl_tokens,session_turn_index,662,tokens,22,296.45454545454544,459.33843012361785,29.0,29.3,54.0,119.5,242.5,907.8000000000013,1443.1499999999996,1681.2999999999997,1738.0,6522.0
662,osl_tokens,session_turn_index,662,tokens,22,331.8181818181818,427.39928493193645,1.0,30.2,37.25,142.0,444.0,979.2000000000008,1159.6,1537.5099999999995,1636.0,7300.0
662,context_length_tokens,session_turn_index,662,tokens,22,450144.4090909091,261205.59919337297,168656.0,197994.5,212238.0,385607.0,718866.75,853215.4000000001,896663.5499999999,930960.23,939557.0,9903177.0
663,isl_tokens,session_turn_index,663,tokens,22,184.04545454545453,147.6043474577553,20.0,57.1,67.75,135.5,289.25,364.2000000000001,379.45,572.7599999999998,624.0,4049.0
663,osl_tokens,session_turn_index,663,tokens,22,641.9545454545455,1073.4488799816618,9.0,33.4,70.25,321.0,659.0,1417.2000000000016,1938.5999999999997,4393.619999999997,5040.0,14123.0
663,context_length_tokens,session_turn_index,663,tokens,22,450660.2727272727,261473.88757652297,168746.0,198090.1,212622.75,386263.0,719319.75,854446.0000000001,898002.7,931520.5,939910.0,9914526.0
664,isl_tokens,session_turn_index,664,tokens,22,313.72727272727275,797.0095346651177,29.0,29.0,56.25,81.0,204.0,251.0,865.6499999999995,3246.6699999999973,3871.0,6902.0
664,osl_tokens,session_turn_index,664,tokens,22,348.72727272727275,471.2237628884432,8.0,32.0,44.0,113.5,567.25,1193.1000000000013,1276.6,1598.7399999999998,1684.0,7672.0
664,context_length_tokens,session_turn_index,664,tokens,22,451615.95454545453,261857.18134969496,168821.0,198242.3,214868.25,386679.5,720437.75,856052.4000000001,898389.2999999999,932202.11,940688.0,9935551.0
665,isl_tokens,session_turn_index,665,tokens,22,625.6363636363636,1735.7988872157696,29.0,29.0,57.25,68.0,251.0,645.7000000000007,2691.0999999999985,7014.809999999996,8136.0,13764.0
665,osl_tokens,session_turn_index,665,tokens,22,206.95454545454547,221.35707009115123,6.0,10.400000000000002,32.0,102.0,397.25,581.9000000000001,616.35,621.95,623.0,4553.0
665,context_length_tokens,session_turn_index,665,tokens,22,452590.3181818182,262109.68068442203,168911.0,198331.3,217007.5,387218.0,720902.5,856879.6000000001,902683.7999999999,933319.2899999999,940911.0,9956987.0
666,isl_tokens,session_turn_index,666,tokens,22,405.8636363636364,871.4302400210474,29.0,31.200000000000003,57.0,127.0,251.0,851.5000000000003,927.8,3525.3599999999974,4215.0,8929.0
666,osl_tokens,session_turn_index,666,tokens,22,229.0,271.9266278044335,8.0,32.0,61.75,131.0,328.5,599.7000000000005,621.0,1057.0799999999995,1173.0,5038.0
666,context_length_tokens,session_turn_index,666,tokens,22,453203.13636363635,262241.0355464633,169017.0,198453.6,218162.75,387715.5,721184.5,857605.2000000002,903836.2,934538.9,942143.0,9970469.0
667,isl_tokens,session_turn_index,667,tokens,22,376.3181818181818,790.5704146870868,15.0,23.900000000000002,42.0,193.5,242.5,627.7000000000006,1168.0499999999997,3252.949999999998,3800.0,8279.0
667,osl_tokens,session_turn_index,667,tokens,22,271.95454545454544,290.1751003152669,1.0,47.6,75.0,130.0,402.75,622.5,647.6999999999999,1091.3999999999996,1209.0,5983.0
667,context_length_tokens,session_turn_index,667,tokens,22,453808.45454545453,262305.89398478455,169257.0,198545.8,219324.0,388436.0,721668.5,858806.6000000001,904449.45,934799.58,942318.0,9983786.0
668,isl_tokens,session_turn_index,668,tokens,22,644.1363636363636,2004.45479541433,29.0,29.0,41.25,116.5,242.0,334.30000000000007,1901.699999999999,8037.769999999993,9647.0,14171.0
668,osl_tokens,session_turn_index,668,tokens,22,421.77272727272725,861.0177873686985,8.0,32.0,34.75,113.5,294.0,1054.800000000001,1201.8,3461.6599999999976,4061.0,9279.0
668,context_length_tokens,session_turn_index,668,tokens,22,454724.54545454547,262199.15993775823,169619.0,198628.7,220099.25,388852.5,722042.5,859301.8000000002,906439.7999999999,935547.96,942714.0,10003940.0
669,isl_tokens,session_turn_index,669,tokens,21,174.95238095238096,156.02700504673822,20.0,33.0,58.0,75.0,251.0,428.0,428.0,540.8000000000001,569.0,3674.0
669,osl_tokens,session_turn_index,669,tokens,21,273.3809523809524,288.0425689754036,3.0,32.0,54.0,127.0,408.0,623.0,871.0,999.8000000000002,1032.0,5741.0
669,context_length_tokens,session_turn_index,669,tokens,21,465434.85714285716,264657.9961283881,169719.0,197991.0,215570.0,404996.0,764967.0,867362.0,910121.0,936380.2000000001,942945.0,9774132.0
670,isl_tokens,session_turn_index,670,tokens,21,192.0,216.0509199239846,6.0,23.0,29.0,77.0,251.0,380.0,700.0,768.8000000000001,786.0,4032.0
670,osl_tokens,session_turn_index,670,tokens,21,306.42857142857144,367.66503536683024,6.0,32.0,32.0,139.0,426.0,778.0,1167.0,1248.6000000000001,1269.0,6435.0
670,context_length_tokens,session_turn_index,670,tokens,21,465900.2380952381,264797.04604018905,169802.0,198256.0,215651.0,405366.0,765141.0,868149.0,910397.0,936803.4,943405.0,9783905.0
671,isl_tokens,session_turn_index,671,tokens,21,181.85714285714286,230.01020385528773,24.0,37.0,57.0,66.0,210.0,380.0,723.0,889.4000000000001,931.0,3819.0
671,osl_tokens,session_turn_index,671,tokens,21,264.9047619047619,394.34730942852235,1.0,13.0,44.0,120.0,328.0,623.0,662.0,1554.000000000001,1777.0,5563.0
671,context_length_tokens,session_turn_index,671,tokens,21,466388.5238095238,265110.7705528136,169893.0,198483.0,215740.0,406053.0,766123.0,868716.0,911634.0,937319.6,943741.0,9794159.0
672,isl_tokens,session_turn_index,672,tokens,21,141.9047619047619,111.11165759502798,20.0,29.0,62.0,94.0,216.0,251.0,371.0,421.40000000000003,434.0,2980.0
672,osl_tokens,session_turn_index,672,tokens,21,289.0952380952381,521.0624589891316,6.0,32.0,81.0,139.0,278.0,408.0,621.0,2149.0000000000014,2531.0,6071.0
672,context_length_tokens,session_turn_index,672,tokens,21,466795.3333333333,265305.381513515,169968.0,198689.0,215821.0,406423.0,766352.0,870576.0,912259.0,937585.4,943917.0,9802702.0
673,isl_tokens,session_turn_index,673,tokens,21,308.7142857142857,515.7554923519054,29.0,29.0,57.0,98.0,251.0,776.0,1324.0,2016.0000000000005,2189.0,6483.0
673,osl_tokens,session_turn_index,673,tokens,21,503.0,1010.5933193638563,32.0,32.0,90.0,120.0,536.0,623.0,1193.0,4106.600000000002,4835.0,10563.0
673,context_length_tokens,session_turn_index,673,tokens,21,467393.14285714284,265715.9890201935,170058.0,198997.0,215911.0,406835.0,766841.0,873215.0,912504.0,937956.0,944319.0,9815256.0
674,isl_tokens,session_turn_index,674,tokens,21,207.71428571428572,368.2928626148777,26.0,29.0,37.0,62.0,155.0,346.0,847.0,1487.0000000000005,1647.0,4362.0
674,osl_tokens,session_turn_index,674,tokens,21,145.33333333333334,140.349676686595,8.0,32.0,54.0,100.0,156.0,278.0,418.0,580.4000000000001,621.0,3052.0
674,context_length_tokens,session_turn_index,674,tokens,21,468103.85714285716,266280.09676140896,170169.0,199088.0,216047.0,407520.0,767171.0,874963.0,913206.0,938366.8,944657.0,9830181.0
675,isl_tokens,session_turn_index,675,tokens,21,330.6190476190476,416.0824639179658,20.0,24.0,57.0,207.0,372.0,809.0,1287.0,1515.8000000000002,1573.0,6943.0
675,osl_tokens,session_turn_index,675,tokens,21,460.23809523809524,451.5405276080569,32.0,53.0,129.0,344.0,621.0,1088.0,1335.0,1668.6000000000004,1752.0,9665.0
675,context_length_tokens,session_turn_index,675,tokens,21,468579.8095238095,266616.8702404648,170408.0,199353.0,216136.0,408019.0,767320.0,876668.0,914122.0,939322.0,945622.0,9840176.0
676,isl_tokens,session_turn_index,676,tokens,21,501.0952380952381,1167.3833134208808,29.0,29.0,58.0,70.0,240.0,601.0,3425.0,4391.400000000001,4633.0,10523.0
676,osl_tokens,session_turn_index,676,tokens,21,594.9047619047619,1317.4936126984198,4.0,32.0,54.0,139.0,428.0,1230.0,1244.0,5253.600000000004,6256.0,12493.0
676,context_length_tokens,session_turn_index,676,tokens,21,469541.14285714284,267376.7577298416,170810.0,199630.0,216217.0,408706.0,771608.0,878660.0,914573.0,939725.8,946014.0,9860364.0
677,isl_tokens,session_turn_index,677,tokens,21,211.95238095238096,262.1563466967349,24.0,29.0,58.0,154.0,251.0,355.0,380.0,1105.6000000000006,1287.0,4451.0
677,osl_tokens,session_turn_index,677,tokens,21,306.57142857142856,287.75246826603814,8.0,32.0,101.0,156.0,618.0,742.0,773.0,927.4000000000001,966.0,6438.0
677,context_length_tokens,session_turn_index,677,tokens,21,470348.0,268053.2399882353,170893.0,200082.0,216307.0,409076.0,773207.0,880050.0,915241.0,940126.6,946348.0,9877308.0
678,isl_tokens,session_turn_index,678,tokens,21,151.0952380952381,125.77830260381037,20.0,37.0,57.0,94.0,241.0,331.0,372.0,432.00000000000006,447.0,3173.0
678,osl_tokens,session_turn_index,678,tokens,21,223.38095238095238,223.531712076508,6.0,32.0,52.0,128.0,296.0,621.0,642.0,688.4000000000001,700.0,4691.0
678,context_length_tokens,session_turn_index,678,tokens,21,470805.6666666667,268230.1290349892,170982.0,200283.0,216437.0,409763.0,773456.0,881064.0,916295.0,940478.2000000001,946524.0,9886919.0
679,isl_tokens,session_turn_index,679,tokens,21,226.28571428571428,340.66114190708953,23.0,29.0,29.0,98.0,251.0,331.0,1195.0,1259.0,1275.0,4752.0
679,osl_tokens,session_turn_index,679,tokens,21,706.5714285714286,1224.9957656458819,2.0,32.0,32.0,245.0,623.0,1493.0,1636.0,4908.000000000003,5726.0,14838.0
679,context_length_tokens,session_turn_index,679,tokens,21,471255.3333333333,268450.90305453184,171057.0,200574.0,216526.0,410133.0,773505.0,881878.0,916619.0,940960.6,947046.0,9896362.0
680,isl_tokens,session_turn_index,680,tokens,21,114.42857142857143,71.17555186771276,29.0,57.0,58.0,75.0,143.0,229.0,251.0,260.6,263.0,2403.0
680,osl_tokens,session_turn_index,680,tokens,21,279.57142857142856,385.18487477457114,8.0,41.0,81.0,135.0,426.0,546.0,621.0,1550.6000000000008,1783.0,5871.0
680,context_length_tokens,session_turn_index,680,tokens,21,472076.3333333333,269181.23719095055,171146.0,200663.0,216607.0,410820.0,775141.0,882947.0,918381.0,941569.0,947366.0,9913603.0
681,isl_tokens,session_turn_index,681,tokens,21,370.23809523809524,681.7016457269617,29.0,37.0,66.0,177.0,251.0,610.0,994.0,2783.6000000000013,3231.0,7775.0
681,osl_tokens,session_turn_index,681,tokens,21,286.3333333333333,237.59977018854795,8.0,44.0,101.0,137.0,481.0,621.0,623.0,739.8000000000001,769.0,6013.0
681,context_length_tokens,session_turn_index,681,tokens,21,472726.14285714284,269612.4967208071,171256.0,200926.0,216696.0,411190.0,777918.0,883516.0,919083.0,941892.6,947595.0,9927249.0
682,isl_tokens,session_turn_index,682,tokens,21,276.7142857142857,339.23262742578885,24.0,37.0,62.0,173.0,251.0,898.0,969.0,1223.4000000000003,1287.0,5811.0
682,osl_tokens,session_turn_index,682,tokens,21,339.85714285714283,359.3395112616222,1.0,32.0,88.0,159.0,408.0,876.0,1154.0,1224.4,1242.0,7137.0
682,context_length_tokens,session_turn_index,682,tokens,21,473289.1904761905,269838.2354058003,171346.0,201355.0,216826.0,412006.0,779312.0,884906.0,919382.0,942334.8,948073.0,9939073.0
683,isl_tokens,session_turn_index,683,tokens,21,267.57142857142856,487.7826966833423,20.0,29.0,58.0,171.0,251.0,312.0,364.0,1993.6000000000015,2401.0,5619.0
683,osl_tokens,session_turn_index,683,tokens,21,376.5238095238095,428.8088284280869,32.0,32.0,52.0,296.0,618.0,681.0,708.0,1722.400000000001,1976.0,7907.0
683,context_length_tokens,session_turn_index,683,tokens,21,473896.61904761905,270135.0999672776,171600.0,202047.0,216916.0,412376.0,779790.0,885889.0,919905.0,942580.2000000001,948249.0,9951829.0
684,isl_tokens,session_turn_index,684,tokens,21,199.47619047619048,230.31399251324765,26.0,29.0,44.0,66.0,208.0,520.0,679.0,829.4000000000001,867.0,4189.0
684,osl_tokens,session_turn_index,684,tokens,21,203.52380952380952,212.228676992221,1.0,23.0,44.0,128.0,312.0,444.0,621.0,769.8000000000002,807.0,4274.0
684,context_length_tokens,session_turn_index,684,tokens,21,474472.61904761905,270491.6624968893,172003.0,202287.0,216997.0,413063.0,780903.0,886792.0,920630.0,943725.2000000001,949499.0,9963925.0
685,isl_tokens,session_turn_index,685,tokens,21,237.76190476190476,251.67361796049315,24.0,29.0,91.0,173.0,331.0,380.0,498.0,1055.6000000000004,1195.0,4993.0
685,osl_tokens,session_turn_index,685,tokens,21,599.2857142857143,994.8641038021292,6.0,32.0,121.0,202.0,621.0,1309.0,1499.0,4028.600000000002,4661.0,12585.0
685,context_length_tokens,session_turn_index,685,tokens,21,474913.90476190473,270645.016776572,172086.0,202628.0,217086.0,413433.0,781099.0,887686.0,921064.0,944088.8,949845.0,9973192.0
686,isl_tokens,session_turn_index,686,tokens,21,161.0952380952381,232.42979580364536,20.0,29.0,58.0,83.0,178.0,302.0,331.0,963.8000000000005,1122.0,3383.0
686,osl_tokens,session_turn_index,686,tokens,21,546.5714285714286,930.6682991233758,2.0,32.0,46.0,139.0,456.0,1522.0,2958.0,3368.4000000000005,3471.0,11478.0
686,context_length_tokens,session_turn_index,686,tokens,21,475674.28571428574,271200.59661248163,172176.0,202718.0,217221.0,414120.0,782818.0,889363.0,921585.0,944333.8,950021.0,9989160.0
687,isl_tokens,session_turn_index,687,tokens,21,281.42857142857144,594.0602479810381,29.0,37.0,58.0,123.0,251.0,331.0,370.0,2392.400000000002,2898.0,5910.0
687,osl_tokens,session_turn_index,687,tokens,21,277.0,442.57471793176455,8.0,14.0,52.0,107.0,408.0,618.0,623.0,1743.800000000001,2024.0,5817.0
687,context_length_tokens,session_turn_index,687,tokens,21,476502.28571428574,272029.67452855,172251.0,202801.0,217311.0,414490.0,785985.0,892950.0,923360.0,947372.0,953375.0,10006548.0
688,isl_tokens,session_turn_index,688,tokens,21,187.66666666666666,234.4373879928048,20.0,29.0,57.0,114.0,217.0,286.0,406.0,982.0000000000005,1126.0,3941.0
688,osl_tokens,session_turn_index,688,tokens,21,285.7142857142857,316.3673486940899,9.0,32.0,76.0,139.0,423.0,621.0,946.0,1150.8000000000002,1202.0,6000.0
688,context_length_tokens,session_turn_index,688,tokens,21,476966.95238095237,272308.0113805786,172341.0,202890.0,217392.0,414903.0,786215.0,895054.0,923680.0,947578.4,953553.0,10016306.0
689,isl_tokens,session_turn_index,689,tokens,21,411.2857142857143,709.5002361056786,29.0,29.0,57.0,66.0,251.0,1272.0,1719.0,2662.2000000000007,2898.0,8637.0
689,osl_tokens,session_turn_index,689,tokens,21,280.1904761904762,537.4447142373604,8.0,32.0,47.0,119.0,228.0,618.0,623.0,2174.2000000000016,2562.0,5884.0
689,context_length_tokens,session_turn_index,689,tokens,21,477663.95238095237,272852.56601068785,172456.0,202973.0,217483.0,415588.0,786550.0,896855.0,923984.0,950196.8,956750.0,10030943.0
690,isl_tokens,session_turn_index,690,tokens,21,216.52380952380952,291.64290282199545,17.0,23.0,33.0,66.0,251.0,380.0,696.0,1168.8000000000004,1287.0,4547.0
690,osl_tokens,session_turn_index,690,tokens,21,297.85714285714283,288.30114640841816,8.0,32.0,53.0,177.0,408.0,621.0,853.0,1005.0000000000001,1043.0,6255.0
690,context_length_tokens,session_turn_index,690,tokens,21,478160.6666666667,273189.52338211297,172695.0,203064.0,217612.0,416087.0,786769.0,898389.0,926608.0,950864.0,956928.0,10041374.0
691,isl_tokens,session_turn_index,691,tokens,21,261.23809523809524,610.1880197948283,19.0,29.0,29.0,69.0,211.0,380.0,403.0,2434.2000000000016,2942.0,5486.0
691,osl_tokens,session_turn_index,691,tokens,21,319.9047619047619,408.66121779501566,8.0,32.0,32.0,145.0,426.0,695.0,857.0,1589.0000000000007,1772.0,6718.0
691,context_length_tokens,session_turn_index,691,tokens,21,478719.7619047619,273573.41585619946,173082.0,203226.0,217693.0,416774.0,786988.0,899503.0,926943.0,953499.0,960138.0,10053115.0
692,isl_tokens,session_turn_index,692,tokens,21,158.0,199.03457464662242,28.0,32.0,46.0,62.0,195.0,251.0,639.0,775.0000000000001,809.0,3318.0
692,osl_tokens,session_turn_index,692,tokens,21,340.14285714285717,534.2206861369173,1.0,8.0,52.0,88.0,486.0,621.0,1598.0,1991.6000000000004,2090.0,7143.0
692,context_length_tokens,session_turn_index,692,tokens,21,479197.6666666667,273841.2359047506,173165.0,203316.0,217782.0,417144.0,787207.0,899852.0,928277.0,954539.4,961105.0,10063151.0
693,isl_tokens,session_turn_index,693,tokens,21,316.4761904761905,617.0479350869034,29.0,29.0,66.0,132.0,217.0,576.0,996.0,2517.6000000000013,2898.0,6646.0
693,osl_tokens,session_turn_index,693,tokens,21,266.3809523809524,312.80748319365716,2.0,32.0,32.0,128.0,408.0,673.0,689.0,1114.6000000000004,1221.0,5594.0
693,context_length_tokens,session_turn_index,693,tokens,21,479854.28571428574,274409.90148128034,173255.0,203399.0,218045.0,417831.0,787426.0,900914.0,929513.0,957277.0,964218.0,10076940.0
694,isl_tokens,session_turn_index,694,tokens,21,236.14285714285714,308.54007777246176,20.0,24.0,57.0,66.0,251.0,761.0,786.0,1116.4000000000003,1199.0,4959.0
694,osl_tokens,session_turn_index,694,tokens,21,310.4761904761905,293.2967973535826,8.0,44.0,88.0,139.0,532.0,651.0,691.0,1033.4000000000003,1119.0,6520.0
694,context_length_tokens,session_turn_index,694,tokens,21,480356.8095238095,274635.7020192072,173330.0,203488.0,219504.0,418201.0,788195.0,901637.0,931159.0,957748.6,964396.0,10087493.0
695,isl_tokens,session_turn_index,695,tokens,21,308.0952380952381,604.101608038306,29.0,29.0,57.0,97.0,286.0,587.0,591.0,2436.6000000000017,2898.0,6470.0
695,osl_tokens,session_turn_index,695,tokens,21,340.14285714285717,506.65460064401026,2.0,32.0,32.0,119.0,380.0,1122.0,1177.0,1857.8000000000006,2028.0,7143.0
695,context_length_tokens,session_turn_index,695,tokens,21,480975.38095238095,275154.7890921237,173421.0,203571.0,220093.0,418888.0,788686.0,903343.0,932204.0,960626.4,967732.0,10100483.0
696,isl_tokens,session_turn_index,696,tokens,21,178.38095238095238,192.8558494959571,20.0,29.0,58.0,128.0,217.0,344.0,574.0,768.4000000000002,817.0,3746.0
696,osl_tokens,session_turn_index,696,tokens,21,294.6190476190476,499.077480022651,3.0,32.0,56.0,139.0,324.0,428.0,621.0,2051.4000000000015,2409.0,6187.0
696,context_length_tokens,session_turn_index,696,tokens,21,481493.90476190473,275549.677257919,173539.0,203661.0,220188.0,419258.0,789268.0,904663.0,934360.0,961200.0,967910.0,10111372.0
697,isl_tokens,session_turn_index,697,tokens,21,379.9047619047619,693.3401491030767,29.0,32.0,59.0,208.0,298.0,380.0,1990.0,2716.4000000000005,2898.0,7978.0
697,osl_tokens,session_turn_index,697,tokens,21,394.42857142857144,408.10906238739796,8.0,32.0,97.0,329.0,621.0,823.0,1069.0,1568.2000000000005,1693.0,8283.0
697,context_length_tokens,session_turn_index,697,tokens,21,482168.4285714286,276139.5168239575,173779.0,203928.0,220269.0,419800.0,789656.0,907171.0,936778.0,964164.4,971011.0,10125537.0
698,isl_tokens,session_turn_index,698,tokens,21,152.9047619047619,154.4507641572318,20.0,28.0,37.0,66.0,317.0,380.0,459.0,477.40000000000003,482.0,3211.0
698,osl_tokens,session_turn_index,698,tokens,21,261.8095238095238,295.79813242715426,5.0,44.0,54.0,119.0,335.0,621.0,921.0,1040.2,1070.0,5498.0
698,context_length_tokens,session_turn_index,698,tokens,21,482715.7619047619,276352.80882370786,174167.0,204295.0,220357.0,420487.0,791184.0,908077.0,937727.0,964496.6,971189.0,10137031.0
699,isl_tokens,session_turn_index,699,tokens,21,208.9047619047619,303.1904799299962,20.0,29.0,29.0,64.0,251.0,380.0,817.0,1193.0000000000005,1287.0,4387.0
699,osl_tokens,session_turn_index,699,tokens,21,525.7619047619048,1052.4944024175052,2.0,32.0,32.0,128.0,623.0,701.0,952.0,4222.400000000003,5040.0,11041.0
699,context_length_tokens,session_turn_index,699,tokens,21,483186.4761904762,276693.4985173545,174250.0,204497.0,220438.0,420857.0,791820.0,909448.0,938176.0,965508.0,972341.0,10146916.0
700,isl_tokens,session_turn_index,700,tokens,21,141.0952380952381,135.48533737637786,28.0,29.0,57.0,67.0,197.0,256.0,360.0,542.4000000000001,588.0,2963.0
700,osl_tokens,session_turn_index,700,tokens,21,218.33333333333334,273.0158434846791,32.0,32.0,60.0,127.0,184.0,440.0,621.0,1106.6000000000004,1228.0,4585.0
700,context_length_tokens,session_turn_index,700,tokens,21,483853.3333333333,277233.5488116444,174339.0,204798.0,220528.0,421544.0,793360.0,910156.0,938560.0,966266.4,973193.0,10160920.0
701,isl_tokens,session_turn_index,701,tokens,21,156.95238095238096,160.19169355746027,29.0,33.0,37.0,67.0,251.0,277.0,443.0,618.2000000000002,662.0,3296.0
701,osl_tokens,session_turn_index,701,tokens,21,267.5238095238095,306.00990009624866,4.0,32.0,54.0,145.0,362.0,621.0,623.0,1174.2000000000005,1312.0,5618.0
701,context_length_tokens,session_turn_index,701,tokens,21,484228.61904761905,277414.8422883226,174414.0,204888.0,220667.0,421914.0,793797.0,911039.0,938825.0,966688.2000000001,973654.0,10168801.0
702,isl_tokens,session_turn_index,702,tokens,21,108.19047619047619,84.32116553342998,11.0,28.0,32.0,66.0,199.0,217.0,251.0,262.2,265.0,2272.0
702,osl_tokens,session_turn_index,702,tokens,21,236.38095238095238,247.7828304498914,8.0,32.0,75.0,135.0,369.0,621.0,766.0,868.4000000000001,894.0,4964.0
702,context_length_tokens,session_turn_index,702,tokens,21,484604.3333333333,277557.1517684984,174505.0,205152.0,220748.0,422601.0,794219.0,911426.0,939150.0,966912.4,973853.0,10176691.0
703,isl_tokens,session_turn_index,703,tokens,21,199.0,202.5748538900409,29.0,37.0,66.0,99.0,251.0,395.0,674.0,764.4000000000001,787.0,4179.0
703,osl_tokens,session_turn_index,703,tokens,21,271.0952380952381,205.0906663061381,4.0,32.0,118.0,198.0,426.0,618.0,621.0,622.6,623.0,5693.0
703,context_length_tokens,session_turn_index,703,tokens,21,485039.71428571426,277820.74319606443,174615.0,205447.0,220838.0,422971.0,795787.0,911956.0,940703.0,967499.0,974198.0,10185834.0
704,isl_tokens,session_turn_index,704,tokens,21,233.04761904761904,303.15554332176083,29.0,33.0,57.0,94.0,271.0,455.0,831.0,1195.8000000000002,1287.0,4894.0
704,osl_tokens,session_turn_index,704,tokens,21,342.3809523809524,348.9667027628685,32.0,44.0,69.0,159.0,524.0,934.0,1051.0,1167.0,1196.0,7190.0
704,context_length_tokens,session_turn_index,704,tokens,21,485543.85714285716,277949.9602489775,174855.0,206805.0,220923.0,423787.0,796363.0,913361.0,941293.0,967992.2000000001,974667.0,10196421.0
705,isl_tokens,session_turn_index,705,tokens,20,158.85,151.3159856062802,15.0,29.0,35.0,76.5,251.0,365.6,389.15000000000015,528.2299999999998,563.0,3177.0
705,osl_tokens,session_turn_index,705,tokens,20,456.0,502.89631138038783,8.0,31.8,32.0,226.5,720.5,1030.500000000001,1546.0,1652.3999999999999,1679.0,9120.0
705,context_length_tokens,session_turn_index,705,tokens,20,498100.8,279684.2352515779,175243.0,206234.6,220350.0,425435.0,806795.75,916903.6000000001,943932.7000000001,969053.74,975334.0,9962016.0
706,isl_tokens,session_turn_index,706,tokens,20,198.75,217.36441176052716,29.0,36.2,57.75,94.0,229.25,400.6000000000005,726.1,803.6199999999999,823.0,3975.0
706,osl_tokens,session_turn_index,706,tokens,20,340.55,655.0042347191352,8.0,29.6,94.75,144.5,290.5,429.3000000000003,745.8000000000018,2642.7599999999966,3117.0,6811.0
706,context_length_tokens,session_turn_index,706,tokens,20,498755.55,280166.98243895103,175326.0,206459.9,220439.75,425964.0,808694.5,918145.4,944853.4500000001,970046.69,976345.0,9975111.0
707,isl_tokens,session_turn_index,707,tokens,20,144.3,119.25984236112339,13.0,23.8,31.25,121.0,248.0,254.80000000000007,298.3000000000001,439.65999999999974,475.0,2886.0
707,osl_tokens,session_turn_index,707,tokens,20,341.35,380.69440171875397,6.0,32.0,113.0,157.5,483.0,654.9000000000004,974.4500000000005,1467.6899999999991,1591.0,6827.0
707,context_length_tokens,session_turn_index,707,tokens,20,499240.4,280418.57358712883,175416.0,206761.4,220578.5,426517.5,811281.5,918686.7000000001,945464.05,970301.61,976511.0,9984808.0
708,isl_tokens,session_turn_index,708,tokens,20,358.0,821.8745038021316,18.0,29.0,52.0,66.0,252.0,448.5000000000016,1555.2000000000016,3260.639999999997,3687.0,7160.0
708,osl_tokens,session_turn_index,708,tokens,20,204.15,267.132602839863,9.0,32.0,50.0,122.0,216.25,353.70000000000044,649.9500000000004,1089.9899999999993,1200.0,4083.0
708,context_length_tokens,session_turn_index,708,tokens,20,499939.75,281005.8112261871,175491.0,206949.9,220768.0,427055.5,813039.75,919125.6000000001,945975.25,973703.85,980636.0,9998795.0
709,isl_tokens,session_turn_index,709,tokens,20,251.15,364.6005039766127,20.0,32.6,58.0,189.5,263.25,378.2000000000001,516.450000000001,1496.0899999999983,1741.0,5023.0
709,osl_tokens,session_turn_index,709,tokens,20,311.2,383.66568780645474,4.0,50.0,83.5,145.5,347.25,690.200000000001,1299.45,1367.09,1384.0,6224.0
709,context_length_tokens,session_turn_index,709,tokens,20,500395.05,281238.2913638317,175581.0,207267.6,220927.25,427584.0,814616.25,919593.4,946267.15,973948.63,980869.0,10007901.0
710,isl_tokens,session_turn_index,710,tokens,20,174.75,202.92581772657712,12.0,29.0,29.0,78.0,225.5,493.3000000000002,611.3500000000001,723.0699999999998,751.0,3495.0
710,osl_tokens,session_turn_index,710,tokens,20,569.15,794.8142094225543,8.0,32.0,32.0,180.0,648.25,1444.900000000001,2202.350000000001,2922.069999999999,3102.0,11383.0
710,context_length_tokens,session_turn_index,710,tokens,20,500881.0,281512.42783436755,175698.0,207360.7,221008.5,427976.0,815838.25,920247.2000000001,946748.85,974304.1699999999,981193.0,10017620.0
711,isl_tokens,session_turn_index,711,tokens,20,176.35,139.09610886002528,37.0,55.900000000000006,61.75,134.5,232.25,376.0000000000001,444.4000000000001,526.4799999999999,547.0,3527.0
711,osl_tokens,session_turn_index,711,tokens,20,436.0,632.5488123457351,2.0,65.80000000000001,115.0,149.0,620.75,753.7000000000006,1233.5000000000011,2548.2999999999975,2877.0,8720.0
711,context_length_tokens,session_turn_index,711,tokens,20,501626.5,282179.78692679247,175937.0,207621.7,221098.5,428662.0,816787.75,921285.1000000001,949284.6,975954.5199999999,982622.0,10032530.0
712,isl_tokens,session_turn_index,712,tokens,19,229.05263157894737,260.88906165854246,26.0,32.2,73.0,151.0,293.5,380.0,462.49999999999824,1056.5000000000002,1205.0,4352.0
712,osl_tokens,session_turn_index,712,tokens,19,403.0,510.50872460197667,41.0,52.8,105.0,150.0,552.0,786.7999999999994,1509.5999999999988,1938.7200000000003,2046.0,7657.0
712,context_length_tokens,session_turn_index,712,tokens,19,504113.63157894736,289833.9944365995,176369.0,206715.2,220826.5,427868.0,825651.5,925572.4,952408.7999999999,977283.36,983502.0,9578159.0
713,isl_tokens,session_turn_index,713,tokens,19,593.6842105263158,1341.7002980362986,20.0,29.0,37.0,66.0,448.5,1363.3999999999999,2003.3999999999905,5188.680000000001,5985.0,11280.0
713,osl_tokens,session_turn_index,713,tokens,19,412.05263157894734,510.75346547338745,6.0,8.8,32.0,120.0,582.5,1189.1999999999998,1344.299999999999,1648.8600000000001,1725.0,7829.0
713,context_length_tokens,session_turn_index,713,tokens,19,505110.3157894737,290064.21185571863,176467.0,209373.8,220922.0,428555.0,826199.0,926837.2,954468.2,978992.84,985124.0,9597096.0
714,isl_tokens,session_turn_index,714,tokens,19,344.7894736842105,601.5371169321902,29.0,29.0,58.0,136.0,257.5,636.5999999999991,1690.1999999999982,2289.2400000000002,2439.0,6551.0
714,osl_tokens,session_turn_index,714,tokens,19,653.0526315789474,1112.0843149445577,6.0,27.200000000000003,36.5,108.0,621.0,2420.199999999999,3441.7999999999993,3649.16,3701.0,12408.0
714,context_length_tokens,session_turn_index,714,tokens,19,505867.15789473685,290653.9488288731,176550.0,209462.6,221013.0,428925.0,826998.5,927992.6,957324.8999999999,980954.58,986862.0,9611476.0
715,isl_tokens,session_turn_index,715,tokens,19,141.6315789473684,136.10685064405746,29.0,32.2,47.5,66.0,221.5,351.0,381.3999999999997,485.08000000000004,511.0,2691.0
715,osl_tokens,session_turn_index,715,tokens,19,262.1578947368421,333.46936467165204,14.0,32.0,49.5,120.0,312.0,689.3999999999997,981.3999999999994,1171.48,1219.0,4981.0
715,context_length_tokens,session_turn_index,715,tokens,19,506661.84210526315,291494.9501825417,176639.0,209587.8,221092.0,429612.0,827319.5,929309.7999999999,959814.2999999999,984822.06,991074.0,9626575.0
716,isl_tokens,session_turn_index,716,tokens,19,176.26315789473685,237.22515223556206,29.0,33.0,37.0,66.0,220.5,264.59999999999997,396.99999999999835,958.6000000000003,1099.0,3349.0
716,osl_tokens,session_turn_index,716,tokens,19,263.2105263157895,283.87016656940904,8.0,8.0,38.0,115.0,376.5,628.0,695.1999999999991,977.44,1048.0,5001.0
716,context_length_tokens,session_turn_index,716,tokens,19,507100.2631578947,291810.84186684364,176893.0,209674.2,221178.0,429982.0,827656.0,929615.0,960753.4999999999,986864.3,993392.0,9634905.0
717,isl_tokens,session_turn_index,717,tokens,19,313.42105263157896,516.9879684835873,20.0,50.400000000000006,66.0,209.0,258.0,564.1999999999998,939.5999999999966,2081.5200000000004,2367.0,5955.0
717,osl_tokens,session_turn_index,717,tokens,19,417.0,722.635163099173,8.0,34.0,107.0,168.0,375.5,704.8,1024.8999999999946,2874.580000000001,3337.0,7923.0
717,context_length_tokens,session_turn_index,717,tokens,19,507676.8947368421,291925.9567985104,177281.0,209876.0,221333.5,430669.0,828707.0,930262.4,961379.1,987494.22,994023.0,9645861.0
718,isl_tokens,session_turn_index,718,tokens,19,186.0,182.37497519930568,29.0,31.4,56.5,105.0,251.0,348.2,404.6999999999991,719.3400000000001,798.0,3534.0
718,osl_tokens,session_turn_index,718,tokens,19,338.94736842105266,515.9620012206335,1.0,28.0,53.5,160.0,327.5,691.3999999999997,1104.4999999999973,2051.3,2288.0,6440.0
718,context_length_tokens,session_turn_index,718,tokens,19,508279.8947368421,292299.38693615503,177364.0,210144.8,221636.0,431039.0,829419.5,933062.6,961686.7999999999,988195.76,994823.0,9657318.0
719,isl_tokens,session_turn_index,719,tokens,19,180.52631578947367,156.71810711258897,15.0,29.0,47.0,134.0,232.0,402.79999999999995,440.99999999999966,549.0,576.0,3430.0
719,osl_tokens,session_turn_index,719,tokens,19,328.05263157894734,409.8366136175438,8.0,32.0,49.5,119.0,523.0,868.9999999999997,1230.1999999999996,1382.8400000000001,1421.0,6233.0
719,context_length_tokens,session_turn_index,719,tokens,19,508799.36842105264,292589.7766959221,177454.0,210232.8,221795.5,431855.0,829794.5,935145.4,962260.6,988681.72,995287.0,9667188.0
720,isl_tokens,session_turn_index,720,tokens,19,483.4736842105263,966.8313067041576,29.0,51.400000000000006,62.0,208.0,251.0,833.1999999999982,2916.099999999998,3536.0200000000004,3691.0,9186.0
720,osl_tokens,session_turn_index,720,tokens,19,193.0,202.8826469194757,23.0,32.0,49.5,125.0,170.0,513.8,631.0999999999998,703.82,722.0,3667.0
720,context_length_tokens,session_turn_index,720,tokens,19,509610.8947368421,293254.82671325374,177529.0,210316.2,222029.5,432225.0,830753.0,938371.6,963517.5999999999,991537.12,998542.0,9682607.0
721,isl_tokens,session_turn_index,721,tokens,19,135.0,111.1267649791752,20.0,29.0,39.0,73.0,217.0,270.99999999999994,352.7,364.94,368.0,2565.0
721,osl_tokens,session_turn_index,721,tokens,19,321.7894736842105,433.79434600515344,8.0,27.200000000000003,60.0,127.0,453.5,621.4,755.2999999999972,1707.8600000000004,1946.0,6114.0
721,context_length_tokens,session_turn_index,721,tokens,19,509938.8947368421,293341.7755300919,177618.0,210403.4,222111.0,432912.0,831075.5,939064.4,963791.2,991735.84,998722.0,9688839.0
722,isl_tokens,session_turn_index,722,tokens,18,161.83333333333334,133.88479707901448,29.0,38.4,60.0,98.5,208.0,356.2000000000001,448.69999999999993,474.53999999999996,481.0,2913.0
722,osl_tokens,session_turn_index,722,tokens,18,263.6666666666667,311.52902486499283,2.0,7.4,44.0,111.5,447.25,697.5000000000002,902.6999999999997,1023.7399999999997,1054.0,4746.0
722,context_length_tokens,session_turn_index,722,tokens,18,483270.27777777775,277415.0419321213,177735.0,209010.9,222003.0,416043.0,767849.0,908617.3,938588.0499999999,955864.8099999999,960184.0,8698865.0
723,isl_tokens,session_turn_index,723,tokens,18,446.1666666666667,989.9255443382261,29.0,29.0,58.5,186.5,251.0,662.0000000000003,1540.149999999995,3839.229999999994,4414.0,8031.0
723,osl_tokens,session_turn_index,723,tokens,18,401.0,495.65231989997,30.0,32.0,52.75,177.0,572.25,1034.0,1241.7499999999989,1802.7499999999986,1943.0,7218.0
723,context_length_tokens,session_turn_index,723,tokens,18,483980.1111111111,278002.5166380671,177975.0,209186.1,222091.75,416517.0,768333.0,910912.5,942790.2999999999,956894.86,960421.0,8711642.0
724,isl_tokens,session_turn_index,724,tokens,18,193.77777777777777,378.67965874947294,17.0,27.8,39.25,57.5,197.5,288.70000000000005,559.7499999999981,1474.3499999999976,1703.0,3488.0
724,osl_tokens,session_turn_index,724,tokens,18,218.88888888888889,262.46330725326345,8.0,24.800000000000004,67.25,128.5,215.75,480.40000000000015,707.4999999999993,1013.4999999999992,1090.0,3940.0
724,context_length_tokens,session_turn_index,724,tokens,18,484574.8888888889,278388.9713320572,178339.0,209281.7,222179.5,416998.0,769059.0,912216.6,944630.9,958194.1799999999,961585.0,8722348.0
725,isl_tokens,session_turn_index,725,tokens,18,243.0,275.3064958671819,26.0,29.0,58.25,130.0,251.0,646.9000000000001,787.0499999999996,968.6099999999996,1014.0,4374.0
725,osl_tokens,session_turn_index,725,tokens,18,447.55555555555554,446.56021395928013,8.0,24.800000000000004,52.5,274.5,709.25,1165.3,1187.3,1188.66,1189.0,8056.0
725,context_length_tokens,session_turn_index,725,tokens,18,485036.77777777775,278569.8364921873,178429.0,209502.6,222343.25,417742.5,769263.5,913192.8,945249.5,959019.5,962462.0,8730662.0
726,isl_tokens,session_turn_index,726,tokens,17,115.23529411764706,99.11344030172147,10.0,25.4,33.0,66.0,195.0,254.20000000000005,315.4,332.68,337.0,1959.0
726,osl_tokens,session_turn_index,726,tokens,17,320.70588235294116,567.6478573599991,2.0,22.400000000000002,52.0,119.0,305.0,737.4000000000002,1300.3999999999992,2140.08,2350.0,5452.0
726,context_length_tokens,session_turn_index,726,tokens,17,458689.82352941175,263203.7785430175,178512.0,208055.0,222578.0,402140.0,635495.0,872475.6,913764.7999999999,953895.36,963928.0,7797727.0
727,isl_tokens,session_turn_index,727,tokens,17,927.7058823529412,2819.462835045125,29.0,45.800000000000004,59.0,234.0,369.0,456.80000000000007,2895.399999999992,10330.279999999999,12189.0,15771.0
727,osl_tokens,session_turn_index,727,tokens,17,281.3529411764706,332.3651325197619,4.0,8.0,32.0,127.0,619.0,627.8,745.1999999999996,1097.84,1186.0,4783.0
727,context_length_tokens,session_turn_index,727,tokens,17,459938.23529411765,263487.3982696057,178601.0,208206.2,222942.0,414737.0,635983.0,873760.6,916154.0,955661.2,965538.0,7818950.0
728,isl_tokens,session_turn_index,728,tokens,17,215.05882352941177,248.89366276247733,29.0,29.0,58.0,66.0,240.0,501.8,628.7999999999997,906.56,976.0,3656.0
728,osl_tokens,session_turn_index,728,tokens,17,252.52941176470588,291.74205320031655,8.0,32.0,74.0,120.0,315.0,713.4000000000001,842.9999999999998,1006.1999999999999,1047.0,4293.0
728,context_length_tokens,session_turn_index,728,tokens,17,460434.64705882355,263693.71796816745,178676.0,208869.0,223024.0,415200.0,636278.0,874675.8,917339.6,956208.72,965926.0,7827389.0
729,isl_tokens,session_turn_index,729,tokens,17,225.47058823529412,182.90534924382862,29.0,45.2,103.0,209.0,251.0,415.0000000000001,598.3999999999999,724.48,756.0,3833.0
729,osl_tokens,session_turn_index,729,tokens,17,381.11764705882354,474.0167386412749,2.0,27.6,32.0,147.0,621.0,836.4000000000002,1255.9999999999995,1694.3999999999999,1804.0,6479.0
729,context_length_tokens,session_turn_index,729,tokens,17,460912.64705882355,263867.820440672,178765.0,209345.8,223112.0,416551.0,636602.0,875616.0,917895.7999999999,956682.36,966379.0,7835515.0
730,isl_tokens,session_turn_index,730,tokens,17,194.47058823529412,189.16973941785372,29.0,55.0,66.0,111.0,233.0,387.0,506.1999999999997,743.6399999999999,803.0,3306.0
730,osl_tokens,session_turn_index,730,tokens,17,400.8235294117647,513.9566513300191,2.0,22.400000000000002,55.0,125.0,482.0,1244.8,1365.7999999999997,1653.1599999999999,1725.0,6814.0
730,context_length_tokens,session_turn_index,730,tokens,17,461488.23529411765,264201.52430529,179053.0,209715.2,223185.0,417251.0,637832.0,876236.6,919082.2,958558.04,968427.0,7845300.0
731,isl_tokens,session_turn_index,731,tokens,17,142.7058823529412,108.20392768008897,23.0,29.0,30.0,123.0,251.0,251.0,280.1999999999999,373.64,397.0,2426.0
731,osl_tokens,session_turn_index,731,tokens,17,276.8235294117647,322.2036687442419,8.0,22.400000000000002,32.0,96.0,502.0,621.8,731.7999999999996,1079.96,1167.0,4706.0
731,context_length_tokens,session_turn_index,731,tokens,17,462031.76470588235,264405.60104250914,179408.0,209818.4,223274.0,418284.0,639086.0,877114.4,920339.2,959325.44,969072.0,7854540.0
732,isl_tokens,session_turn_index,732,tokens,17,180.41176470588235,144.15680140389998,23.0,47.400000000000006,58.0,99.0,337.0,395.8,418.6,420.52,421.0,3067.0
732,osl_tokens,session_turn_index,732,tokens,17,284.6470588235294,303.84379523550285,8.0,40.6,54.0,125.0,425.0,614.0,799.9999999999997,1097.6,1172.0,4839.0
732,context_length_tokens,session_turn_index,732,tokens,17,462489.0,264506.5815827429,179497.0,209922.8,223707.0,419112.0,639246.0,878077.6,920608.0,959622.4,969376.0,7862313.0
733,isl_tokens,session_turn_index,733,tokens,17,221.35294117647058,201.09375664584346,24.0,29.0,58.0,208.0,251.0,449.40000000000003,546.5999999999998,750.1199999999999,801.0,3763.0
733,osl_tokens,session_turn_index,733,tokens,17,308.47058823529414,330.5695828943554,5.0,22.400000000000002,32.0,162.0,539.0,745.0000000000001,960.7999999999998,1065.76,1092.0,5244.0
733,context_length_tokens,session_turn_index,733,tokens,17,462995.0,264544.7578192527,179580.0,210202.8,224078.0,419881.0,640098.0,878582.4,921168.7999999999,959897.76,969580.0,7870915.0
734,isl_tokens,session_turn_index,734,tokens,17,197.0,134.38837484737155,18.0,38.8,57.0,195.0,299.0,385.2,409.3999999999999,461.88,475.0,3349.0
734,osl_tokens,session_turn_index,734,tokens,17,298.5882352941176,365.2533462138509,1.0,30.200000000000003,54.0,125.0,325.0,791.4000000000001,1098.3999999999999,1262.8799999999999,1304.0,5076.0
734,context_length_tokens,session_turn_index,734,tokens,17,463500.4705882353,264756.4402703022,179669.0,210602.8,224339.0,420343.0,640679.0,879433.8,922358.3999999999,960977.28,970632.0,7879508.0
735,isl_tokens,session_turn_index,735,tokens,16,179.3125,140.26480258336372,20.0,26.5,57.75,172.0,251.0,372.5,460.75,479.34999999999997,484.0,2869.0
735,osl_tokens,session_turn_index,735,tokens,16,221.5,210.04017472855045,8.0,33.5,50.25,142.5,354.5,564.5,621.5,622.7,623.0,3544.0
735,context_length_tokens,session_turn_index,735,tokens,16,470649.9375,271565.15960181376,179744.0,209237.5,223794.75,430561.5,685250.75,885417.0,925840.5,961966.5,970998.0,7530399.0
736,isl_tokens,session_turn_index,736,tokens,16,202.125,181.63592534242778,29.0,46.0,58.0,162.5,278.75,397.0,481.0,668.1999999999998,715.0,3234.0
736,osl_tokens,session_turn_index,736,tokens,16,290.625,397.4666456131885,8.0,20.0,51.0,122.5,305.25,813.5,1096.25,1346.4499999999998,1409.0,4650.0
736,context_length_tokens,session_turn_index,736,tokens,16,471073.5625,271591.08242539206,179834.0,209411.0,224307.0,430977.5,685979.0,885900.0,926318.5,962226.1,971203.0,7537177.0
737,isl_tokens,session_turn_index,737,tokens,16,224.75,167.9700494135785,29.0,61.5,113.5,209.0,251.0,394.5,482.25,686.8499999999999,738.0,3596.0
737,osl_tokens,session_turn_index,737,tokens,16,344.4375,283.7117746829518,8.0,38.5,101.0,369.5,476.0,622.0,734.5,1002.0999999999999,1069.0,5511.0
737,context_length_tokens,session_turn_index,737,tokens,16,471588.9375,271789.87341751455,180126.0,209861.0,224587.25,431453.5,686279.0,886756.0,927578.5,963661.2999999999,972682.0,7545423.0
738,isl_tokens,session_turn_index,738,tokens,16,161.5,218.60638142561163,9.0,29.0,51.25,66.0,215.75,285.0,457.75,836.3499999999998,931.0,2584.0
738,osl_tokens,session_turn_index,738,tokens,16,208.0,225.8608531817765,4.0,27.5,32.0,122.5,296.0,592.5,642.0,692.4,705.0,3328.0
738,context_length_tokens,session_turn_index,738,tokens,16,472094.875,271940.1631268989,180519.0,210136.5,224768.0,431869.5,686855.0,887484.0,927922.5,964233.2999999999,973311.0,7553518.0
739,isl_tokens,session_turn_index,739,tokens,16,323.25,243.24640285110075,6.0,47.5,184.5,251.0,410.75,689.0,789.75,851.55,867.0,5172.0
739,osl_tokens,session_turn_index,739,tokens,16,324.4375,282.1065775442856,4.0,25.5,117.25,285.0,414.75,711.0,844.5,953.6999999999999,981.0,5191.0
739,context_length_tokens,session_turn_index,739,tokens,16,472626.125,272087.6097463543,180602.0,210389.5,225018.25,432623.0,687218.75,887968.5,928716.5,965567.2999999999,974780.0,7562018.0
740,isl_tokens,session_turn_index,740,tokens,16,501.9375,766.0539691129796,29.0,57.0,64.0,234.0,520.25,942.5,1593.25,2904.249999999999,3232.0,8031.0
740,osl_tokens,session_turn_index,740,tokens,16,433.9375,509.69788462750165,2.0,39.0,52.75,186.0,653.25,1169.0,1469.25,1678.6499999999999,1731.0,6943.0
740,context_length_tokens,session_turn_index,740,tokens,16,473452.5,272203.8740707505,180691.0,210780.0,226811.75,433089.5,688361.75,888919.5,929763.5,966883.1,976163.0,7575240.0
741,isl_tokens,session_turn_index,741,tokens,16,394.0,924.8844522425491,24.0,29.0,57.0,166.5,235.25,380.0,1272.0,3412.799999999999,3948.0,6304.0
741,osl_tokens,session_turn_index,741,tokens,16,246.6875,228.5436825723914,8.0,32.0,44.75,139.5,413.75,622.0,637.75,673.15,682.0,3947.0
741,context_length_tokens,session_turn_index,741,tokens,16,474280.4375,272586.50447380205,180766.0,210877.0,227569.0,433811.0,691992.75,889810.5,930071.5,967301.5,976609.0,7588487.0
742,isl_tokens,session_turn_index,742,tokens,16,291.25,503.82393998300637,29.0,32.5,46.0,58.5,289.0,753.5,1287.0,1824.5999999999997,1959.0,4660.0
742,osl_tokens,session_turn_index,742,tokens,16,430.9375,537.4866822478023,32.0,54.0,76.75,172.5,535.5,1368.5,1654.75,1673.35,1678.0,6895.0
742,context_length_tokens,session_turn_index,742,tokens,16,474818.375,272810.364849348,180857.0,211123.5,227739.5,434227.0,694205.0,890137.0,930540.25,967524.85,976771.0,7597094.0
743,isl_tokens,session_turn_index,743,tokens,16,143.4375,145.81322331582277,23.0,28.0,29.0,61.5,225.5,318.0,419.5,502.29999999999995,523.0,2295.0
743,osl_tokens,session_turn_index,743,tokens,16,294.0,323.819973133221,32.0,32.0,47.75,116.5,462.75,784.5,962.25,1001.25,1011.0,4704.0
743,context_length_tokens,session_turn_index,743,tokens,16,475392.75,273330.1764397091,180968.0,211226.0,227991.25,434709.5,695041.5,891676.5,931975.5,969462.2999999999,978834.0,7606284.0
744,isl_tokens,session_turn_index,744,tokens,16,162.0625,127.67413047970994,6.0,33.0,58.0,146.0,225.5,322.5,406.0,442.0,451.0,2593.0
744,osl_tokens,session_turn_index,744,tokens,16,447.3125,578.0038623086787,1.0,39.5,120.75,168.0,476.25,1249.0,1556.0,2011.9999999999998,2126.0,7157.0
744,context_length_tokens,session_turn_index,744,tokens,16,475848.8125,273560.76456685516,181208.0,211312.0,228227.5,435208.0,695906.75,892561.5,932484.5,969980.9,979355.0,7613581.0
745,isl_tokens,session_turn_index,745,tokens,16,414.125,917.0894091499476,29.0,39.0,57.75,144.5,327.75,427.5,1343.75,3409.549999999999,3926.0,6626.0
745,osl_tokens,session_turn_index,745,tokens,16,490.5625,648.4330120326617,2.0,40.0,90.5,130.5,621.5,1393.0,2013.5,2161.1,2198.0,7849.0
745,context_length_tokens,session_turn_index,745,tokens,16,476710.25,273801.9755027116,181665.0,211395.0,230853.5,435782.5,696600.5,894136.0,933300.75,971193.75,980667.0,7627364.0
746,isl_tokens,session_turn_index,746,tokens,16,304.1875,536.7868779541374,6.0,29.0,56.25,117.0,225.5,665.0,1250.25,2011.6499999999996,2202.0,4867.0
746,osl_tokens,session_turn_index,746,tokens,16,267.3125,291.1249127844438,8.0,32.0,50.25,143.0,334.75,638.5,912.5,1021.6999999999999,1049.0,4277.0
746,context_length_tokens,session_turn_index,746,tokens,16,477505.0,274235.2838146014,181750.0,211580.5,231037.0,436100.0,697621.0,894882.0,934590.75,973261.35,982929.0,7640080.0
747,isl_tokens,session_turn_index,747,tokens,16,539.1875,1091.2025029039064,29.0,57.0,58.75,189.5,251.0,1307.0,2817.0,3935.3999999999996,4215.0,8627.0
747,osl_tokens,session_turn_index,747,tokens,16,253.5,299.3877084985287,8.0,34.5,51.25,132.0,300.5,661.0,801.5,1037.8999999999999,1097.0,4056.0
747,context_length_tokens,session_turn_index,747,tokens,16,478311.5,274369.5848921214,181840.0,211837.0,231184.5,436619.5,697928.5,895663.5,935447.75,975572.75,985604.0,7652984.0
748,isl_tokens,session_turn_index,748,tokens,16,442.8125,905.7610210997987,29.0,31.5,64.0,116.5,368.75,760.5,1788.5,3397.699999999999,3800.0,7085.0
748,osl_tokens,session_turn_index,748,tokens,16,251.875,205.03288608172105,32.0,40.0,102.5,184.5,352.25,553.0,644.25,700.05,714.0,4030.0
748,context_length_tokens,session_turn_index,748,tokens,16,479007.8125,274408.9587420614,181915.0,211965.5,231317.75,437193.0,698982.5,896149.0,936180.75,976699.35,986829.0,7664125.0
749,isl_tokens,session_turn_index,749,tokens,15,254.4,241.12176730164092,54.0,57.4,78.0,134.0,332.0,624.1999999999998,796.3,813.66,818.0,3816.0
749,osl_tokens,session_turn_index,749,tokens,15,312.4,314.38528379468823,38.0,47.4,74.0,170.0,465.5,622.2,798.4999999999993,1126.0999999999997,1208.0,4686.0
749,context_length_tokens,session_turn_index,749,tokens,15,495149.4,276577.86509114085,182005.0,210530.2,230275.0,447715.0,743673.5,901653.2,940268.7999999999,977831.36,987222.0,7427241.0
750,isl_tokens,session_turn_index,750,tokens,15,99.06666666666666,81.27112374980153,22.0,29.0,29.0,66.0,171.0,220.6,231.39999999999998,247.07999999999998,251.0,1486.0
750,osl_tokens,session_turn_index,750,tokens,15,199.93333333333334,181.57733583486925,32.0,32.0,46.0,125.0,307.5,456.79999999999995,527.8999999999999,602.3799999999999,621.0,2999.0
750,context_length_tokens,session_turn_index,750,tokens,15,495560.86666666664,276674.7619175185,182130.0,210639.0,230605.0,448402.0,743923.0,902343.6,940526.2999999999,978091.6599999999,987483.0,7433413.0
751,isl_tokens,session_turn_index,751,tokens,15,192.4,135.59144515787122,29.0,58.4,78.0,209.0,251.0,389.4,426.69999999999993,470.93999999999994,482.0,2886.0
751,osl_tokens,session_turn_index,751,tokens,15,364.3333333333333,264.2313800861325,32.0,64.80000000000001,123.5,356.0,613.5,674.5999999999999,759.0999999999998,852.6199999999999,876.0,5465.0
751,context_length_tokens,session_turn_index,751,tokens,15,495953.2,276798.3229362008,182221.0,210887.2,230691.0,448772.0,744323.5,902851.6,941133.7999999999,978769.1599999999,988178.0,7439298.0
752,isl_tokens,session_turn_index,752,tokens,15,149.0,150.04532648503252,23.0,31.0,55.5,66.0,189.5,350.4,429.0999999999998,528.2199999999999,553.0,2235.0
752,osl_tokens,session_turn_index,752,tokens,15,264.8,300.873439616505,32.0,44.4,51.5,119.0,398.5,649.8,791.9999999999995,1021.5999999999998,1079.0,3972.0
752,context_length_tokens,session_turn_index,752,tokens,15,496466.5333333333,277037.23193050345,182296.0,211182.0,230866.5,449459.0,744876.0,903774.6,942194.4999999999,979784.5,989182.0,7446998.0
753,isl_tokens,session_turn_index,753,tokens,15,120.8,81.08859352584678,29.0,34.6,58.0,84.0,209.5,237.79999999999998,251.0,251.0,251.0,1812.0
753,osl_tokens,session_turn_index,753,tokens,15,190.0,198.91539239921414,1.0,32.8,44.5,120.0,235.0,536.5999999999999,621.6,622.72,623.0,2850.0
753,context_length_tokens,session_turn_index,753,tokens,15,496852.13333333336,277187.9639962425,182387.0,211398.2,230965.0,449829.0,745383.5,904408.0,942462.7999999999,980092.5599999999,989500.0,7452782.0
754,isl_tokens,session_turn_index,754,tokens,15,146.73333333333332,126.69883801975278,29.0,29.0,59.5,80.0,234.0,351.59999999999997,375.69999999999993,397.53999999999996,403.0,2201.0
754,osl_tokens,session_turn_index,754,tokens,15,289.73333333333335,380.0737589234782,1.0,17.6,32.0,125.0,381.5,673.8,935.1999999999991,1357.4399999999996,1463.0,4346.0
754,context_length_tokens,session_turn_index,754,tokens,15,497188.86666666664,277277.99278314336,182494.0,211590.0,231049.5,450516.0,745753.5,904909.7999999999,942930.9999999999,980372.6,989733.0,7457833.0
755,isl_tokens,session_turn_index,755,tokens,15,198.93333333333334,176.44280155966186,57.0,57.4,65.0,156.0,234.0,336.79999999999995,493.9999999999996,706.7999999999997,760.0,2984.0
755,osl_tokens,session_turn_index,755,tokens,15,266.8,319.29739533335794,8.0,46.8,54.0,154.0,343.5,571.8,814.3999999999993,1171.6799999999996,1261.0,4002.0
755,context_length_tokens,session_turn_index,755,tokens,15,497677.5333333333,277559.9322370736,182584.0,211871.6,231250.0,450886.0,746078.0,905772.7999999999,943984.3999999999,981811.2799999999,991268.0,7465163.0
756,isl_tokens,session_turn_index,756,tokens,15,194.4,249.74568398005735,29.0,29.8,35.5,113.0,230.0,329.59999999999997,580.3999999999993,954.4799999999996,1048.0,2916.0
756,osl_tokens,session_turn_index,756,tokens,15,251.86666666666667,365.00755547735656,1.0,18.200000000000003,37.5,125.0,235.0,621.0,857.3999999999992,1298.6799999999996,1409.0,3778.0
756,context_length_tokens,session_turn_index,756,tokens,15,498138.73333333334,277750.2650520107,182839.0,211954.8,231539.5,451428.0,746829.5,906513.6,944353.6,982305.9199999999,991794.0,7472081.0
757,isl_tokens,session_turn_index,757,tokens,15,203.13333333333333,217.49723880750506,33.0,56.4,62.0,106.0,234.0,388.2,552.3999999999994,831.2799999999997,901.0,3047.0
757,osl_tokens,session_turn_index,757,tokens,15,254.8,232.57979275938828,8.0,26.000000000000007,52.5,129.0,443.0,571.8,651.4999999999999,704.6999999999999,718.0,3822.0
757,context_length_tokens,session_turn_index,757,tokens,15,498593.73333333334,278004.26138639596,183093.0,212044.0,231761.0,452115.0,747462.5,907020.4,945228.2999999999,983745.6599999999,993375.0,7478906.0
758,isl_tokens,session_turn_index,758,tokens,15,193.93333333333334,191.76772987711522,23.0,29.0,43.5,136.0,251.0,444.19999999999993,595.5999999999999,675.1199999999999,695.0,2909.0
758,osl_tokens,session_turn_index,758,tokens,15,293.06666666666666,333.81660966597946,8.0,32.0,37.5,125.0,515.5,773.9999999999999,930.8999999999999,1033.3799999999999,1059.0,4396.0
758,context_length_tokens,session_turn_index,758,tokens,15,499042.4666666667,278237.0853999317,183646.0,212158.8,231842.5,452485.0,747930.0,907805.6,946163.6,984832.72,994500.0,7485637.0
759,isl_tokens,session_turn_index,759,tokens,15,202.8,228.11581853669568,29.0,33.800000000000004,58.0,66.0,238.0,567.9999999999999,727.0999999999999,747.8199999999999,753.0,3042.0
759,osl_tokens,session_turn_index,759,tokens,15,269.3333333333333,321.9655606151413,21.0,32.0,67.0,148.0,350.0,580.1999999999999,817.9999999999993,1181.9999999999995,1273.0,4040.0
759,context_length_tokens,session_turn_index,759,tokens,15,499538.3333333333,278522.2958009326,183729.0,212245.0,231933.5,453172.0,748736.0,908434.7999999999,946670.2999999999,985814.86,995601.0,7493075.0
760,isl_tokens,session_turn_index,760,tokens,15,215.46666666666667,188.7784827663247,29.0,35.6,56.5,217.0,307.5,398.0,510.6999999999997,683.7399999999998,727.0,3232.0
760,osl_tokens,session_turn_index,760,tokens,15,298.46666666666664,372.19025003648636,1.0,17.6,49.5,125.0,515.5,712.8,944.6999999999994,1263.3399999999997,1343.0,4477.0
760,context_length_tokens,session_turn_index,760,tokens,15,500023.13333333336,278762.33401468635,183818.0,212357.0,232155.0,453542.0,749690.0,909131.4,947576.9999999999,986743.3999999999,996535.0,7500347.0
761,isl_tokens,session_turn_index,761,tokens,15,211.4,238.195381987141,11.0,24.8,29.0,93.0,275.5,583.8,687.6999999999998,771.1399999999999,792.0,3171.0
761,osl_tokens,session_turn_index,761,tokens,15,310.2,389.8930109658289,8.0,32.0,46.0,115.0,525.5,913.9999999999998,1142.4999999999998,1206.8999999999999,1223.0,4653.0
761,context_length_tokens,session_turn_index,761,tokens,15,500533.0,279070.80660936213,183893.0,212578.0,232254.5,454229.0,749919.5,909926.6,948809.7999999999,988578.76,998521.0,7507995.0
762,isl_tokens,session_turn_index,762,tokens,15,218.06666666666666,196.55990322432385,29.0,43.2,63.5,195.0,303.0,405.79999999999995,531.2999999999996,733.4599999999998,784.0,3271.0
762,osl_tokens,session_turn_index,762,tokens,15,411.53333333333336,556.3846231599944,32.0,44.0,124.0,263.0,450.0,621.0,1143.2999999999981,2118.2599999999993,2362.0,6173.0
762,context_length_tokens,session_turn_index,762,tokens,15,501061.26666666666,279338.0660300267,184134.0,212723.2,232344.0,454599.0,750379.5,910708.7999999999,949413.2,989780.24,999872.0,7515919.0
763,isl_tokens,session_turn_index,763,tokens,14,130.0,102.2825218975084,29.0,42.6,58.25,67.5,211.5,245.00000000000003,296.15,363.2299999999999,380.0,1820.0
763,osl_tokens,session_turn_index,763,tokens,14,297.5,323.39554507047336,32.0,54.0,66.25,123.0,389.25,767.9000000000002,930.8,1080.5599999999997,1118.0,4165.0
763,context_length_tokens,session_turn_index,763,tokens,14,465984.0714285714,254391.90487161573,184546.0,211205.4,231323.5,445154.5,613794.75,872286.3,901750.95,922902.99,928191.0,6523777.0
764,isl_tokens,session_turn_index,764,tokens,14,189.28571428571428,208.97348723545517,29.0,30.2,40.25,81.0,251.0,449.70000000000016,586.1499999999999,726.0299999999997,761.0,2650.0
764,osl_tokens,session_turn_index,764,tokens,14,446.07142857142856,620.4808578013984,32.0,36.8,52.25,136.5,621.0,901.1000000000003,1472.7499999999995,2213.749999999999,2399.0,6245.0
764,context_length_tokens,session_turn_index,764,tokens,14,466470.85714285716,254730.80144140322,184629.0,211322.1,231413.5,445570.5,614223.5,873379.1000000001,902956.1,924144.02,929441.0,6530592.0
765,isl_tokens,session_turn_index,765,tokens,14,218.64285714285714,396.49529039589163,15.0,29.0,57.25,82.0,215.5,246.50000000000003,729.7999999999995,1441.159999999999,1619.0,3061.0
765,osl_tokens,session_turn_index,765,tokens,14,286.07142857142856,279.87534579464744,32.0,36.2,62.5,145.5,422.75,679.7,786.2499999999999,908.4499999999998,939.0,4005.0
765,context_length_tokens,session_turn_index,765,tokens,14,467135.5714285714,255275.78738373867,184719.0,211409.0,231626.5,446046.5,614643.75,875431.5,903841.65,924547.53,929724.0,6539898.0
766,isl_tokens,session_turn_index,766,tokens,14,122.28571428571429,124.22182265805714,12.0,29.0,34.0,62.5,186.75,251.0,326.24999999999994,438.04999999999984,466.0,1712.0
766,osl_tokens,session_turn_index,766,tokens,14,347.64285714285717,296.14007475779266,32.0,36.8,112.25,216.0,621.0,777.5000000000002,842.4,865.28,871.0,4867.0
766,context_length_tokens,session_turn_index,766,tokens,14,467543.9285714286,255502.85408007936,184794.0,211614.1,231752.25,446462.5,615081.5,876335.7000000001,904682.75,925225.35,930361.0,6545615.0
767,isl_tokens,session_turn_index,767,tokens,14,143.64285714285714,127.60295962916554,29.0,58.0,60.75,81.0,190.0,339.90000000000015,405.65,446.7299999999999,457.0,2011.0
767,osl_tokens,session_turn_index,767,tokens,14,200.78571428571428,253.79130306258347,6.0,16.6,44.75,94.0,225.0,564.5000000000002,712.5999999999999,845.7199999999998,879.0,2811.0
767,context_length_tokens,session_turn_index,767,tokens,14,468035.21428571426,255819.76374481717,184885.0,211929.6,231885.5,446938.5,615367.5,877458.6000000001,905954.5,926478.9,931610.0,6552493.0
768,isl_tokens,session_turn_index,768,tokens,14,188.21428571428572,172.3692790706828,29.0,39.6,60.0,174.5,230.25,251.0,421.79999999999984,675.5599999999996,739.0,2635.0
768,osl_tokens,session_turn_index,768,tokens,14,177.5,204.920454950556,2.0,15.200000000000001,49.0,119.5,227.5,313.4000000000001,507.89999999999986,764.7799999999996,829.0,2485.0
768,context_length_tokens,session_turn_index,768,tokens,14,468424.21428571426,255981.68150814972,185183.0,212033.6,231973.0,447419.0,616289.0,878235.6000000001,906712.4,926838.48,931870.0,6557939.0
769,isl_tokens,session_turn_index,769,tokens,14,185.64285714285714,125.90563764914077,29.0,48.9,66.25,180.5,250.0,380.0,383.15,387.83,389.0,2599.0
769,osl_tokens,session_turn_index,769,tokens,14,419.2857142857143,421.8170606472209,8.0,38.3,59.75,412.0,620.5,690.9000000000001,1039.8999999999996,1515.1799999999994,1634.0,5870.0
769,context_length_tokens,session_turn_index,769,tokens,14,468787.35714285716,256131.4090728784,185388.0,212366.0,232060.75,447757.5,616633.5,879037.1000000001,907608.15,927466.4299999999,932431.0,6563023.0
770,isl_tokens,session_turn_index,770,tokens,14,81.35714285714286,55.91652853374667,29.0,29.0,34.75,66.0,104.0,170.30000000000007,192.35,203.26999999999998,206.0,1139.0
770,osl_tokens,session_turn_index,770,tokens,14,318.42857142857144,829.5795591129033,6.0,16.6,34.25,77.5,123.75,270.9000000000002,1362.2499999999989,2909.2499999999977,3296.0,4458.0
770,context_length_tokens,session_turn_index,770,tokens,14,469288.0,256335.56091270008,185908.0,212449.4,232252.0,448331.0,618185.75,879434.5,908223.0,928274.2,933287.0,6570032.0
771,isl_tokens,session_turn_index,771,tokens,14,175.28571428571428,106.81855682245782,22.0,56.6,68.0,201.5,242.5,311.2000000000001,352.05,374.40999999999997,380.0,2454.0
771,osl_tokens,session_turn_index,771,tokens,14,305.7142857142857,335.597852149484,12.0,48.5,62.25,127.5,572.75,622.4,827.0499999999997,1130.2099999999996,1206.0,4280.0
771,context_length_tokens,session_turn_index,771,tokens,14,469781.71428571426,256749.92554719426,186005.0,212539.4,232650.75,448713.0,618537.0,881946.4,910588.05,928956.01,933548.0,6576944.0
772,isl_tokens,session_turn_index,772,tokens,14,180.71428571428572,254.51899411899876,29.0,29.0,34.75,66.0,107.25,532.5000000000002,701.8,861.9599999999998,902.0,2530.0
772,osl_tokens,session_turn_index,772,tokens,14,208.35714285714286,239.73634540078072,6.0,23.6,32.0,119.5,295.25,517.4,631.0999999999999,790.2199999999998,830.0,2917.0
772,context_length_tokens,session_turn_index,772,tokens,14,470268.14285714284,257051.7406784804,186088.0,212650.8,232849.5,449287.5,619251.5,883123.6000000001,911623.25,929612.65,934110.0,6583754.0
773,isl_tokens,session_turn_index,773,tokens,14,198.28571428571428,102.00800288732852,57.0,59.0,109.75,214.0,251.0,335.1,350.05,362.01,365.0,2776.0
773,osl_tokens,session_turn_index,773,tokens,14,370.2857142857143,485.6104300732413,8.0,20.0,63.0,141.0,572.75,622.4,1075.5499999999995,1747.909999999999,1916.0,5184.0
773,context_length_tokens,session_turn_index,773,tokens,14,470674.78571428574,257205.58587307396,186331.0,212960.8,233161.25,449605.0,619752.0,883715.8,912404.0,930541.6,935076.0,6589447.0
774,isl_tokens,session_turn_index,774,tokens,14,118.57142857142857,79.65525207840014,29.0,41.2,63.0,85.5,189.75,213.7,243.04999999999995,286.2099999999999,297.0,1660.0
774,osl_tokens,session_turn_index,774,tokens,14,137.21428571428572,95.58778954554855,8.0,36.8,63.75,119.5,169.5,285.00000000000006,310.65,330.92999999999995,336.0,1921.0
774,context_length_tokens,session_turn_index,774,tokens,14,471163.64285714284,257409.90567980622,186766.0,213274.5,233288.5,450179.5,620050.25,885240.9,913826.9,931035.78,935338.0,6596291.0
775,isl_tokens,session_turn_index,775,tokens,14,175.21428571428572,166.33794282871781,15.0,24.8,39.0,142.0,251.0,321.7000000000001,450.3499999999999,596.4699999999998,633.0,2453.0
775,osl_tokens,session_turn_index,775,tokens,14,467.85714285714283,694.2186622530455,2.0,23.6,52.75,245.5,621.0,690.9000000000001,1445.1999999999994,2522.6399999999985,2792.0,6550.0
775,context_length_tokens,session_turn_index,775,tokens,14,471476.0714285714,257536.5503991519,186849.0,213584.4,233388.5,450497.0,620414.25,885586.9,914330.0,931781.2,936144.0,6600665.0
776,isl_tokens,session_turn_index,776,tokens,13,148.6153846153846,120.75693224983206,29.0,29.6,34.0,136.0,225.0,254.8,336.1999999999997,426.4399999999998,449.0,1932.0
776,osl_tokens,session_turn_index,776,tokens,13,136.46153846153845,169.67054745758387,1.0,32.0,46.0,53.0,120.0,260.40000000000003,428.1999999999995,616.8399999999997,664.0,1774.0
776,context_length_tokens,session_turn_index,776,tokens,13,472457.1538461539,267761.19925378,186939.0,211904.4,232518.0,439847.0,672265.0,893788.8,918182.2,933236.44,937000.0,6141943.0
777,isl_tokens,session_turn_index,777,tokens,13,181.6153846153846,163.910640975051,23.0,29.0,57.0,128.0,251.0,353.4000000000001,473.39999999999964,586.6799999999998,615.0,2361.0
777,osl_tokens,session_turn_index,777,tokens,13,338.61538461538464,503.1804292484935,6.0,32.0,47.0,173.0,387.0,582.4000000000001,1162.9999999999982,1813.3999999999987,1976.0,4402.0
777,context_length_tokens,session_turn_index,777,tokens,13,472775.23076923075,267981.4789619593,187014.0,212023.80000000002,232600.0,440112.0,672664.0,894911.4,919056.0,933624.0,937266.0,6146078.0
778,isl_tokens,session_turn_index,778,tokens,12,436.8333333333333,702.9247035699407,24.0,31.800000000000004,57.75,130.5,382.25,1213.4000000000003,1832.849999999999,2348.9700000000007,2478.0,5242.0
778,osl_tokens,session_turn_index,778,tokens,12,960.75,1816.6307699052845,32.0,44.4,60.75,111.0,644.25,2869.500000000001,4556.199999999998,5971.240000000002,6325.0,11529.0
778,context_length_tokens,session_turn_index,778,tokens,12,474087.5,279664.2278291058,187104.0,210283.9,231324.25,381424.0,716781.5,905070.2000000001,923276.1,934917.62,937828.0,5689050.0
779,isl_tokens,session_turn_index,779,tokens,12,284.5833333333333,375.454937006057,23.0,29.0,35.0,142.5,290.0,642.2,970.6499999999995,1277.3300000000004,1354.0,3415.0
779,osl_tokens,session_turn_index,779,tokens,12,209.91666666666666,161.97451359876206,8.0,32.0,43.25,211.5,317.75,403.40000000000003,465.3499999999999,519.47,533.0,2519.0
779,context_length_tokens,session_turn_index,779,tokens,12,475332.8333333333,280963.74216875783,187222.0,210516.4,231418.0,381618.5,718031.25,911597.4,927417.2999999999,936425.86,938678.0,5703994.0
780,isl_tokens,session_turn_index,780,tokens,12,451.0,760.4337577987974,57.0,58.0,58.0,215.5,302.25,786.3000000000002,1745.4999999999986,2647.500000000001,2873.0,5412.0
780,osl_tokens,session_turn_index,780,tokens,12,492.9166666666667,910.580992035061,2.0,46.7,54.5,160.5,457.5,605.4000000000001,1892.249999999998,3135.250000000002,3446.0,5915.0
780,context_length_tokens,session_turn_index,780,tokens,12,475993.75,280970.148322476,187311.0,210914.9,231577.25,381985.5,718642.5,912868.8,928280.5499999999,936807.31,938939.0,5711925.0
781,isl_tokens,session_turn_index,781,tokens,12,209.41666666666666,278.7586944334153,29.0,29.3,33.5,71.0,254.75,466.40000000000003,713.0499999999996,945.8100000000003,1004.0,2513.0
781,osl_tokens,session_turn_index,781,tokens,12,342.75,316.3052652633739,32.0,33.6,88.5,247.0,498.75,868.8000000000001,877.45,877.89,878.0,4113.0
781,context_length_tokens,session_turn_index,781,tokens,12,476696.0833333333,281562.34921163804,187386.0,211016.8,231778.0,382286.5,719790.0,916098.6,930470.55,937694.91,939501.0,5720353.0
782,isl_tokens,session_turn_index,782,tokens,12,209.91666666666666,165.87518316158355,17.0,31.700000000000003,57.5,234.0,295.25,375.8,469.54999999999984,557.1100000000001,579.0,2519.0
782,osl_tokens,session_turn_index,782,tokens,12,308.3333333333333,419.15497001573164,3.0,33.5,47.75,100.0,417.5,601.7,1036.3499999999995,1442.4700000000005,1544.0,3700.0
782,context_length_tokens,session_turn_index,782,tokens,12,477248.75,281828.71194549033,187476.0,211143.4,232222.0,382593.5,720629.0,916767.2000000001,931375.5499999999,938881.51,940758.0,5726985.0
783,isl_tokens,session_turn_index,783,tokens,12,317.4166666666667,567.4716524980687,29.0,29.0,32.75,62.0,216.0,903.6000000000003,1437.4499999999994,1886.6900000000005,1999.0,3809.0
783,osl_tokens,session_turn_index,783,tokens,12,495.9166666666667,1099.001702935694,8.0,32.0,32.0,52.5,253.0,821.5000000000001,2294.8499999999976,3699.770000000002,4051.0,5951.0
783,context_length_tokens,session_turn_index,783,tokens,12,477874.5,282380.20541712316,187589.0,211220.0,232518.5,382943.0,721574.25,920005.8,933440.3,939500.86,941016.0,5734494.0
784,isl_tokens,session_turn_index,784,tokens,12,141.0,90.0,29.0,57.1,78.25,99.0,211.75,247.60000000000002,289.69999999999993,327.5400000000001,337.0,1692.0
784,osl_tokens,session_turn_index,784,tokens,12,317.5,341.51439696348575,2.0,33.4,77.5,147.5,423.75,816.9000000000001,984.2499999999998,1109.65,1141.0,3810.0
784,context_length_tokens,session_turn_index,784,tokens,12,478511.4166666667,283068.69117008167,187678.0,211312.7,232745.0,383131.0,722483.5,923795.5,935950.1,940410.82,941526.0,5742137.0
785,isl_tokens,session_turn_index,785,tokens,11,125.0,103.25520017721318,13.0,29.0,47.0,102.0,172.5,217.0,298.5,363.70000000000005,380.0,1375.0
785,osl_tokens,session_turn_index,785,tokens,11,370.72727272727275,311.59971143325737,5.0,32.0,99.5,319.0,638.0,707.0,838.0,942.8000000000001,969.0,4078.0
785,context_length_tokens,session_turn_index,785,tokens,11,501664.2727272727,285277.324008217,187933.0,209501.0,238781.0,443703.0,767156.5,932665.0,937542.5,941444.5,942420.0,5518307.0
786,isl_tokens,session_turn_index,786,tokens,10,105.5,111.2225246971134,18.0,19.8,30.25,70.0,112.0,227.59999999999994,311.2999999999998,378.26,395.0,1055.0
786,osl_tokens,session_turn_index,786,tokens,10,490.3,873.3386571084552,8.0,26.0,36.0,57.0,427.25,1086.1999999999994,2036.5999999999976,2796.92,2987.0,4903.0
786,context_length_tokens,session_turn_index,786,tokens,10,505589.9,299263.06393788394,188167.0,207584.5,236880.25,383789.5,812164.5,934639.0,939080.5,942633.7,943522.0,5055899.0
787,isl_tokens,session_turn_index,787,tokens,10,118.6,107.78515667753143,29.0,29.0,42.0,74.5,162.0,233.89999999999995,309.9499999999998,370.79,386.0,1186.0
787,osl_tokens,session_turn_index,787,tokens,10,560.1,861.0376821022411,8.0,8.0,32.0,200.5,709.25,1137.6999999999994,2045.3499999999979,2771.4700000000003,2953.0,5601.0
787,context_length_tokens,session_turn_index,787,tokens,10,506198.8,299852.01883122284,188558.0,207750.5,236964.0,383975.5,812452.25,937765.9,941099.95,943767.19,944434.0,5061988.0
788,isl_tokens,session_turn_index,788,tokens,10,132.6,120.3745820345807,33.0,43.8,57.25,82.0,159.75,226.39999999999992,340.6999999999997,432.14000000000004,455.0,1326.0
788,osl_tokens,session_turn_index,788,tokens,10,294.2,539.5879539055704,8.0,40.4,52.5,57.5,266.75,469.99999999999943,1176.4999999999982,1741.7000000000003,1883.0,2942.0
788,context_length_tokens,session_turn_index,788,tokens,10,506891.5,300480.364922319,188647.0,208125.7,237053.5,384327.5,812816.0,940730.3,943211.15,945195.83,945692.0,5068915.0
789,isl_tokens,session_turn_index,789,tokens,10,149.3,193.91856538248214,15.0,27.6,29.0,31.0,208.25,303.39999999999986,485.1999999999996,630.6400000000001,667.0,1493.0
789,osl_tokens,session_turn_index,789,tokens,10,554.3,811.9161348316709,9.0,29.7,32.0,101.5,652.25,1603.1999999999996,2094.599999999999,2487.7200000000003,2586.0,5543.0
789,context_length_tokens,session_turn_index,789,tokens,10,507335.0,300914.05688568286,188730.0,208209.6,237128.5,384622.0,813010.75,941826.9,944832.45,947236.89,947838.0,5073350.0
790,isl_tokens,session_turn_index,790,tokens,10,408.6,976.3204596852408,34.0,42.1,58.0,58.5,129.5,511.5999999999989,1922.7999999999965,3051.76,3334.0,4086.0
790,osl_tokens,session_turn_index,790,tokens,10,453.1,769.4427139170272,9.0,11.7,46.25,79.5,144.25,1943.3,1994.1499999999999,2034.83,2045.0,4531.0
790,context_length_tokens,session_turn_index,790,tokens,10,508297.9,301858.6383930233,188821.0,208299.7,237218.5,384960.0,813846.75,945641.9,947540.45,949059.29,949439.0,5082979.0
791,isl_tokens,session_turn_index,791,tokens,10,318.5,380.36252444214324,29.0,29.0,29.75,188.5,336.5,981.6999999999999,1052.35,1108.8700000000001,1123.0,3185.0
791,osl_tokens,session_turn_index,791,tokens,10,550.9,867.051261460359,8.0,29.6,32.0,145.0,566.75,1310.5999999999995,2127.799999999998,2781.5600000000004,2945.0,5509.0
791,context_length_tokens,session_turn_index,791,tokens,10,509069.5,302715.8914032265,188896.0,208375.6,237388.5,385177.0,814706.75,948618.6,950164.8,951401.76,951711.0,5090695.0
792,isl_tokens,session_turn_index,792,tokens,10,157.8,148.8602028750465,34.0,54.7,57.25,94.0,187.0,376.19999999999993,440.09999999999985,491.22,504.0,1578.0
792,osl_tokens,session_turn_index,792,tokens,10,552.1,931.5501543126919,2.0,7.4,49.0,87.5,755.0,1260.7999999999993,2182.399999999998,2919.6800000000003,3104.0,5521.0
792,context_length_tokens,session_turn_index,792,tokens,10,509778.2,303374.7342231386,188985.0,208464.6,237572.25,385463.5,815511.0,949573.6,952222.3,954341.26,954871.0,5097782.0
793,isl_tokens,session_turn_index,793,tokens,10,157.1,82.01883929927318,29.0,29.0,110.0,173.0,210.0,224.69999999999996,259.3499999999999,287.07,294.0,1571.0
793,osl_tokens,session_turn_index,793,tokens,10,264.8,286.9222194254046,2.0,7.4,32.0,224.0,374.75,483.0999999999998,731.0499999999994,929.4100000000001,979.0,2648.0
793,context_length_tokens,session_turn_index,793,tokens,10,510487.4,304034.8366138986,189277.0,208764.7,237692.25,385648.0,816033.0,950968.8,954540.9,957398.58,958113.0,5104874.0
794,isl_tokens,session_turn_index,794,tokens,10,84.7,91.38823775519474,34.0,35.8,37.0,57.0,58.0,144.69999999999993,246.84999999999974,328.57000000000005,349.0,847.0
794,osl_tokens,session_turn_index,794,tokens,10,262.4,613.6580806931495,8.0,13.4,46.0,54.5,98.25,302.7999999999993,1201.8999999999978,1921.1800000000003,2101.0,2624.0
794,context_length_tokens,session_turn_index,794,tokens,10,510836.9,304183.58167805505,189664.0,209146.3,237782.0,385941.0,816340.75,951925.3,955234.15,957881.23,958543.0,5108369.0
795,isl_tokens,session_turn_index,795,tokens,10,201.2,250.1070970604393,20.0,28.1,29.0,64.0,215.75,601.9999999999999,682.9999999999998,747.8,764.0,2012.0
795,osl_tokens,session_turn_index,795,tokens,10,361.5,776.6533654082752,31.0,31.9,32.0,54.0,156.25,651.6999999999991,1658.3499999999976,2463.67,2665.0,3615.0
795,context_length_tokens,session_turn_index,795,tokens,10,511300.5,304673.36922686565,189747.0,209230.2,237869.0,386129.0,816817.5,954535.3,956696.65,958425.73,958858.0,5113005.0
796,isl_tokens,session_turn_index,796,tokens,10,95.8,110.08160609293452,19.0,32.5,38.25,58.0,58.0,220.19999999999993,306.5999999999998,375.72,393.0,958.0
796,osl_tokens,session_turn_index,796,tokens,10,652.9,1186.888912240737,8.0,42.2,48.25,100.0,536.0,1505.999999999999,2774.9999999999973,3790.2000000000003,4044.0,6529.0
796,context_length_tokens,session_turn_index,796,tokens,10,511757.8,305131.3583710465,189837.0,209320.2,237959.0,386416.5,817031.5,957007.1,958213.55,959178.71,959420.0,5117578.0
797,isl_tokens,session_turn_index,797,tokens,10,145.0,149.48377838414441,15.0,27.6,29.0,51.5,222.25,364.4,406.69999999999993,440.54,449.0,1450.0
797,osl_tokens,session_turn_index,797,tokens,10,337.4,573.8243982264958,3.0,29.1,32.0,137.5,292.0,586.1999999999995,1298.0999999999983,1867.6200000000001,2010.0,3374.0
797,context_length_tokens,session_turn_index,797,tokens,10,512555.7,305984.5797052688,189912.0,209396.1,238114.25,386703.5,817570.5,960855.4,960861.7,960866.74,960868.0,5125557.0
798,isl_tokens,session_turn_index,798,tokens,10,266.4,422.72004920514473,38.0,55.1,58.0,130.0,178.0,455.09999999999957,982.0499999999987,1403.6100000000001,1509.0,2664.0
798,osl_tokens,session_turn_index,798,tokens,10,274.2,487.87699269385513,8.0,47.6,85.0,91.5,163.25,464.1999999999995,1090.5999999999985,1591.7200000000003,1717.0,2742.0
798,context_length_tokens,session_turn_index,798,tokens,10,513159.5,306481.6594249157,190002.0,209486.1,238445.5,387092.0,818978.75,961376.5,962193.25,962846.65,963010.0,5131595.0
799,isl_tokens,session_turn_index,799,tokens,10,403.0,676.4949371576997,29.0,29.0,70.0,156.0,216.0,881.1999999999994,1615.5999999999983,2203.1200000000003,2350.0,4030.0
799,osl_tokens,session_turn_index,799,tokens,10,363.8,501.11072628711514,6.0,29.400000000000002,37.25,123.5,389.25,946.6999999999997,1305.3499999999992,1592.27,1664.0,3638.0
799,context_length_tokens,session_turn_index,799,tokens,10,513836.7,307079.98724340537,190115.0,209764.7,238764.25,387282.0,820876.75,963355.0,963494.5,963606.1,963634.0,5138367.0
800,isl_tokens,session_turn_index,800,tokens,10,273.2,339.4910308093573,29.0,54.2,66.0,147.0,238.25,617.8999999999997,905.4499999999994,1135.4900000000002,1193.0,2732.0
800,osl_tokens,session_turn_index,800,tokens,10,544.2,737.4301051625164,32.0,50.0,63.0,294.0,570.5,1163.7999999999995,1869.3999999999983,2433.88,2575.0,5442.0
800,context_length_tokens,session_turn_index,800,tokens,10,514473.7,307441.77742787334,190356.0,210134.4,238848.25,388135.5,822380.0,964098.7,964344.85,964541.77,964591.0,5144737.0
801,isl_tokens,session_turn_index,801,tokens,9,168.44444444444446,270.98836018918723,29.0,33.0,37.0,57.0,65.0,411.2000000000001,657.5999999999998,854.7199999999999,904.0,1516.0
801,osl_tokens,session_turn_index,801,tokens,9,813.1111111111111,1809.450220029673,2.0,26.0,54.0,148.0,253.0,1688.200000000001,3796.599999999998,5483.32,5905.0,7318.0
801,context_length_tokens,session_turn_index,801,tokens,9,545216.0,310534.0126395175,190743.0,208081.4,236987.0,451139.0,867670.0,965895.8,966401.4,966805.88,966907.0,4906944.0
802,isl_tokens,session_turn_index,802,tokens,9,151.66666666666666,153.19849143440604,29.0,50.6,63.0,105.0,138.0,285.6000000000001,422.79999999999984,532.56,560.0,1365.0
802,osl_tokens,session_turn_index,802,tokens,9,221.77777777777777,209.94061476616443,8.0,27.200000000000003,47.0,186.0,276.0,460.20000000000005,582.5999999999999,680.52,705.0,1996.0
802,context_length_tokens,session_turn_index,802,tokens,9,546180.7777777778,311615.1714109988,190826.0,208168.4,237242.0,451416.0,868013.0,968564.8,970336.4,971753.68,972108.0,4915627.0
803,isl_tokens,session_turn_index,803,tokens,9,125.66666666666667,142.88845688547102,21.0,27.4,29.0,59.0,105.0,341.6,394.79999999999995,437.36,448.0,1131.0
803,osl_tokens,session_turn_index,803,tokens,9,227.0,254.60514090995449,2.0,26.0,32.0,86.0,253.0,673.0,677.0,680.2,681.0,2043.0
803,context_length_tokens,session_turn_index,803,tokens,9,546528.2222222222,311830.8523891252,190917.0,208247.4,237371.0,451713.0,868346.0,969113.6,970980.8,972474.56,972848.0,4918754.0
804,isl_tokens,session_turn_index,804,tokens,9,491.3333333333333,926.5224108340702,16.0,26.4,57.0,139.0,303.0,1017.4000000000004,2048.199999999999,2872.8399999999997,3079.0,4422.0
804,osl_tokens,session_turn_index,804,tokens,9,787.4444444444445,1255.3303337821405,8.0,27.200000000000003,44.0,138.0,335.0,2985.2000000000003,3165.6,3309.92,3346.0,7087.0
804,context_length_tokens,session_turn_index,804,tokens,9,547246.5555555555,312376.887027731,190992.0,208453.6,237460.0,452886.0,868689.0,970402.6,973207.8,975451.96,976013.0,4925219.0
805,isl_tokens,session_turn_index,805,tokens,9,60.888888888888886,48.61971352455583,19.0,21.4,29.0,34.0,90.0,108.20000000000002,142.59999999999997,170.12,177.0,548.0
805,osl_tokens,session_turn_index,805,tokens,9,307.6666666666667,323.63182098729965,8.0,27.200000000000003,41.0,158.0,458.0,750.4000000000001,869.1999999999999,964.24,988.0,2769.0
805,context_length_tokens,session_turn_index,805,tokens,9,548094.8888888889,313304.68399216776,191081.0,208762.6,237533.0,452977.0,868996.0,973433.2,976441.6,978848.32,979450.0,4932854.0
806,isl_tokens,session_turn_index,806,tokens,8,178.75,197.40298250026518,29.0,49.3,58.75,96.5,179.0,397.69999999999993,530.3499999999998,636.4699999999999,663.0,1430.0
806,osl_tokens,session_turn_index,806,tokens,8,517.125,544.6720200037818,6.0,24.200000000000003,49.25,328.5,797.0,1319.3,1407.1499999999999,1477.4299999999998,1495.0,4137.0
806,context_length_tokens,session_turn_index,806,tokens,8,560423.125,330765.377711089,191192.0,206655.0,231538.5,509129.0,895180.5,975102.0,978101.5,980501.1,981101.0,4483385.0
807,isl_tokens,session_turn_index,807,tokens,8,113.375,47.15913882801509,29.0,71.7,96.0,112.0,125.0,156.79999999999998,183.39999999999998,204.67999999999998,210.0,907.0
807,osl_tokens,session_turn_index,807,tokens,8,475.75,720.5728190127629,2.0,23.000000000000004,60.5,246.5,420.5,1032.4999999999995,1681.749999999999,2201.1499999999996,2331.0,3806.0
807,context_length_tokens,session_turn_index,807,tokens,8,561053.625,331266.2856298304,191434.0,206786.4,231726.75,509566.0,896056.75,976643.8,979561.4,981895.48,982479.0,4488429.0
808,isl_tokens,session_turn_index,808,tokens,8,971.25,1987.2182032932367,56.0,56.7,105.75,243.5,377.0,2210.599999999999,4213.299999999997,5815.459999999998,6216.0,7770.0
808,osl_tokens,session_turn_index,808,tokens,8,579.25,1082.411861307885,8.0,35.300000000000004,52.25,127.5,331.25,1470.4999999999995,2434.7499999999986,3206.149999999999,3399.0,4634.0
808,context_length_tokens,session_turn_index,808,tokens,8,562500.625,332726.7883357671,191825.0,206965.3,232054.75,509845.5,898653.25,982917.7,983183.35,983395.87,983449.0,4500005.0
809,isl_tokens,session_turn_index,809,tokens,8,179.25,223.24076128700153,29.0,29.0,70.25,117.5,146.75,335.89999999999986,546.9499999999997,715.7899999999998,758.0,1434.0
809,osl_tokens,session_turn_index,809,tokens,8,436.375,594.3872764242183,2.0,23.000000000000004,32.0,133.0,523.25,1309.3999999999999,1504.6999999999998,1660.9399999999998,1700.0,3491.0
809,context_length_tokens,session_turn_index,809,tokens,8,563259.125,333467.62797700375,191908.0,207043.4,232253.75,510102.0,899610.25,984903.7,985568.35,986100.07,986233.0,4506073.0
810,isl_tokens,session_turn_index,810,tokens,8,281.625,348.2355300296051,57.0,58.4,116.75,173.5,221.25,536.6999999999998,861.8499999999995,1121.9699999999998,1187.0,2253.0
810,osl_tokens,session_turn_index,810,tokens,8,471.25,888.5162843189763,8.0,8.0,36.5,80.0,355.5,1135.1999999999996,1962.5999999999988,2624.5199999999995,2790.0,3770.0
810,context_length_tokens,session_turn_index,810,tokens,8,563977.125,333968.15891767194,191997.0,207238.8,232596.0,510897.0,900088.75,986385.7,987288.35,988010.47,988191.0,4511817.0
811,isl_tokens,session_turn_index,811,tokens,8,112.25,108.78505182238965,15.0,24.8,29.0,81.0,143.5,218.49999999999994,293.7499999999999,353.94999999999993,369.0,898.0
811,osl_tokens,session_turn_index,811,tokens,8,417.0,949.6132107337177,6.0,7.4,26.0,43.5,133.25,982.0999999999995,1954.0499999999986,2731.609999999999,2926.0,3336.0
811,context_length_tokens,session_turn_index,811,tokens,8,564560.625,334468.67917449964,192072.0,207535.0,232755.25,511173.0,900318.75,987602.1,989368.55,990781.71,991135.0,4516485.0
812,isl_tokens,session_turn_index,812,tokens,8,360.0,486.48663907655265,29.0,48.6,57.0,109.5,361.75,1076.1999999999998,1245.5999999999997,1381.12,1415.0,2880.0
812,osl_tokens,session_turn_index,812,tokens,8,807.625,1587.8287799303173,2.0,6.9,26.25,118.0,431.25,2193.5999999999995,3559.299999999998,4651.859999999999,4925.0,6461.0
812,context_length_tokens,session_turn_index,812,tokens,8,565337.625,335175.58876577567,192161.0,207620.5,232843.0,512007.0,900718.5,989257.5,991719.75,993689.55,994182.0,4522701.0
813,isl_tokens,session_turn_index,813,tokens,8,153.0,115.06845788486088,29.0,31.1,50.0,129.0,218.0,321.5,337.25,349.84999999999997,353.0,1224.0
813,osl_tokens,session_turn_index,813,tokens,8,77.75,86.91626717709407,8.0,11.5,27.25,44.0,76.25,186.79999999999998,234.39999999999992,272.47999999999996,282.0,622.0
813,context_length_tokens,session_turn_index,813,tokens,8,566298.25,336192.99755302386,192278.0,207717.2,233000.0,512340.0,901156.0,991652.2,995556.1,998679.22,999460.0,4530386.0
814,isl_tokens,session_turn_index,814,tokens,8,217.375,248.4411084643602,29.0,29.0,55.25,112.5,250.0,502.5999999999999,657.2999999999997,781.06,812.0,1739.0
814,osl_tokens,session_turn_index,814,tokens,8,216.125,359.23231950229643,8.0,15.700000000000001,28.75,36.5,181.75,577.8999999999999,851.9499999999996,1071.1899999999998,1126.0,1729.0
814,context_length_tokens,session_turn_index,814,tokens,8,566593.375,336357.2252033311,192520.0,207843.0,233080.5,512529.5,901877.5,992043.7,995924.85,999029.77,999806.0,4532747.0
815,isl_tokens,session_turn_index,815,tokens,7,131.57142857142858,80.56737578459612,40.0,50.8,58.5,105.0,200.5,229.20000000000002,243.59999999999997,255.11999999999998,258.0,921.0
815,osl_tokens,session_turn_index,815,tokens,7,242.14285714285714,320.7800441653032,3.0,6.0,26.0,54.0,310.0,581.4000000000002,773.6999999999996,927.5399999999997,966.0,1695.0
815,context_length_tokens,session_turn_index,815,tokens,7,504923.5714285714,314116.94208042836,192922.0,205960.0,227023.0,327633.0,785380.5,919525.8,954314.3999999999,982145.2799999999,989103.0,3534465.0
816,isl_tokens,session_turn_index,816,tokens,7,163.28571428571428,132.9604820836566,29.0,29.0,43.0,87.0,293.0,323.20000000000005,339.09999999999997,351.82,355.0,1143.0
816,osl_tokens,session_turn_index,816,tokens,7,422.2857142857143,867.6277533408824,8.0,8.0,20.0,32.0,170.0,1185.4000000000008,1860.6999999999985,2400.9399999999987,2536.0,2956.0
816,context_length_tokens,session_turn_index,816,tokens,7,505329.0,314394.7102190402,193005.0,206222.4,227250.5,327938.0,785717.5,920229.4,955326.7,983404.5399999999,990424.0,3537303.0
817,isl_tokens,session_turn_index,817,tokens,7,429.14285714285717,791.5553276522709,29.0,29.6,44.5,59.0,235.5,1112.8000000000006,1734.3999999999985,2231.679999999999,2356.0,3004.0
817,osl_tokens,session_turn_index,817,tokens,7,279.14285714285717,503.14679158030117,8.0,8.0,20.0,46.0,180.5,727.4000000000004,1113.1999999999991,1421.8399999999995,1499.0,1954.0
817,context_length_tokens,session_turn_index,817,tokens,7,506180.4285714286,315190.61477273767,193096.0,206309.2,227338.0,328133.0,787184.0,921431.0,957210.4999999999,985834.1,992990.0,3543263.0
818,isl_tokens,session_turn_index,818,tokens,7,401.2857142857143,535.2977046962384,29.0,30.8,45.0,103.0,478.0,942.2000000000004,1286.5999999999992,1562.1199999999994,1631.0,2809.0
818,osl_tokens,session_turn_index,818,tokens,7,479.14285714285717,1001.4221927655014,6.0,14.400000000000002,26.0,47.0,161.5,1309.000000000001,2117.499999999998,2764.299999999999,2926.0,3354.0
818,context_length_tokens,session_turn_index,818,tokens,7,506860.85714285716,315817.1786761759,193171.0,206393.2,227473.0,328244.0,788351.5,922514.4,958738.2,987717.24,994962.0,3548026.0
819,isl_tokens,session_turn_index,819,tokens,7,347.42857142857144,538.8566883803567,29.0,38.0,52.0,91.0,296.5,943.0000000000005,1278.999999999999,1547.7999999999995,1615.0,2432.0
819,osl_tokens,session_turn_index,819,tokens,7,1034.0,1539.5101261672262,26.0,29.6,58.5,87.0,1648.5,3408.0,3559.4999999999995,3680.7,3711.0,7238.0
819,context_length_tokens,session_turn_index,819,tokens,7,507687.4285714286,316668.8629056529,193263.0,206475.6,227602.5,328348.0,789532.0,924011.4,960971.7,990539.94,997932.0,3553812.0
820,isl_tokens,session_turn_index,820,tokens,6,139.33333333333334,116.0497977402613,29.0,31.0,34.0,114.0,203.75,273.0,305.5,331.5,338.0,836.0
820,osl_tokens,session_turn_index,820,tokens,6,249.33333333333334,346.56873616771736,8.0,20.0,41.5,76.5,254.0,651.5,821.75,957.9500000000002,992.0,1496.0
820,context_length_tokens,session_turn_index,820,tokens,6,426707.1666666667,265589.0739999273,193377.0,204450.5,221730.5,284411.0,612797.0,791260.0,833104.0,866579.2000000001,874948.0,2560243.0
821,isl_tokens,session_turn_index,821,tokens,6,332.6666666666667,348.95542536101783,37.0,46.5,62.0,144.5,554.75,807.0,875.5,930.3000000000001,944.0,1996.0
821,osl_tokens,session_turn_index,821,tokens,6,1450.1666666666667,2038.287714125647,8.0,30.5,122.25,335.0,1823.5,3985.0,4818.5,5485.300000000001,5652.0,8701.0
821,context_length_tokens,session_turn_index,821,tokens,6,427289.1666666667,266015.02070961875,193618.0,204652.5,221944.5,284648.0,614275.75,792567.0,834096.5,867320.1000000001,875626.0,2563735.0
822,isl_tokens,session_turn_index,822,tokens,6,326.6666666666667,607.5718521751609,26.0,27.5,36.0,58.0,93.5,894.5,1289.25,1605.0500000000002,1684.0,1960.0
822,osl_tokens,session_turn_index,822,tokens,6,294.0,417.3675438587273,32.0,43.0,54.25,90.5,249.0,748.5,977.75,1161.15,1207.0,1764.0
822,context_length_tokens,session_turn_index,822,tokens,6,429066.0,268018.7579038701,194005.0,205045.5,222264.25,284745.5,618562.5,797407.0,838517.5,871405.9,879628.0,2574396.0
823,isl_tokens,session_turn_index,823,tokens,6,189.5,357.38856071974845,15.0,16.0,20.0,29.0,51.5,523.5,755.75,941.5500000000002,988.0,1137.0
823,osl_tokens,session_turn_index,823,tokens,6,93.66666666666667,111.4131450453172,3.0,17.5,32.0,38.0,102.5,225.5,277.25,318.65000000000003,329.0,562.0
823,context_length_tokens,session_turn_index,823,tokens,6,429549.5,268397.25304527616,194088.0,205129.0,222350.0,284943.5,620285.0,798576.0,839173.5,871651.5,879771.0,2577297.0
824,isl_tokens,session_turn_index,824,tokens,6,176.83333333333334,216.5882550421934,29.0,29.5,36.75,57.5,209.5,443.5,535.25,608.6500000000001,627.0,1061.0
824,osl_tokens,session_turn_index,824,tokens,6,84.5,91.45262890334719,8.0,20.0,35.5,46.5,81.5,187.0,234.0,271.6,281.0,507.0
824,context_length_tokens,session_turn_index,824,tokens,6,429820.0,268641.85269487207,194177.0,205218.5,222435.75,285111.5,620464.75,799130.0,839928.5,872567.3,880727.0,2578920.0
825,isl_tokens,session_turn_index,825,tokens,6,46.833333333333336,27.86525116022144,20.0,24.5,29.0,35.5,54.0,80.5,91.75,100.75,103.0,281.0
825,osl_tokens,session_turn_index,825,tokens,6,476.8333333333333,736.2826487761944,6.0,19.0,32.0,95.0,464.75,1316.5,1691.25,1991.0500000000002,2066.0,2861.0
825,context_length_tokens,session_turn_index,825,tokens,6,429951.3333333333,268713.88081480935,194252.0,205294.0,222515.25,285212.0,620577.25,799348.0,840199.0,872879.8,881050.0,2579708.0
826,isl_tokens,session_turn_index,826,tokens,6,219.66666666666666,285.432225853276,32.0,44.0,56.75,78.5,198.5,536.5,688.75,810.5500000000001,841.0,1318.0
826,osl_tokens,session_turn_index,826,tokens,6,201.33333333333334,233.0133520256344,8.0,39.5,74.75,88.5,216.25,476.0,585.0,672.2,694.0,1208.0
826,context_length_tokens,session_turn_index,826,tokens,6,430647.8333333333,269554.46218245436,194340.0,205383.5,222631.0,285359.0,621659.25,801201.0,842274.5,875133.3,883348.0,2583887.0
827,isl_tokens,session_turn_index,827,tokens,6,112.83333333333333,105.45048864540911,29.0,29.0,40.5,82.5,109.5,227.0,282.5,326.90000000000003,338.0,677.0
827,osl_tokens,session_turn_index,827,tokens,6,173.66666666666666,176.20316556621665,8.0,20.0,32.0,103.0,270.75,398.0,445.5,483.5,493.0,1042.0
827,context_length_tokens,session_turn_index,827,tokens,6,430962.0,269700.7104242281,194455.0,205501.0,222823.25,285625.5,622267.0,801759.5,842727.75,875502.3500000001,883696.0,2585772.0
828,isl_tokens,session_turn_index,828,tokens,6,179.33333333333334,118.1703102400185,58.0,74.0,92.25,154.0,210.5,310.0,359.5,399.1,409.0,1076.0
828,osl_tokens,session_turn_index,828,tokens,6,127.83333333333333,106.66054669943439,8.0,30.5,55.0,97.0,169.75,256.0,293.0,322.6,330.0,767.0
828,context_length_tokens,session_turn_index,828,tokens,6,431315.0,269851.5500690457,194696.0,205743.0,223095.75,285859.5,622731.0,802342.5,843310.75,876085.3500000001,884279.0,2587890.0
829,isl_tokens,session_turn_index,829,tokens,6,382.3333333333333,669.4165784887282,29.0,43.5,63.5,92.5,135.0,1011.0,1444.0,1790.4000000000003,1877.0,2294.0
829,osl_tokens,session_turn_index,829,tokens,6,315.1666666666667,210.33260697180444,32.0,43.0,124.25,349.0,491.25,553.5,563.25,571.05,573.0,1891.0
829,context_length_tokens,session_turn_index,829,tokens,6,431825.1666666667,270210.47120557504,195084.0,206007.5,223222.0,285957.0,624266.75,803511.0,844058.5,876496.5,884606.0,2590951.0
830,isl_tokens,session_turn_index,830,tokens,6,240.66666666666666,422.41948608252227,25.0,27.0,36.0,58.0,82.25,637.0,910.5,1129.3000000000002,1184.0,1444.0
830,osl_tokens,session_turn_index,830,tokens,6,163.5,131.0238527902458,32.0,38.0,46.75,124.5,258.5,328.0,352.0,371.20000000000005,376.0,981.0
830,context_length_tokens,session_turn_index,830,tokens,6,432381.0,270598.86001792393,195167.0,206260.0,223560.75,286181.5,625674.5,804701.5,844965.75,877177.15,885230.0,2594286.0
831,isl_tokens,session_turn_index,831,tokens,6,165.83333333333334,244.87712338141253,29.0,29.0,36.0,68.0,87.25,400.5,555.75,679.9500000000002,711.0,995.0
831,osl_tokens,session_turn_index,831,tokens,6,323.1666666666667,525.9304189296864,32.0,32.0,35.5,84.0,193.25,853.5,1171.75,1426.3500000000001,1490.0,1939.0
831,context_length_tokens,session_turn_index,831,tokens,6,432710.3333333333,270847.6709078781,195256.0,206346.5,223642.0,286354.5,626558.0,805430.0,845515.0,877583.0,885600.0,2596262.0
832,isl_tokens,session_turn_index,832,tokens,6,46.166666666666664,26.36548669926062,6.0,17.5,31.0,47.0,57.75,74.0,82.0,88.4,90.0,277.0
832,osl_tokens,session_turn_index,832,tokens,6,138.5,163.21841195159325,8.0,20.0,35.75,86.5,128.25,309.0,399.0,471.00000000000006,489.0,831.0
832,context_length_tokens,session_turn_index,832,tokens,6,433079.6666666667,271159.53854736924,195331.0,206428.5,223731.25,286479.0,627719.75,806331.5,846119.25,877949.4500000001,885907.0,2598478.0
833,isl_tokens,session_turn_index,833,tokens,6,138.0,105.6677181861455,29.0,43.5,66.0,96.5,183.25,274.0,306.0,331.6,338.0,828.0
833,osl_tokens,session_turn_index,833,tokens,6,156.0,112.10560497435739,32.0,49.5,71.25,110.0,263.5,308.5,309.75,310.75,311.0,936.0
833,context_length_tokens,session_turn_index,833,tokens,6,433356.1666666667,271296.4181655781,195421.0,206511.5,223905.0,286768.0,627999.5,806789.0,846637.5,878516.3,886486.0,2600137.0
834,isl_tokens,session_turn_index,834,tokens,6,126.5,91.78008135392632,13.0,25.0,42.25,133.0,209.5,221.5,227.25,231.85,233.0,759.0
834,osl_tokens,session_turn_index,834,tokens,6,299.0,217.9961773365151,1.0,27.0,122.5,332.5,412.0,537.5,587.25,627.0500000000001,637.0,1794.0
834,context_length_tokens,session_turn_index,834,tokens,6,433638.6666666667,271350.8498467539,195713.0,206778.5,224177.5,287002.0,628137.25,807135.5,847082.75,879040.55,887030.0,2601832.0
835,isl_tokens,session_turn_index,835,tokens,6,157.33333333333334,185.98715606789148,29.0,43.0,57.5,84.0,119.5,345.0,456.0,544.8000000000001,567.0,944.0
835,osl_tokens,session_turn_index,835,tokens,6,151.0,231.68225367227993,8.0,20.0,37.5,54.5,82.0,378.5,522.25,637.2500000000001,666.0,906.0
835,context_length_tokens,session_turn_index,835,tokens,6,434095.0,271594.1622973513,196106.0,207169.0,224489.0,287105.0,629071.25,808011.0,847794.0,879620.4,887577.0,2604570.0
836,isl_tokens,session_turn_index,836,tokens,6,53.333333333333336,30.169889330626027,20.0,24.5,29.0,43.0,78.75,92.5,95.75,98.35,99.0,320.0
836,osl_tokens,session_turn_index,836,tokens,6,77.33333333333333,104.64968015027833,8.0,20.0,32.0,35.0,42.5,177.0,243.5,296.70000000000005,310.0,464.0
836,context_length_tokens,session_turn_index,836,tokens,6,434299.3333333333,271783.08274594444,196189.0,207252.5,224574.25,287203.0,629181.25,808442.5,848385.75,880340.3500000001,888329.0,2605796.0
837,isl_tokens,session_turn_index,837,tokens,6,88.66666666666667,48.67123266251728,29.0,42.5,56.25,81.0,106.5,142.5,160.25,174.45000000000002,178.0,532.0
837,osl_tokens,session_turn_index,837,tokens,6,56.166666666666664,66.95126751766708,3.0,5.5,14.0,39.0,46.75,124.0,162.5,193.30000000000004,201.0,337.0
837,context_length_tokens,session_turn_index,837,tokens,6,434465.3333333333,271878.14068111876,196277.0,207341.0,224659.25,287296.0,629522.25,808759.0,848652.0,880566.4,888545.0,2606792.0
838,isl_tokens,session_turn_index,838,tokens,6,93.33333333333333,100.02777392082439,17.0,23.0,29.0,43.0,108.75,214.0,258.0,293.20000000000005,302.0,560.0
838,osl_tokens,session_turn_index,838,tokens,6,150.66666666666666,194.19549142266123,2.0,17.0,32.0,75.5,142.25,359.5,464.25,548.0500000000001,569.0,904.0
838,context_length_tokens,session_turn_index,838,tokens,6,434614.8333333333,271893.4082782054,196352.0,207416.5,224738.5,287493.0,629843.75,808935.0,848752.5,880606.5,888570.0,2607689.0
839,isl_tokens,session_turn_index,839,tokens,6,488.3333333333333,623.7370350467326,57.0,122.5,193.25,239.0,320.0,1103.5,1486.75,1793.3500000000004,1870.0,2930.0
839,osl_tokens,session_turn_index,839,tokens,6,194.0,123.605555430706,8.0,50.0,102.0,203.5,310.25,328.5,331.75,334.35,335.0,1164.0
839,context_length_tokens,session_turn_index,839,tokens,6,435253.8333333333,272537.8901892461,196441.0,207581.5,225033.25,287816.0,630205.5,810364.0,850686.5,882944.5,891009.0,2611523.0
840,isl_tokens,session_turn_index,840,tokens,6,106.0,71.69146857657937,29.0,43.0,57.5,81.0,134.5,194.0,218.5,238.10000000000002,243.0,636.0
840,osl_tokens,session_turn_index,840,tokens,6,88.16666666666667,129.70661338403508,6.0,7.0,14.0,42.5,54.5,215.0,295.0,359.00000000000006,375.0,529.0
840,context_length_tokens,session_turn_index,840,tokens,6,435553.8333333333,272587.19790458283,196562.0,207839.0,225423.5,288061.0,630621.75,810761.5,851023.75,883233.55,891286.0,2613323.0
841,isl_tokens,session_turn_index,841,tokens,6,233.33333333333334,287.8533577284718,29.0,29.0,46.25,137.0,200.75,534.0,696.5,826.5000000000001,859.0,1400.0
841,osl_tokens,session_turn_index,841,tokens,6,253.33333333333334,357.7418373942615,10.0,21.0,32.0,59.5,282.75,679.5,845.25,977.8500000000001,1011.0,1520.0
841,context_length_tokens,session_turn_index,841,tokens,6,435875.3333333333,272798.5184109734,196803.0,208001.5,225507.0,288154.0,631573.25,811470.5,851470.25,883470.05,891470.0,2615252.0
842,isl_tokens,session_turn_index,842,tokens,6,115.33333333333333,93.95507200548333,37.0,47.0,57.0,57.5,158.5,241.5,266.25,286.05,291.0,692.0
842,osl_tokens,session_turn_index,842,tokens,6,89.0,126.42784503423286,8.0,10.0,20.0,45.5,52.25,211.5,290.25,353.25000000000006,369.0,534.0
842,context_length_tokens,session_turn_index,842,tokens,6,436244.0,273000.78710692393,197208.0,208249.0,225596.75,288260.5,632580.75,812222.5,851947.25,883727.05,891672.0,2617464.0
843,isl_tokens,session_turn_index,843,tokens,6,191.5,313.5069111412591,29.0,29.0,29.0,51.0,92.5,494.5,692.25,850.4500000000002,890.0,1149.0
843,osl_tokens,session_turn_index,843,tokens,6,52.0,61.44916598294886,8.0,14.0,23.0,32.0,32.0,110.0,149.0,180.20000000000002,188.0,312.0
843,context_length_tokens,session_turn_index,843,tokens,6,436524.5,273294.07609066466,197291.0,208328.5,225672.0,288350.5,632939.0,812894.5,852734.25,884606.05,892574.0,2619147.0
844,isl_tokens,session_turn_index,844,tokens,6,121.16666666666667,77.7290521977179,56.0,56.0,56.75,82.0,172.5,225.5,240.75,252.95000000000002,256.0,727.0
844,osl_tokens,session_turn_index,844,tokens,6,71.66666666666667,57.15670467135845,3.0,5.5,17.5,68.0,123.75,141.5,144.75,147.35,148.0,430.0
844,context_length_tokens,session_turn_index,844,tokens,6,436697.6666666667,273391.793423935,197382.0,208418.0,225760.0,288451.0,633300.25,813224.0,853006.5,884832.5,892789.0,2620186.0
845,isl_tokens,session_turn_index,845,tokens,5,219.6,158.83022382405687,29.0,29.0,29.0,302.0,337.0,375.4,388.2,398.44,401.0,1098.0
845,osl_tokens,session_turn_index,845,tokens,5,321.6,578.4163206549415,8.0,17.6,32.0,32.0,58.0,910.0000000000001,1193.9999999999998,1421.2,1478.0,1608.0
845,context_length_tokens,session_turn_index,845,tokens,5,475377.6,284467.497080141,197457.0,206303.4,219573.0,332529.0,734131.0,829571.2,861384.6,886835.3200000001,893198.0,2376888.0
846,isl_tokens,session_turn_index,846,tokens,5,177.8,100.77579074361063,57.0,58.2,60.0,211.0,273.0,282.0,285.0,287.4,288.0,889.0
846,osl_tokens,session_turn_index,846,tokens,5,59.6,47.16184898835075,8.0,8.0,8.0,61.0,93.0,114.0,121.0,126.6,128.0,298.0
846,context_length_tokens,session_turn_index,846,tokens,5,475877.0,284759.952916136,197546.0,206454.0,219816.0,332810.0,735669.0,830394.0,861969.0,887229.0,893544.0,2379385.0
847,isl_tokens,session_turn_index,847,tokens,5,114.2,119.3338175036733,15.0,20.6,29.0,80.0,103.0,247.60000000000002,295.79999999999995,334.36,344.0,571.0
847,osl_tokens,session_turn_index,847,tokens,5,139.2,149.97519794952765,6.0,9.2,14.0,32.0,303.0,325.8,333.4,339.48,341.0,696.0
847,context_length_tokens,session_turn_index,847,tokens,5,476050.8,284828.94851851,197668.0,206583.6,219957.0,332921.0,735812.0,830662.4,862279.2,887572.64,893896.0,2380254.0
848,isl_tokens,session_turn_index,848,tokens,5,162.4,101.15848951027293,58.0,74.0,98.0,109.0,208.0,286.6,312.79999999999995,333.76,339.0,812.0
848,osl_tokens,session_turn_index,848,tokens,5,90.2,60.502561929227426,23.0,35.8,55.0,84.0,87.0,156.0,179.0,197.39999999999998,202.0,451.0
848,context_length_tokens,session_turn_index,848,tokens,5,476352.4,284878.57099936454,197908.0,206887.2,220356.0,333025.0,736224.0,831039.0,862644.0,887928.0,894249.0,2381762.0
849,isl_tokens,session_turn_index,849,tokens,5,171.6,203.0759463845977,29.0,32.2,37.0,91.0,130.0,394.6,482.7999999999999,553.3599999999999,571.0,858.0
849,osl_tokens,session_turn_index,849,tokens,5,185.0,159.06350932882123,2.0,14.0,32.0,151.0,369.0,370.2,370.6,370.92,371.0,925.0
849,context_length_tokens,session_turn_index,849,tokens,5,476614.2,285051.63822255086,198083.0,207025.8,220440.0,333149.0,736556.0,831528.2,863185.6,888511.52,894843.0,2383071.0
850,isl_tokens,session_turn_index,850,tokens,5,300.8,334.3682999328734,57.0,57.4,58.0,165.0,274.0,679.6000000000001,814.7999999999998,922.9599999999999,950.0,1504.0
850,osl_tokens,session_turn_index,850,tokens,5,89.8,114.92501903415112,4.0,13.200000000000001,27.0,47.0,54.0,211.8,264.4,306.48,317.0,449.0
850,context_length_tokens,session_turn_index,850,tokens,5,477100.0,285399.6792030432,198512.0,207318.8,220529.0,333316.0,736981.0,832489.6,864325.7999999999,889794.76,896162.0,2385500.0
851,isl_tokens,session_turn_index,851,tokens,5,381.4,472.74585138317184,29.0,29.0,29.0,161.0,401.0,932.6,1109.7999999999997,1251.56,1287.0,1907.0
851,osl_tokens,session_turn_index,851,tokens,5,52.4,65.68287448033924,8.0,8.0,8.0,32.0,32.0,122.00000000000001,151.99999999999997,176.0,182.0,262.0
851,context_length_tokens,session_turn_index,851,tokens,5,477571.2,285771.33949673816,198595.0,207399.0,220605.0,333481.0,738585.0,833388.0,864989.0,890269.8,896590.0,2387856.0
852,isl_tokens,session_turn_index,852,tokens,5,278.8,316.7727260986968,57.0,57.0,57.0,103.0,288.0,648.6000000000001,768.8,864.9599999999999,889.0,1394.0
852,osl_tokens,session_turn_index,852,tokens,5,54.4,45.350192943360234,6.0,6.8,8.0,46.0,92.0,108.80000000000001,114.39999999999999,118.88,120.0,272.0
852,context_length_tokens,session_turn_index,852,tokens,5,477902.4,286009.3605668178,198684.0,207488.0,220694.0,333592.0,739656.0,833994.0,865440.0,890596.8,896886.0,2389512.0
853,isl_tokens,session_turn_index,853,tokens,5,502.2,529.2433844650303,98.0,142.0,208.0,208.0,464.0,1105.4,1319.1999999999998,1490.24,1533.0,2511.0
853,osl_tokens,session_turn_index,853,tokens,5,712.6,971.1866144052851,14.0,43.2,87.0,387.0,449.0,1755.2000000000003,2190.5999999999995,2538.92,2626.0,3563.0
853,context_length_tokens,session_turn_index,853,tokens,5,478459.0,286336.5280700316,198938.0,207760.4,220994.0,333696.0,741309.0,834938.4,866148.2,891116.04,897358.0,2392295.0
854,isl_tokens,session_turn_index,854,tokens,5,119.0,130.79602440441374,37.0,45.0,57.0,59.0,62.0,252.80000000000004,316.4,367.28,380.0,595.0
854,osl_tokens,session_turn_index,854,tokens,5,53.8,40.710686557708655,8.0,14.8,25.0,54.0,55.0,98.2,112.6,124.12,127.0,269.0
854,context_length_tokens,session_turn_index,854,tokens,5,479290.6,286754.9756956974,199446.0,208242.8,221438.0,333820.0,743997.0,836250.0,867001.0,891601.8,897752.0,2396453.0
855,isl_tokens,session_turn_index,855,tokens,5,148.4,212.8357112892477,15.0,20.6,29.0,29.0,99.0,381.6,475.7999999999999,551.16,570.0,742.0
855,osl_tokens,session_turn_index,855,tokens,5,103.4,122.70224121832494,8.0,17.6,32.0,32.0,105.0,246.00000000000003,293.0,330.6,340.0,517.0
855,context_length_tokens,session_turn_index,855,tokens,5,479492.8,286912.7104625377,199529.0,208326.2,221522.0,333927.0,744139.0,836663.8,867505.4,892178.6799999999,898347.0,2397464.0
856,isl_tokens,session_turn_index,856,tokens,5,213.8,264.03287674075744,57.0,57.4,58.0,105.0,109.0,487.6000000000001,613.8,714.76,740.0,1069.0
856,osl_tokens,session_turn_index,856,tokens,5,90.4,75.22924963071213,2.0,19.6,46.0,47.0,155.0,183.2,192.6,200.12,202.0,452.0
856,context_length_tokens,session_turn_index,856,tokens,5,479810.0,287197.23682166584,199619.0,208415.8,221611.0,334040.0,744588.0,837350.4,868271.2,893007.84,899192.0,2399050.0
857,isl_tokens,session_turn_index,857,tokens,5,258.8,202.67945135114218,29.0,69.4,130.0,208.0,306.0,495.0,558.0,608.4,621.0,1294.0
857,osl_tokens,session_turn_index,857,tokens,5,204.0,175.4434381788045,8.0,17.6,32.0,167.0,371.0,413.6,427.8,439.15999999999997,442.0,1020.0
857,context_length_tokens,session_turn_index,857,tokens,5,480159.2,287390.62194260966,199873.0,208598.6,221687.0,334348.0,744920.0,837948.8,868958.4,893766.08,899968.0,2400796.0
858,isl_tokens,session_turn_index,858,tokens,5,133.4,69.75844034953764,58.0,62.0,68.0,109.0,208.0,217.6,220.8,223.36,224.0,667.0
858,osl_tokens,session_turn_index,858,tokens,5,243.8,201.4441858183055,1.0,22.200000000000003,54.0,257.0,354.0,473.40000000000003,513.1999999999999,545.04,553.0,1219.0
858,context_length_tokens,session_turn_index,858,tokens,5,480496.6,287324.0237728826,200373.0,208994.6,221927.0,334787.0,745196.0,838198.4,869199.2,893999.84,900200.0,2402483.0
859,isl_tokens,session_turn_index,859,tokens,5,257.4,177.10629576613024,29.0,40.6,58.0,349.0,425.0,425.6,425.8,425.96,426.0,1287.0
859,osl_tokens,session_turn_index,859,tokens,5,368.8,438.9607727348766,1.0,13.4,32.0,55.0,657.0,922.2,1010.5999999999999,1081.32,1099.0,1844.0
859,context_length_tokens,session_turn_index,859,tokens,5,480997.8,287609.7703231933,200456.0,209209.2,222339.0,335137.0,745879.0,839058.4,870118.2,894966.04,901178.0,2404989.0
860,isl_tokens,session_turn_index,860,tokens,5,101.4,67.52954908778823,29.0,40.2,57.0,86.0,110.0,179.0,202.0,220.39999999999998,225.0,507.0
860,osl_tokens,session_turn_index,860,tokens,5,221.6,390.9202476209182,6.0,12.0,21.0,32.0,46.0,620.2,811.5999999999998,964.7199999999999,1003.0,1108.0
860,context_length_tokens,session_turn_index,860,tokens,5,481468.0,288027.13337045175,200545.0,209296.2,222423.0,335248.0,747203.0,840033.8,870977.4,895732.28,901921.0,2407340.0
861,isl_tokens,session_turn_index,861,tokens,5,78.2,60.805920764346624,20.0,23.6,29.0,57.0,98.0,151.4,169.2,183.44,187.0,391.0
861,osl_tokens,session_turn_index,861,tokens,5,44.8,47.9391280688333,2.0,4.4,8.0,32.0,47.0,99.80000000000001,117.39999999999998,131.48,135.0,224.0
861,context_length_tokens,session_turn_index,861,tokens,5,481767.8,288235.5816275291,200620.0,209376.8,222512.0,335352.0,748226.0,840567.8,871348.4,895972.88,902129.0,2408839.0
862,isl_tokens,session_turn_index,862,tokens,5,238.6,233.27203004218055,29.0,40.6,58.0,142.0,298.0,518.8000000000001,592.3999999999999,651.28,666.0,1193.0
862,osl_tokens,session_turn_index,862,tokens,5,264.8,461.5740027341228,8.0,8.0,8.0,32.0,90.0,747.6000000000001,966.7999999999998,1142.1599999999999,1186.0,1324.0
862,context_length_tokens,session_turn_index,862,tokens,5,482051.2,288427.1369711248,200710.0,209461.2,222588.0,335496.0,749027.0,841071.8,871753.4,896298.6799999999,902435.0,2410256.0
863,isl_tokens,session_turn_index,863,tokens,5,94.8,69.26875197374355,29.0,40.6,58.0,62.0,99.0,175.20000000000002,200.59999999999997,220.92000000000002,226.0,474.0
863,osl_tokens,session_turn_index,863,tokens,5,54.4,45.39867839486079,8.0,11.6,17.0,32.0,90.0,111.0,118.0,123.6,125.0,272.0
863,context_length_tokens,session_turn_index,863,tokens,5,482410.8,288676.34192527796,200829.0,209568.6,222678.0,335603.0,750275.0,841711.4,872190.2,896573.24,902669.0,2412054.0
864,isl_tokens,session_turn_index,864,tokens,5,113.6,84.0942328581455,15.0,20.6,29.0,105.0,207.0,210.0,211.0,211.8,212.0,568.0
864,osl_tokens,session_turn_index,864,tokens,5,319.4,309.0020064659775,8.0,17.6,32.0,295.0,404.0,676.4000000000001,767.1999999999999,839.8399999999999,858.0,1597.0
864,context_length_tokens,session_turn_index,864,tokens,5,482578.8,288689.4719489438,201068.0,209759.6,222797.0,335716.0,750415.0,841904.8,872401.4,896798.6799999999,902898.0,2412894.0
865,isl_tokens,session_turn_index,865,tokens,5,211.0,234.73644795813027,56.0,56.4,57.0,67.0,209.0,483.20000000000005,574.5999999999999,647.72,666.0,1055.0
865,osl_tokens,session_turn_index,865,tokens,5,129.6,134.060583319632,2.0,22.8,54.0,61.0,151.0,288.40000000000003,334.19999999999993,370.84000000000003,380.0,648.0
865,context_length_tokens,session_turn_index,865,tokens,5,483109.2,288888.5058332366,201528.0,210132.0,223038.0,336068.0,751340.0,842679.2,873125.6,897482.72,903572.0,2415546.0
866,isl_tokens,session_turn_index,866,tokens,5,163.2,74.55306834731887,69.0,73.4,80.0,206.0,207.0,235.2,244.6,252.12,254.0,816.0
866,osl_tokens,session_turn_index,866,tokens,5,217.0,171.9395242519881,8.0,8.0,8.0,331.0,344.0,374.0,384.0,392.0,394.0,1085.0
866,context_length_tokens,session_turn_index,866,tokens,5,483402.0,288992.3403026454,201789.0,210345.0,223179.0,336276.0,751789.0,843101.8,873539.4,897889.48,903977.0,2417010.0
867,isl_tokens,session_turn_index,867,tokens,5,119.4,59.644278853885055,57.0,57.8,59.0,103.0,177.0,191.4,196.2,200.04,201.0,597.0
867,osl_tokens,session_turn_index,867,tokens,5,65.0,71.78857847875246,2.0,6.0,12.0,54.0,55.0,143.20000000000002,172.59999999999997,196.12,202.0,325.0
867,context_length_tokens,session_turn_index,867,tokens,5,483738.4,288975.79231665755,202240.0,210776.8,223582.0,336387.0,752297.0,843430.4,873808.2,898110.44,904186.0,2418692.0
868,isl_tokens,session_turn_index,868,tokens,5,100.2,68.75870853935521,29.0,29.0,29.0,102.0,128.0,179.0,196.0,209.6,213.0,501.0
868,osl_tokens,session_turn_index,868,tokens,5,82.6,45.20442456220408,32.0,32.0,32.0,87.0,117.0,133.8,139.4,143.88,145.0,413.0
868,context_length_tokens,session_turn_index,868,tokens,5,483903.6,289060.7052337623,202323.0,210860.2,223666.0,336491.0,752627.0,843697.4,874054.2,898339.64,904411.0,2419518.0
869,isl_tokens,session_turn_index,869,tokens,5,124.0,73.02876145738746,37.0,45.4,58.0,107.0,208.0,209.2,209.6,209.92,210.0,620.0
869,osl_tokens,session_turn_index,869,tokens,5,137.8,150.41994548596273,8.0,8.0,8.0,47.0,243.0,327.0,355.0,377.4,383.0,689.0
869,context_length_tokens,session_turn_index,869,tokens,5,484110.2,289126.1228608719,202565.0,211041.4,223756.0,336615.0,752879.0,843993.2,874364.6,898661.72,904736.0,2420551.0
870,isl_tokens,session_turn_index,870,tokens,5,301.6,188.726892625296,58.0,117.6,207.0,208.0,455.0,530.0,555.0,575.0,580.0,1508.0
870,osl_tokens,session_turn_index,870,tokens,5,137.8,145.21212070622755,1.0,3.8000000000000003,8.0,54.0,286.0,318.4,329.2,337.84,340.0,689.0
870,context_length_tokens,session_turn_index,870,tokens,5,484549.6,289163.18819213484,203006.0,211407.6,224010.0,337078.0,753702.0,844452.0,874702.0,898902.0,904952.0,2422748.0
871,isl_tokens,session_turn_index,871,tokens,5,763.4,1263.4053347995646,29.0,40.6,58.0,208.0,237.0,2065.8,2675.3999999999996,3163.08,3285.0,3817.0
871,osl_tokens,session_turn_index,871,tokens,5,137.2,223.58300472084187,8.0,8.0,8.0,32.0,55.0,371.80000000000007,477.3999999999999,561.88,583.0,686.0
871,context_length_tokens,session_turn_index,871,tokens,5,485450.8,289781.0500673914,203089.0,211616.6,224408.0,337316.0,757273.0,846010.0,875589.0,899252.2,905168.0,2427254.0
872,isl_tokens,session_turn_index,872,tokens,5,122.0,117.39165217339774,29.0,41.0,59.0,67.0,103.0,252.40000000000003,302.19999999999993,342.03999999999996,352.0,610.0
872,osl_tokens,session_turn_index,872,tokens,5,54.2,64.17600797805983,6.0,6.8,8.0,32.0,46.0,125.80000000000001,152.39999999999998,173.68,179.0,271.0
872,context_length_tokens,session_turn_index,872,tokens,5,485710.0,289963.0883426372,203180.0,211704.8,224492.0,337427.0,757923.0,846486.0,876007.0,899623.8,905528.0,2428550.0
873,isl_tokens,session_turn_index,873,tokens,5,91.6,64.56190827415188,29.0,39.8,56.0,62.0,98.0,167.0,190.0,208.39999999999998,213.0,458.0
873,osl_tokens,session_turn_index,873,tokens,5,75.8,33.79585773434372,32.0,38.0,47.0,79.0,94.0,113.80000000000001,120.39999999999999,125.68,127.0,379.0
873,context_length_tokens,session_turn_index,873,tokens,5,485855.8,290031.22497924254,203255.0,211785.0,224580.0,337531.0,758164.0,846715.0,876232.0,899845.6,905749.0,2429279.0
874,isl_tokens,session_turn_index,874,tokens,5,69.4,70.68408590340545,15.0,20.6,29.0,37.0,58.0,148.0,177.99999999999997,202.0,208.0,347.0
874,osl_tokens,session_turn_index,874,tokens,5,87.8,112.27537575087423,8.0,8.0,8.0,32.0,86.0,217.4,261.19999999999993,296.24,305.0,439.0
874,context_length_tokens,session_turn_index,874,tokens,5,486001.0,290096.36210473237,203345.0,211869.4,224656.0,337662.0,758306.0,846944.0,876490.0,900126.8,906036.0,2430005.0
875,isl_tokens,session_turn_index,875,tokens,5,130.8,69.1734052942314,29.0,57.0,99.0,109.0,208.0,208.6,208.8,208.96,209.0,654.0
875,osl_tokens,session_turn_index,875,tokens,5,130.4,121.82216547082062,8.0,17.6,32.0,76.0,202.0,281.20000000000005,307.59999999999997,328.72,334.0,652.0
875,context_length_tokens,session_turn_index,875,tokens,5,486219.6,290159.87260584463,203460.0,212034.8,224897.0,337769.0,758720.0,847239.2,876745.6,900350.72,906252.0,2431098.0
876,isl_tokens,session_turn_index,876,tokens,5,127.4,72.5054480711622,37.0,45.0,57.0,126.0,208.0,208.6,208.8,208.96,209.0,637.0
876,osl_tokens,session_turn_index,876,tokens,5,55.8,49.9415658545064,2.0,4.4,8.0,55.0,75.0,113.4,126.19999999999999,136.44,139.0,279.0
876,context_length_tokens,session_turn_index,876,tokens,5,486477.4,290155.0702790492,203701.0,212335.8,225288.0,337882.0,759048.0,847500.0,876984.0,900571.2,906468.0,2432387.0
877,isl_tokens,session_turn_index,877,tokens,5,267.0,173.12769853492537,29.0,53.8,91.0,356.0,402.0,435.0,446.0,454.8,457.0,1335.0
877,osl_tokens,session_turn_index,877,tokens,5,149.4,164.64215742026707,2.0,12.0,27.0,32.0,272.0,357.20000000000005,385.59999999999997,408.32,414.0,747.0
877,context_length_tokens,session_turn_index,877,tokens,5,486800.2,290293.8413424577,203867.0,212469.0,225372.0,338286.0,759543.0,847977.0,877455.0,901037.4,906933.0,2434001.0
878,isl_tokens,session_turn_index,878,tokens,5,423.6,418.9456289305332,57.0,57.4,58.0,218.0,640.0,943.0,1044.0,1124.8,1145.0,2118.0
878,osl_tokens,session_turn_index,878,tokens,5,649.2,1240.0476442459783,8.0,8.0,8.0,47.0,54.0,1899.0000000000002,2513.9999999999995,3006.0,3129.0,3246.0
878,context_length_tokens,session_turn_index,878,tokens,5,487373.2,290622.8294311374,204338.0,212787.6,225462.0,338506.0,760960.0,848944.0,878272.0,901734.4,907600.0,2436866.0
879,isl_tokens,session_turn_index,879,tokens,5,234.6,273.19560757816,29.0,29.0,29.0,103.0,257.0,555.8000000000001,655.3999999999999,735.0799999999999,755.0,1173.0
879,osl_tokens,session_turn_index,879,tokens,5,43.4,42.88402966140192,6.0,11.600000000000001,20.0,32.0,32.0,89.0,107.99999999999999,123.2,127.0,217.0
879,context_length_tokens,session_turn_index,879,tokens,5,488257.0,291441.40564236924,204421.0,212867.8,225538.0,338617.0,764346.0,850756.2,879559.6,902602.3200000001,908363.0,2441285.0
880,isl_tokens,session_turn_index,880,tokens,5,162.2,149.55855040752434,15.0,31.8,57.0,98.0,209.0,342.8,387.4,423.08,432.0,811.0
880,osl_tokens,session_turn_index,880,tokens,5,157.6,172.02046389892107,2.0,4.4,8.0,46.0,334.0,372.4,385.2,395.44,398.0,788.0
880,context_length_tokens,session_turn_index,880,tokens,5,488462.6,291527.17237238795,204510.0,213017.6,225779.0,338721.0,764488.0,851084.2,879949.6,903041.9199999999,908815.0,2442313.0
881,isl_tokens,session_turn_index,881,tokens,5,142.0,77.21916860469297,59.0,62.2,67.0,122.0,208.0,235.6,244.79999999999998,252.16,254.0,710.0
881,osl_tokens,session_turn_index,881,tokens,5,122.2,132.53286384893372,6.0,6.8,8.0,55.0,192.0,286.8,318.4,343.68,350.0,611.0
881,context_length_tokens,session_turn_index,881,tokens,5,488762.2,291557.763298733,204764.0,213327.2,226172.0,338845.0,764953.0,851427.4,880252.2,903312.04,909077.0,2443811.0
882,isl_tokens,session_turn_index,882,tokens,5,122.8,119.34554872302526,29.0,40.6,58.0,69.0,101.0,254.60000000000002,305.79999999999995,346.76,357.0,614.0
882,osl_tokens,session_turn_index,882,tokens,5,112.4,130.53367381637582,8.0,17.6,32.0,54.0,102.0,260.40000000000003,313.19999999999993,355.44,366.0,562.0
882,context_length_tokens,session_turn_index,882,tokens,5,489007.2,291606.85668372066,205172.0,213605.6,226256.0,338952.0,765214.0,851750.8,880596.4,903672.88,909442.0,2445036.0
883,isl_tokens,session_turn_index,883,tokens,5,95.6,63.61006209712423,29.0,40.6,58.0,73.0,105.0,169.8,191.39999999999998,208.68,213.0,478.0
883,osl_tokens,session_turn_index,883,tokens,5,140.0,98.18961248523186,32.0,38.0,47.0,146.0,171.0,250.8,277.4,298.68,304.0,700.0
883,context_length_tokens,session_turn_index,883,tokens,5,489215.2,291736.8529578668,205255.0,213691.4,226346.0,339065.0,765653.0,852115.4,880936.2,903992.84,909757.0,2446076.0
884,isl_tokens,session_turn_index,884,tokens,5,148.6,121.5937498393729,29.0,40.2,57.0,90.0,208.0,298.6,328.79999999999995,352.96000000000004,359.0,743.0
884,osl_tokens,session_turn_index,884,tokens,5,187.0,194.34196664642457,8.0,17.6,32.0,46.0,418.0,425.8,428.4,430.48,431.0,935.0
884,context_length_tokens,session_turn_index,884,tokens,5,489503.8,291870.2662104518,205344.0,213775.2,226422.0,339459.0,766158.0,852544.8,881340.4,904376.88,910136.0,2447519.0
885,isl_tokens,session_turn_index,885,tokens,5,86.2,62.754760775577815,29.0,41.0,59.0,59.0,76.0,155.20000000000002,181.59999999999997,202.72,208.0,431.0
885,osl_tokens,session_turn_index,885,tokens,5,44.2,38.78865813610984,1.0,3.8000000000000003,8.0,32.0,89.0,90.2,90.6,90.92,91.0,221.0
885,context_length_tokens,session_turn_index,885,tokens,5,489777.0,291944.8344102015,205419.0,213856.6,226513.0,339949.0,766652.0,852872.0,881612.0,904604.0,910352.0,2448885.0
886,isl_tokens,session_turn_index,886,tokens,5,124.0,113.58697108383514,20.0,23.6,29.0,57.0,208.0,266.8,286.4,302.08,306.0,620.0
886,osl_tokens,session_turn_index,886,tokens,5,287.6,509.47682969885886,8.0,8.0,8.0,32.0,85.0,817.0000000000001,1060.9999999999998,1256.2,1305.0,1438.0
886,context_length_tokens,session_turn_index,886,tokens,5,489945.2,291958.00367134996,205508.0,213957.2,226631.0,340256.0,766763.0,853046.0,881807.0,904815.8,910568.0,2449726.0
887,isl_tokens,session_turn_index,887,tokens,5,122.8,74.17654615847249,29.0,43.0,64.0,103.0,208.0,209.2,209.6,209.92,210.0,614.0
887,osl_tokens,session_turn_index,887,tokens,5,80.2,108.73895346194941,6.0,6.8,8.0,32.0,61.0,200.8,247.39999999999995,284.67999999999995,294.0,401.0
887,context_length_tokens,session_turn_index,887,tokens,5,490355.6,292202.8923625501,205622.0,214122.4,226873.0,340367.0,768132.0,853723.2,882253.6,905077.9199999999,910784.0,2451778.0
888,isl_tokens,session_turn_index,888,tokens,5,97.8,58.07030222067042,44.0,50.0,59.0,80.0,98.0,164.0,186.0,203.6,208.0,489.0
888,osl_tokens,session_turn_index,888,tokens,5,754.0,1270.037322286239,8.0,23.200000000000003,46.0,87.0,346.0,2108.2000000000003,2695.5999999999995,3165.52,3283.0,3770.0
888,context_length_tokens,session_turn_index,888,tokens,5,490533.6,292275.4774732906,205713.0,214233.4,227014.0,340471.0,768470.0,853988.0,882494.0,905298.8,911000.0,2452668.0
889,isl_tokens,session_turn_index,889,tokens,5,151.2,223.6187827531489,29.0,31.0,34.0,37.0,58.0,382.00000000000006,489.9999999999999,576.4,598.0,756.0
889,osl_tokens,session_turn_index,889,tokens,5,41.0,30.48278202526797,8.0,11.6,17.0,32.0,55.0,77.80000000000001,85.39999999999999,91.47999999999999,93.0,205.0
889,context_length_tokens,session_turn_index,889,tokens,5,491438.8,292982.1849774488,205788.0,214440.0,227418.0,340595.0,771787.0,855678.4,883642.2,906013.24,911606.0,2457194.0
890,isl_tokens,session_turn_index,890,tokens,5,105.4,112.21515049225751,20.0,23.6,29.0,56.0,99.0,233.40000000000003,278.19999999999993,314.03999999999996,323.0,527.0
890,osl_tokens,session_turn_index,890,tokens,5,53.4,49.34612446788501,8.0,8.0,8.0,32.0,84.0,114.60000000000001,124.79999999999998,132.96,135.0,267.0
890,context_length_tokens,session_turn_index,890,tokens,5,491585.2,293058.01910365804,205876.0,214526.4,227502.0,340702.0,771900.0,855927.6,883936.7999999999,906344.16,911946.0,2457926.0
891,isl_tokens,session_turn_index,891,tokens,5,529.0,690.2622689963576,29.0,40.6,58.0,105.0,611.0,1349.6000000000001,1595.7999999999997,1792.76,1842.0,2645.0
891,osl_tokens,session_turn_index,891,tokens,5,607.8,981.9630135600831,18.0,23.6,32.0,47.0,390.0,1687.2000000000003,2119.5999999999995,2465.52,2552.0,3039.0
891,context_length_tokens,session_turn_index,891,tokens,5,492167.6,293564.37410394335,205989.0,214630.2,227592.0,340815.0,773877.0,857089.8,884827.4,907017.48,912565.0,2460838.0
892,isl_tokens,session_turn_index,892,tokens,5,110.6,134.2201177171291,23.0,25.4,29.0,57.0,67.0,253.00000000000003,314.99999999999994,364.59999999999997,377.0,553.0
892,osl_tokens,session_turn_index,892,tokens,5,576.0,630.8258079692048,32.0,37.6,46.0,519.0,521.0,1265.6000000000001,1513.7999999999997,1712.36,1762.0,2880.0
892,context_length_tokens,session_turn_index,892,tokens,5,492886.0,294107.5867528752,206078.0,214714.0,227668.0,341228.0,776496.0,858374.4,885667.2,907501.44,912960.0,2464430.0
893,isl_tokens,session_turn_index,893,tokens,5,180.0,179.13681921927719,49.0,51.8,56.0,67.0,210.0,394.80000000000007,456.4,505.68,518.0,900.0
893,osl_tokens,session_turn_index,893,tokens,5,441.2,279.3810301362639,89.0,104.2,127.0,551.0,703.0,722.8,729.4,734.68,736.0,2206.0
893,context_length_tokens,session_turn_index,893,tokens,5,493642.0,294747.67493569816,206334.0,214902.8,227756.0,341798.0,777082.0,859976.8,887608.4,909713.6799999999,915240.0,2468210.0
894,isl_tokens,session_turn_index,894,tokens,5,180.4,171.65500283999882,19.0,44.2,82.0,91.0,209.0,384.20000000000005,442.5999999999999,489.32,501.0,902.0
894,osl_tokens,session_turn_index,894,tokens,5,655.8,651.8728096799252,173.0,254.60000000000002,377.0,380.0,400.0,1329.4,1639.1999999999998,1887.04,1949.0,3279.0
894,context_length_tokens,session_turn_index,894,tokens,5,494263.6,295033.81222402287,206552.0,215152.8,228054.0,342431.0,778286.0,860911.4,888453.2,910486.64,915995.0,2471318.0
895,isl_tokens,session_turn_index,895,tokens,5,258.0,306.8524075186636,52.0,54.4,58.0,58.0,274.0,618.4000000000001,733.1999999999998,825.04,848.0,1290.0
895,osl_tokens,session_turn_index,895,tokens,5,451.4,467.43239083315564,54.0,54.4,55.0,177.0,729.0,1036.8000000000002,1139.3999999999999,1221.48,1242.0,2257.0
895,context_length_tokens,session_turn_index,895,tokens,5,495177.4,295421.0055379272,206987.0,215589.0,228492.0,343679.0,778511.0,862335.2,890276.6,912629.72,918218.0,2475887.0
896,isl_tokens,session_turn_index,896,tokens,5,91.6,128.71922933268362,23.0,25.0,28.0,29.0,29.0,221.00000000000003,284.99999999999994,336.2,349.0,458.0
896,osl_tokens,session_turn_index,896,tokens,5,242.2,362.18470426013295,32.0,32.0,32.0,68.0,115.0,624.4000000000001,794.1999999999998,930.04,964.0,1211.0
896,context_length_tokens,session_turn_index,896,tokens,5,495720.4,295775.316938111,207070.0,215672.4,228576.0,344436.0,779037.0,863304.6,891393.7999999999,913865.16,919483.0,2478602.0
897,isl_tokens,session_turn_index,897,tokens,5,183.8,139.15372794143894,57.0,57.4,58.0,135.0,242.0,353.0,390.0,419.6,427.0,919.0
897,osl_tokens,session_turn_index,897,tokens,5,207.0,283.818956378886,1.0,19.0,46.0,47.0,179.0,528.8000000000001,645.3999999999999,738.68,762.0,1035.0
897,context_length_tokens,session_turn_index,897,tokens,5,496146.4,296128.73455347086,207160.0,215762.0,228665.0,344746.0,779579.0,864180.8,892381.4,914941.88,920582.0,2480732.0
898,isl_tokens,session_turn_index,898,tokens,5,213.0,260.9482707357916,29.0,29.0,29.0,84.0,204.0,513.0,615.9999999999999,698.4,719.0,1065.0
898,osl_tokens,session_turn_index,898,tokens,5,533.6,728.546388365216,32.0,32.0,32.0,50.0,640.0,1404.4,1659.1999999999998,1863.04,1914.0,2668.0
898,context_length_tokens,session_turn_index,898,tokens,5,496566.4,296342.6665349423,207235.0,215837.4,228741.0,345466.0,779962.0,864841.6,893134.7999999999,915769.36,921428.0,2482832.0
899,isl_tokens,session_turn_index,899,tokens,5,169.0,216.02499855340818,57.0,57.4,58.0,63.0,66.0,387.00000000000006,493.9999999999999,579.6,601.0,845.0
899,osl_tokens,session_turn_index,899,tokens,5,354.6,539.1295206163359,1.0,35.800000000000004,88.0,94.0,162.0,921.6000000000001,1174.7999999999997,1377.36,1428.0,1773.0
899,context_length_tokens,session_turn_index,899,tokens,5,497269.0,296945.0073996867,207325.0,215927.0,228830.0,346117.0,780665.0,866310.8,894859.4,917698.28,923408.0,2486345.0
900,isl_tokens,session_turn_index,900,tokens,5,444.0,445.5136361549442,29.0,29.0,29.0,233.0,789.0,999.6,1069.8,1125.96,1140.0,2220.0
900,osl_tokens,session_turn_index,900,tokens,5,804.6,1255.1614398156119,32.0,32.0,32.0,239.0,422.0,2147.6000000000004,2722.7999999999993,3182.96,3298.0,4023.0
900,context_length_tokens,session_turn_index,900,tokens,5,498067.6,297423.9776518363,207448.0,216047.6,228947.0,346907.0,783233.0,867575.0,895689.0,918180.2,923803.0,2490338.0
901,isl_tokens,session_turn_index,901,tokens,5,99.0,56.6074200083346,58.0,61.6,67.0,77.0,82.0,159.4,185.2,205.83999999999997,211.0,495.0
901,osl_tokens,session_turn_index,901,tokens,5,182.0,215.22081683703368,4.0,20.8,46.0,68.0,200.0,435.20000000000005,513.5999999999999,576.3199999999999,592.0,910.0
901,context_length_tokens,session_turn_index,901,tokens,5,498971.2,298050.7658815189,207538.0,216198.8,229190.0,347406.0,786598.0,869113.6,896618.7999999999,918622.96,924124.0,2494856.0
902,isl_tokens,session_turn_index,902,tokens,5,124.4,136.29614814806763,29.0,39.4,55.0,63.0,80.0,269.0,331.99999999999994,382.4,395.0,622.0
902,osl_tokens,session_turn_index,902,tokens,5,383.6,277.94575010242556,32.0,68.0,122.0,415.0,565.0,696.4,740.1999999999999,775.24,784.0,1918.0
902,context_length_tokens,session_turn_index,902,tokens,5,499277.6,298168.67726949457,207613.0,216303.0,229338.0,347805.0,787245.0,869530.2,896958.6,918901.3200000001,924387.0,2496388.0
903,isl_tokens,session_turn_index,903,tokens,5,207.8,177.40056369696237,58.0,58.4,59.0,175.0,205.0,407.20000000000005,474.59999999999997,528.52,542.0,1039.0
903,osl_tokens,session_turn_index,903,tokens,5,297.8,455.07335672394623,9.0,27.400000000000002,55.0,81.0,140.0,778.4000000000001,991.1999999999998,1161.44,1204.0,1489.0
903,context_length_tokens,session_turn_index,903,tokens,5,499869.0,298402.6225615318,207704.0,216546.8,229811.0,348469.0,788204.0,870375.8,897766.4,919678.88,925157.0,2499345.0
904,isl_tokens,session_turn_index,904,tokens,5,249.8,309.1196532089152,29.0,39.8,56.0,126.0,179.0,587.0,722.9999999999999,831.8,859.0,1249.0
904,osl_tokens,session_turn_index,904,tokens,5,281.0,170.12113331388315,32.0,73.2,135.0,334.0,445.0,453.4,456.2,458.44,459.0,1405.0
904,context_length_tokens,session_turn_index,904,tokens,5,500416.6,298713.8895897544,207814.0,216657.2,229922.0,349337.0,788523.0,871301.4,898894.2,920968.44,926487.0,2502083.0
905,isl_tokens,session_turn_index,905,tokens,5,383.0,526.6714345775741,57.0,57.4,58.0,83.0,296.0,971.0000000000001,1195.9999999999998,1376.0,1421.0,1915.0
905,osl_tokens,session_turn_index,905,tokens,5,382.2,336.38751463156296,46.0,49.6,55.0,404.0,439.0,755.8000000000001,861.3999999999999,945.88,967.0,1911.0
905,context_length_tokens,session_turn_index,905,tokens,5,501080.6,298675.0879699209,207904.0,216867.6,230313.0,351203.0,788954.0,871799.0,899414.0,921506.0,927029.0,2505403.0
906,isl_tokens,session_turn_index,906,tokens,5,290.4,230.74800107476554,29.0,100.60000000000001,208.0,243.0,249.0,533.4000000000001,628.1999999999999,704.04,723.0,1452.0
906,osl_tokens,session_turn_index,906,tokens,5,472.0,569.9680692810782,32.0,52.0,82.0,297.0,365.0,1096.4,1340.1999999999998,1535.24,1584.0,2360.0
906,context_length_tokens,session_turn_index,906,tokens,5,501753.2,298913.12961019296,208158.0,217053.6,230397.0,352365.0,790164.0,872674.8,900178.4,922181.28,927682.0,2508766.0
907,isl_tokens,session_turn_index,907,tokens,5,93.4,59.885223553060236,43.0,48.6,57.0,67.0,91.0,161.8,185.39999999999998,204.28,209.0,467.0
907,osl_tokens,session_turn_index,907,tokens,5,330.6,177.53602451333646,47.0,134.2,265.0,363.0,385.0,509.8,551.4,584.6800000000001,593.0,1653.0
907,context_length_tokens,session_turn_index,907,tokens,5,502318.6,299311.4548470205,208331.0,217193.0,230486.0,352705.0,791815.0,873679.6,900967.7999999999,922798.36,928256.0,2511593.0
908,isl_tokens,session_turn_index,908,tokens,5,192.4,282.06708421933956,29.0,39.0,54.0,57.0,66.0,480.00000000000006,617.9999999999999,728.4,756.0,962.0
908,osl_tokens,session_turn_index,908,tokens,5,511.8,969.7511845829321,1.0,9.0,21.0,32.0,54.0,1492.2000000000003,1971.5999999999997,2355.12,2451.0,2559.0
908,context_length_tokens,session_turn_index,908,tokens,5,502841.6,299356.1630116207,208773.0,217488.6,230562.0,353726.0,792462.0,874195.8,901440.4,923236.08,928685.0,2514208.0
909,isl_tokens,session_turn_index,909,tokens,5,401.2,416.7999040306991,29.0,77.0,149.0,208.0,426.0,886.8000000000001,1040.3999999999999,1163.28,1194.0,2006.0
909,osl_tokens,session_turn_index,909,tokens,5,390.0,390.2342886010915,1.0,13.4,32.0,361.0,478.0,838.0,957.9999999999999,1054.0,1078.0,1950.0
909,context_length_tokens,session_turn_index,909,tokens,5,503754.6,300009.74008095136,208856.0,217634.4,230802.0,354153.0,796107.0,875755.8,902305.4,923545.08,928855.0,2518773.0
910,isl_tokens,session_turn_index,910,tokens,5,281.2,228.9274120764047,57.0,57.4,58.0,223.0,410.0,558.8,608.4,648.0799999999999,658.0,1406.0
910,osl_tokens,session_turn_index,910,tokens,5,230.4,178.10626041776297,46.0,49.6,55.0,176.0,387.0,447.6,467.79999999999995,483.96,488.0,1152.0
910,context_length_tokens,session_turn_index,910,tokens,5,504425.8,300396.12153847795,208945.0,217902.2,231338.0,354564.0,797408.0,876887.6,903380.7999999999,924575.36,929874.0,2522129.0
911,isl_tokens,session_turn_index,911,tokens,5,183.0,217.44792480039905,29.0,29.0,29.0,84.0,167.0,430.40000000000003,518.1999999999999,588.44,606.0,915.0
911,osl_tokens,session_turn_index,911,tokens,5,100.2,92.15074606317629,27.0,29.0,32.0,32.0,151.0,215.8,237.39999999999998,254.68,259.0,501.0
911,context_length_tokens,session_turn_index,911,tokens,5,504839.2,300496.12655300566,209020.0,217980.8,231422.0,355557.0,797751.0,877368.0,903907.0,925138.2,930446.0,2524196.0
912,isl_tokens,session_turn_index,912,tokens,5,323.0,430.52711877418363,57.0,57.0,57.0,157.0,165.0,773.4000000000001,976.1999999999998,1138.44,1179.0,1615.0
912,osl_tokens,session_turn_index,912,tokens,5,1000.4,1862.3634017022564,1.0,19.400000000000002,47.0,91.0,139.0,2890.0000000000005,3806.999999999999,4540.599999999999,4724.0,5002.0
912,context_length_tokens,session_turn_index,912,tokens,5,505262.4,300731.96256972756,209109.0,218069.8,231511.0,355981.0,799081.0,878010.4,904320.2,925368.04,930630.0,2526312.0
913,isl_tokens,session_turn_index,913,tokens,5,348.0,384.4195624574795,29.0,80.2,157.0,208.0,243.0,759.0000000000001,930.9999999999999,1068.6,1103.0,1740.0
913,osl_tokens,session_turn_index,913,tokens,5,273.4,231.42653261888535,8.0,17.6,32.0,342.0,354.0,520.2,575.5999999999999,619.9200000000001,631.0,1367.0
913,context_length_tokens,session_turn_index,913,tokens,5,506610.8,301608.3011638771,209408.0,218279.6,231587.0,357085.0,804048.0,880174.8,905550.4,925850.88,930926.0,2533054.0
914,isl_tokens,session_turn_index,914,tokens,5,113.6,58.58190847010705,56.0,60.4,67.0,81.0,157.0,187.0,197.0,205.0,207.0,568.0
914,osl_tokens,session_turn_index,914,tokens,5,256.8,306.50768342734904,6.0,6.8,8.0,54.0,439.0,641.8000000000001,709.3999999999999,763.48,777.0,1284.0
914,context_length_tokens,session_turn_index,914,tokens,5,506997.8,301626.12162636046,209818.0,218621.2,231826.0,357508.0,804746.0,880553.0,905822.0,926037.2,931091.0,2534989.0
915,isl_tokens,session_turn_index,915,tokens,5,240.8,328.8977956751915,29.0,40.6,58.0,67.0,157.0,598.6000000000001,745.7999999999998,863.56,893.0,1204.0
915,osl_tokens,session_turn_index,915,tokens,5,179.6,192.1672188485851,8.0,17.6,32.0,55.0,303.0,421.20000000000005,460.59999999999997,492.12,500.0,898.0
915,context_length_tokens,session_turn_index,915,tokens,5,507495.4,301643.18799177284,209901.0,218869.8,232323.0,358407.0,805590.0,880989.6,906122.7999999999,926229.36,931256.0,2537477.0
916,isl_tokens,session_turn_index,916,tokens,5,116.2,97.7719796260667,29.0,40.2,57.0,67.0,127.0,231.40000000000003,266.19999999999993,294.03999999999996,301.0,581.0
916,osl_tokens,session_turn_index,916,tokens,5,81.6,120.79172157064407,1.0,3.8000000000000003,8.0,32.0,46.0,211.00000000000003,265.99999999999994,310.0,321.0,408.0
916,context_length_tokens,session_turn_index,916,tokens,5,507791.2,301766.71460079885,209990.0,218956.8,232407.0,358837.0,806157.0,881401.8,906483.4,926548.6799999999,931565.0,2538956.0
917,isl_tokens,session_turn_index,917,tokens,5,377.0,386.01813428905126,29.0,40.6,58.0,157.0,620.0,860.6,940.8,1004.96,1021.0,1885.0
917,osl_tokens,session_turn_index,917,tokens,5,41.2,41.79665058350968,1.0,3.8000000000000003,8.0,32.0,47.0,89.60000000000001,103.79999999999998,115.16,118.0,206.0
917,context_length_tokens,session_turn_index,917,tokens,5,508249.8,301867.3011834173,210065.0,219037.8,232497.0,359859.0,807098.0,881877.2,906803.6,926744.72,931730.0,2541249.0
918,isl_tokens,session_turn_index,918,tokens,5,859.8,1389.7207489276398,29.0,41.4,60.0,157.0,428.0,2346.2000000000003,2985.5999999999995,3497.12,3625.0,4299.0
918,osl_tokens,session_turn_index,918,tokens,5,107.4,109.22563801598965,8.0,17.6,32.0,90.0,91.0,226.00000000000003,271.0,307.0,316.0,537.0
918,context_length_tokens,session_turn_index,918,tokens,5,509150.8,302582.993747104,210157.0,219123.4,232573.0,360288.0,810841.0,883473.4,907684.2,927052.84,931895.0,2545754.0
919,isl_tokens,session_turn_index,919,tokens,5,263.0,238.73332402494628,20.0,74.80000000000001,157.0,208.0,210.0,516.0,617.9999999999999,699.5999999999999,720.0,1315.0
919,osl_tokens,session_turn_index,919,tokens,5,328.8,379.0231655189429,6.0,7.6,10.0,248.0,340.0,760.0,899.9999999999999,1012.0,1040.0,1644.0
919,context_length_tokens,session_turn_index,919,tokens,5,509521.2,302446.3218102677,210455.0,219399.0,232815.0,361324.0,810952.0,883616.8,907838.4,927215.6799999999,932060.0,2547606.0
920,isl_tokens,session_turn_index,920,tokens,5,144.4,132.57541250171542,32.0,42.0,57.0,80.0,157.0,300.40000000000003,348.19999999999993,386.44,396.0,722.0
920,osl_tokens,session_turn_index,920,tokens,5,196.4,133.91878135646246,23.0,35.4,54.0,249.0,297.0,334.2,346.59999999999997,356.52,359.0,982.0
920,context_length_tokens,session_turn_index,920,tokens,5,509994.4,302528.8876709793,210852.0,219768.4,233143.0,361726.0,812024.0,884145.8,908186.4,927418.88,932227.0,2549972.0
921,isl_tokens,session_turn_index,921,tokens,5,376.6,352.0821495049131,29.0,55.8,96.0,157.0,721.0,816.4,848.1999999999999,873.64,880.0,1883.0
921,osl_tokens,session_turn_index,921,tokens,5,146.8,209.55896544886838,1.0,3.8000000000000003,8.0,32.0,139.0,388.0,470.99999999999994,537.4,554.0,734.0
921,context_length_tokens,session_turn_index,921,tokens,5,510567.4,302610.6728128405,210935.0,219975.4,233536.0,362806.0,813153.0,884705.4,908556.2,927636.84,932407.0,2552837.0
922,isl_tokens,session_turn_index,922,tokens,5,371.6,384.38553562796824,56.0,56.4,57.0,157.0,532.0,846.4000000000001,951.1999999999999,1035.04,1056.0,1858.0
922,osl_tokens,session_turn_index,922,tokens,5,120.6,187.36765996297225,1.0,3.8000000000000003,8.0,46.0,55.0,317.8,405.3999999999999,475.47999999999996,493.0,603.0
922,context_length_tokens,session_turn_index,922,tokens,5,511085.8,302714.5296456052,211024.0,220272.8,234146.0,363339.0,814348.0,885282.4,908927.2,927843.04,932572.0,2555429.0
923,isl_tokens,session_turn_index,923,tokens,5,253.6,384.28926604837665,29.0,29.0,29.0,37.0,157.0,672.4000000000001,844.1999999999998,981.64,1016.0,1268.0
923,osl_tokens,session_turn_index,923,tokens,5,104.8,130.1743446305761,8.0,17.6,32.0,32.0,93.0,252.60000000000002,305.79999999999995,348.36,359.0,524.0
923,context_length_tokens,session_turn_index,923,tokens,5,511460.0,302737.3724831475,211099.0,220351.4,234230.0,364356.0,814878.0,885593.4,909165.2,928022.64,932737.0,2557300.0
924,isl_tokens,session_turn_index,924,tokens,5,75.6,45.55699726715974,20.0,34.8,57.0,60.0,84.0,127.80000000000001,142.39999999999998,154.07999999999998,157.0,378.0
924,osl_tokens,session_turn_index,924,tokens,5,67.4,69.43947004406068,5.0,6.2,8.0,47.0,83.0,149.60000000000002,171.79999999999998,189.56,194.0,337.0
924,context_length_tokens,session_turn_index,924,tokens,5,511640.4,302728.3666150894,211191.0,220442.2,234319.0,364799.0,814991.0,885737.6,909319.7999999999,928185.56,932902.0,2558202.0
925,isl_tokens,session_turn_index,925,tokens,5,549.4,607.7241479487219,29.0,29.0,29.0,157.0,1017.0,1315.8000000000002,1415.3999999999999,1495.08,1515.0,2747.0
925,osl_tokens,session_turn_index,925,tokens,5,161.8,287.37181490187936,1.0,3.8000000000000003,8.0,32.0,32.0,454.4000000000001,595.1999999999998,707.8399999999999,736.0,809.0
925,context_length_tokens,session_turn_index,925,tokens,5,512257.2,302982.07854749425,211303.0,220539.8,234395.0,365821.0,816700.0,886520.2,909793.6,928412.32,933067.0,2561286.0
926,isl_tokens,session_turn_index,926,tokens,5,187.6,161.9723433182344,58.0,58.4,59.0,67.0,301.0,392.20000000000005,422.59999999999997,446.91999999999996,453.0,938.0
926,osl_tokens,session_turn_index,926,tokens,5,439.4,802.88220804798,8.0,8.0,8.0,46.0,91.0,1262.8000000000002,1653.3999999999996,1965.8799999999999,2044.0,2197.0
926,context_length_tokens,session_turn_index,926,tokens,5,512606.6,303150.8847597842,211394.0,220630.4,234485.0,366275.0,817503.0,887026.8,910201.4,928741.08,933376.0,2563033.0
927,isl_tokens,session_turn_index,927,tokens,5,306.4,387.5252765949597,29.0,44.2,67.0,157.0,208.0,725.8000000000001,898.3999999999999,1036.48,1071.0,1532.0
927,osl_tokens,session_turn_index,927,tokens,5,449.4,548.0972906336976,9.0,18.200000000000003,32.0,347.0,354.0,1044.6000000000001,1274.7999999999997,1458.96,1505.0,2247.0
927,context_length_tokens,session_turn_index,927,tokens,5,513352.4,303448.21656460594,211469.0,220795.0,234784.0,367354.0,819614.0,887970.2,910755.6,928983.92,933541.0,2566762.0
928,isl_tokens,session_turn_index,928,tokens,5,93.0,41.27953488110059,57.0,57.0,57.0,67.0,127.0,145.0,151.0,155.8,157.0,465.0
928,osl_tokens,session_turn_index,928,tokens,5,135.0,122.98455187542865,8.0,26.8,55.0,77.0,182.0,284.6,318.79999999999995,346.15999999999997,353.0,675.0
928,context_length_tokens,session_turn_index,928,tokens,5,513894.8,303673.72327641386,211558.0,221010.0,235188.0,367835.0,821186.0,888698.6,911202.7999999999,929206.16,933707.0,2569474.0
929,isl_tokens,session_turn_index,929,tokens,5,182.8,252.21609782089644,22.0,24.8,29.0,29.0,157.0,469.00000000000006,572.9999999999999,656.2,677.0,914.0
929,osl_tokens,session_turn_index,929,tokens,5,109.0,120.3594616139504,8.0,17.6,32.0,32.0,142.0,255.40000000000003,293.19999999999993,323.44,331.0,545.0
929,context_length_tokens,session_turn_index,929,tokens,5,514212.6,303625.23136103165,211664.0,221107.2,235272.0,368865.0,821390.0,888879.2,911375.6,929372.72,933872.0,2571063.0
930,isl_tokens,session_turn_index,930,tokens,5,86.0,37.48066168039193,57.0,58.2,60.0,65.0,91.0,130.60000000000002,143.79999999999998,154.36,157.0,430.0
930,osl_tokens,session_turn_index,930,tokens,5,127.0,201.79692762775156,5.0,6.2,8.0,46.0,47.0,336.20000000000005,432.5999999999999,509.71999999999997,529.0,635.0
930,context_length_tokens,session_turn_index,930,tokens,5,514407.6,303637.707461771,211753.0,221197.4,235364.0,369287.0,821597.0,889061.0,911549.0,929539.4,934037.0,2572038.0
931,isl_tokens,session_turn_index,931,tokens,5,183.4,230.59366860345494,29.0,29.0,29.0,67.0,157.0,443.80000000000007,539.3999999999999,615.88,635.0,917.0
931,osl_tokens,session_turn_index,931,tokens,5,183.8,329.80745898175195,4.0,5.6,8.0,32.0,32.0,518.6000000000001,680.7999999999998,810.56,843.0,919.0
931,context_length_tokens,session_turn_index,931,tokens,5,514718.0,303713.90779679484,211828.0,221272.8,235440.0,369927.0,822193.0,889398.4,911800.2,929721.64,934202.0,2573590.0
932,isl_tokens,session_turn_index,932,tokens,5,288.0,232.33682445966244,58.0,97.6,157.0,209.0,288.0,552.0,640.0,710.4,728.0,1440.0
932,osl_tokens,session_turn_index,932,tokens,5,146.4,184.51948406604654,1.0,3.8000000000000003,8.0,102.0,118.0,349.0,425.99999999999994,487.59999999999997,503.0,732.0
932,context_length_tokens,session_turn_index,932,tokens,5,515189.8,303854.30241706304,212069.0,221453.4,235530.0,370659.0,823324.0,889949.8,912158.4,929925.28,934367.0,2575949.0
933,isl_tokens,session_turn_index,933,tokens,5,153.0,121.56150706535355,29.0,53.8,91.0,106.0,157.0,292.0,337.0,373.0,382.0,765.0
933,osl_tokens,session_turn_index,933,tokens,5,123.6,144.63415917410381,4.0,5.6,8.0,32.0,200.0,304.40000000000003,339.19999999999993,367.03999999999996,374.0,618.0
933,context_length_tokens,session_turn_index,933,tokens,5,515489.2,303921.13875109114,212278.0,221631.2,235661.0,371042.0,823933.0,890292.4,912412.2,930108.04,934532.0,2577446.0
934,isl_tokens,session_turn_index,934,tokens,5,309.2,345.4049217946959,58.0,86.0,128.0,157.0,210.0,679.8000000000001,836.3999999999999,961.68,993.0,1546.0
934,osl_tokens,session_turn_index,934,tokens,5,117.6,112.05105978972264,8.0,26.400000000000002,54.0,61.0,140.0,251.0,288.0,317.6,325.0,588.0
934,context_length_tokens,session_turn_index,934,tokens,5,515922.0,303807.8058707511,212710.0,221987.2,235903.0,372039.0,824261.0,890522.6,912609.7999999999,930279.56,934697.0,2579610.0
935,isl_tokens,session_turn_index,935,tokens,5,133.2,82.26396537974571,29.0,49.400000000000006,80.0,127.0,157.0,226.60000000000002,249.79999999999998,268.36,273.0,666.0
935,osl_tokens,session_turn_index,935,tokens,5,241.8,187.30979686070881,8.0,17.6,32.0,304.0,424.0,434.2,437.6,440.32,441.0,1209.0
935,context_length_tokens,session_turn_index,935,tokens,5,516172.8,303851.78751713806,212793.0,222093.4,236044.0,372491.0,824674.0,890786.8,912824.4,930454.48,934862.0,2580864.0
936,isl_tokens,session_turn_index,936,tokens,5,461.4,429.7481122704322,58.0,58.4,59.0,301.0,714.0,990.6,1082.8,1156.56,1175.0,2307.0
936,osl_tokens,session_turn_index,936,tokens,5,242.6,430.19511852181677,2.0,4.4,8.0,46.0,55.0,683.2,892.5999999999998,1060.12,1102.0,1213.0
936,context_length_tokens,session_turn_index,936,tokens,5,516876.0,304019.88324318524,212883.0,222347.4,236544.0,373629.0,826153.0,891563.8,913367.4,930810.28,935171.0,2584380.0
937,isl_tokens,session_turn_index,937,tokens,5,307.2,391.69855756691265,29.0,42.2,62.0,157.0,208.0,731.2,905.5999999999998,1045.12,1080.0,1536.0
937,osl_tokens,session_turn_index,937,tokens,5,51.2,48.69250455665636,1.0,3.8000000000000003,8.0,32.0,88.0,111.4,119.19999999999999,125.44,127.0,256.0
937,context_length_tokens,session_turn_index,937,tokens,5,517425.8,304136.9945898723,212958.0,222497.6,236807.0,374711.0,827317.0,892128.4,913732.2,931015.24,935336.0,2587129.0
938,isl_tokens,session_turn_index,938,tokens,5,170.0,134.45296575382784,15.0,31.8,57.0,157.0,227.0,327.20000000000005,360.59999999999997,387.32,394.0,850.0
938,osl_tokens,session_turn_index,938,tokens,5,185.6,202.96856899530036,2.0,4.4,8.0,86.0,305.0,438.20000000000005,482.59999999999997,518.12,527.0,928.0
938,context_length_tokens,session_turn_index,938,tokens,5,517647.0,304098.2778530651,213047.0,222677.0,237122.0,375106.0,827459.0,892284.2,913892.6,931179.32,935501.0,2588235.0
939,isl_tokens,session_turn_index,939,tokens,5,310.6,368.48804593907795,57.0,70.2,90.0,157.0,209.0,707.6000000000001,873.7999999999998,1006.76,1040.0,1553.0
939,osl_tokens,session_turn_index,939,tokens,5,198.8,143.1298710961482,8.0,26.8,55.0,238.0,337.0,348.4,352.2,355.24,356.0,994.0
939,context_length_tokens,session_turn_index,939,tokens,5,518143.2,303959.70115947933,213342.0,223087.6,237706.0,376148.0,827854.0,892541.2,914103.6,931353.52,935666.0,2590716.0
940,isl_tokens,session_turn_index,940,tokens,5,126.8,99.65219515896275,29.0,40.2,57.0,84.0,157.0,247.0,277.0,301.0,307.0,634.0
940,osl_tokens,session_turn_index,940,tokens,5,104.8,100.51547144594208,8.0,17.6,32.0,54.0,148.0,228.4,255.2,276.64,282.0,524.0
940,context_length_tokens,session_turn_index,940,tokens,5,518468.8,303980.51399219653,213736.0,223357.6,237790.0,376588.0,828399.0,892858.2,914344.6,931533.72,935831.0,2592344.0
941,isl_tokens,session_turn_index,941,tokens,5,213.0,257.1419841255022,29.0,40.6,58.0,101.0,157.0,494.80000000000007,607.3999999999999,697.48,720.0,1065.0
941,osl_tokens,session_turn_index,941,tokens,5,31.2,22.5867217630182,5.0,6.2,8.0,32.0,47.0,57.2,60.599999999999994,63.32,64.0,156.0
941,context_length_tokens,session_turn_index,941,tokens,5,518786.6,303949.9976914624,213819.0,223443.4,237880.0,377590.0,828648.0,893056.8,914526.4,931702.08,935996.0,2593933.0
942,isl_tokens,session_turn_index,942,tokens,5,169.4,108.60128912678707,29.0,41.0,59.0,195.0,259.0,286.6,295.8,303.15999999999997,305.0,847.0
942,osl_tokens,session_turn_index,942,tokens,5,538.6,738.7788843761034,32.0,37.6,46.0,291.0,328.0,1328.8000000000002,1662.3999999999996,1929.28,1996.0,2693.0
942,context_length_tokens,session_turn_index,942,tokens,5,518987.2,304015.00194391725,213910.0,223528.4,237956.0,377900.0,828907.0,893320.6,914791.7999999999,931968.76,936263.0,2594936.0
943,isl_tokens,session_turn_index,943,tokens,5,566.8,527.4589652285758,29.0,101.0,209.0,362.0,713.0,1197.8000000000002,1359.3999999999999,1488.6799999999998,1521.0,2834.0
943,osl_tokens,session_turn_index,943,tokens,5,183.6,160.86590689142307,2.0,14.0,32.0,184.0,255.0,369.0,407.0,437.4,445.0,918.0
943,context_length_tokens,session_turn_index,943,tokens,5,520092.6,304969.4083626094,213985.0,223669.8,238197.0,378904.0,829597.0,895706.8,917743.4,935372.6799999999,939780.0,2600463.0
944,isl_tokens,session_turn_index,944,tokens,5,193.8,152.58623791154955,58.0,58.0,58.0,104.0,319.0,385.6,407.79999999999995,425.56,430.0,969.0
944,osl_tokens,session_turn_index,944,tokens,5,113.0,82.18272324521742,7.0,26.200000000000003,55.0,88.0,189.0,211.2,218.6,224.51999999999998,226.0,565.0
944,context_length_tokens,session_turn_index,944,tokens,5,520470.0,305014.17209238,214075.0,223925.0,238700.0,379336.0,830171.0,896109.2,918088.6,935672.12,940068.0,2602350.0
945,isl_tokens,session_turn_index,945,tokens,5,336.6,302.3286952970227,29.0,100.2,207.0,232.0,301.0,668.8000000000001,791.3999999999999,889.48,914.0,1683.0
945,osl_tokens,session_turn_index,945,tokens,5,541.8,908.6384099299347,2.0,14.0,32.0,75.0,249.0,1510.2000000000003,1930.5999999999997,2266.92,2351.0,2709.0
945,context_length_tokens,session_turn_index,945,tokens,5,520919.6,305260.9813661746,214370.0,224135.6,238784.0,379644.0,831274.0,896825.2,918675.6,936155.92,940526.0,2604598.0
946,isl_tokens,session_turn_index,946,tokens,5,253.0,311.0041800362175,58.0,71.2,91.0,108.0,135.0,577.8000000000001,725.3999999999999,843.48,873.0,1265.0
946,osl_tokens,session_turn_index,946,tokens,5,873.2,1338.1242692664982,47.0,102.6,186.0,232.0,359.0,2268.8,2905.3999999999996,3414.68,3542.0,4366.0
946,context_length_tokens,session_turn_index,946,tokens,5,521714.4,305734.5822720093,214536.0,224271.2,238874.0,380519.0,833760.0,898033.8,919458.4,936598.08,940883.0,2608572.0
947,isl_tokens,session_turn_index,947,tokens,5,210.8,323.79586161654385,29.0,36.6,48.0,57.0,62.0,539.6000000000001,698.7999999999998,826.16,858.0,1054.0
947,osl_tokens,session_turn_index,947,tokens,5,161.0,219.8226557932553,1.0,13.4,32.0,54.0,125.0,405.80000000000007,499.3999999999999,574.28,593.0,805.0
947,context_length_tokens,session_turn_index,947,tokens,5,522798.4,306870.59231708734,214952.0,224551.2,238950.0,380799.0,834008.0,900773.0,923028.0,940832.0,945283.0,2613992.0
948,isl_tokens,session_turn_index,948,tokens,5,367.2,422.84673346261053,29.0,71.4,135.0,209.0,265.0,824.8000000000001,1011.3999999999999,1160.6799999999998,1198.0,1836.0
948,osl_tokens,session_turn_index,948,tokens,5,354.8,292.63998359759387,32.0,69.2,125.0,366.0,376.0,675.4000000000001,775.1999999999999,855.04,875.0,1774.0
948,context_length_tokens,session_turn_index,948,tokens,5,523326.6,307330.937555333,215035.0,224697.4,239191.0,381065.0,834268.0,901951.6,924512.7999999999,942561.76,947074.0,2616633.0
949,isl_tokens,session_turn_index,949,tokens,5,283.4,400.28869581840553,58.0,58.0,58.0,84.0,135.0,703.2,892.5999999999998,1044.12,1082.0,1417.0
949,osl_tokens,session_turn_index,949,tokens,5,72.6,50.693589338298,1.0,19.0,46.0,55.0,130.0,130.6,130.8,130.96,131.0,363.0
949,context_length_tokens,session_turn_index,949,tokens,5,523964.8,307416.9653928683,215125.0,224921.0,239615.0,382523.0,834528.0,902631.0,925332.0,943492.8,948033.0,2619824.0
950,isl_tokens,session_turn_index,950,tokens,5,495.4,788.1432864650944,29.0,29.0,29.0,159.0,194.0,1317.2000000000003,1691.5999999999997,1991.12,2066.0,2477.0
950,osl_tokens,session_turn_index,950,tokens,5,834.4,1206.979138179281,13.0,20.6,32.0,32.0,957.0,2265.6000000000004,2701.7999999999993,3050.7599999999998,3138.0,4172.0
950,context_length_tokens,session_turn_index,950,tokens,5,524532.8,307342.54555944575,215200.0,224999.6,239699.0,384590.0,834852.0,902934.6,925628.7999999999,943784.16,948323.0,2622664.0
951,isl_tokens,session_turn_index,951,tokens,5,415.0,537.5336268551019,58.0,58.0,58.0,137.0,354.0,1022.4000000000001,1245.1999999999998,1423.44,1468.0,2075.0
951,osl_tokens,session_turn_index,951,tokens,5,990.6,1178.0068930188822,1.0,19.400000000000002,47.0,88.0,2067.0,2476.8,2613.3999999999996,2722.68,2750.0,4953.0
951,context_length_tokens,session_turn_index,951,tokens,5,525782.2,307199.3034337155,215290.0,225089.6,239789.0,389196.0,836163.0,903549.0,926011.0,943980.6,948473.0,2628911.0
952,isl_tokens,session_turn_index,952,tokens,5,599.4,718.9471746936626,29.0,29.0,29.0,431.0,530.0,1398.8000000000002,1688.3999999999996,1920.08,1978.0,2997.0
952,osl_tokens,session_turn_index,952,tokens,5,746.8,886.1851725232148,8.0,17.6,32.0,32.0,1768.0,1843.6,1868.8,1888.96,1894.0,3734.0
952,context_length_tokens,session_turn_index,952,tokens,5,527372.2,308393.29881331726,215407.0,225190.2,239865.0,391175.0,838661.0,906516.2,929134.6,947229.32,951753.0,2636861.0
953,isl_tokens,session_turn_index,953,tokens,5,236.6,155.6670806561233,59.0,68.6,83.0,208.0,401.0,419.6,425.8,430.76,432.0,1183.0
953,osl_tokens,session_turn_index,953,tokens,5,586.6,739.8136522125014,7.0,22.6,46.0,347.0,516.0,1416.6000000000001,1716.7999999999997,1956.96,2017.0,2933.0
953,context_length_tokens,session_turn_index,953,tokens,5,528355.6,309282.318294855,215498.0,225340.8,240105.0,391584.0,840861.0,908582.4,931156.2,949215.24,953730.0,2641778.0
954,isl_tokens,session_turn_index,954,tokens,5,121.4,91.73352713157823,29.0,41.0,59.0,67.0,177.0,235.8,255.39999999999998,271.08,275.0,607.0
954,osl_tokens,session_turn_index,954,tokens,5,206.8,244.26821324110102,2.0,14.0,32.0,55.0,297.0,507.6,577.8,633.96,648.0,1034.0
954,context_length_tokens,session_turn_index,954,tokens,5,529063.6,309778.7252653739,215573.0,225548.2,240511.0,391866.0,842945.0,909831.8,932127.4,949963.88,954423.0,2645318.0
955,isl_tokens,session_turn_index,955,tokens,5,253.6,300.9163338870125,29.0,51.0,84.0,102.0,209.0,590.0,716.9999999999999,818.6,844.0,1268.0
955,osl_tokens,session_turn_index,955,tokens,5,140.0,153.4457558878707,2.0,14.0,32.0,50.0,202.0,329.20000000000005,371.59999999999997,405.52,414.0,700.0
955,context_length_tokens,session_turn_index,955,tokens,5,529524.0,309921.34326180245,215814.0,225726.4,240595.0,392712.0,843344.0,910430.6,932792.7999999999,950682.56,955155.0,2647620.0
956,isl_tokens,session_turn_index,956,tokens,5,130.0,67.68456249396904,57.0,57.8,59.0,126.0,176.0,209.60000000000002,220.79999999999998,229.76,232.0,650.0
956,osl_tokens,session_turn_index,956,tokens,5,49.2,47.57057914299552,2.0,4.4,8.0,47.0,54.0,102.60000000000001,118.79999999999998,131.76,135.0,246.0
956,context_length_tokens,session_turn_index,956,tokens,5,529794.0,309916.8597240234,216287.0,226045.8,240684.0,392946.0,843672.0,910697.4,933039.2,950912.64,955381.0,2648970.0
957,isl_tokens,session_turn_index,957,tokens,5,229.8,312.15214239213543,29.0,29.0,29.0,100.0,143.0,566.0,706.9999999999999,819.8,848.0,1149.0
957,osl_tokens,session_turn_index,957,tokens,5,57.6,79.68588331693388,1.0,3.8000000000000003,8.0,32.0,32.0,141.8,178.39999999999998,207.68,215.0,288.0
957,context_length_tokens,session_turn_index,957,tokens,5,530073.0,309900.0307015151,216370.0,226126.0,240760.0,393796.0,843907.0,910882.0,933207.0,951067.0,955532.0,2650365.0
958,isl_tokens,session_turn_index,958,tokens,5,182.0,80.03749121505496,57.0,100.2,165.0,174.0,208.0,266.8,286.4,302.08,306.0,910.0
958,osl_tokens,session_turn_index,958,tokens,5,118.4,127.72877514483571,2.0,9.2,20.0,46.0,185.0,277.40000000000003,308.2,332.84000000000003,339.0,592.0
958,context_length_tokens,session_turn_index,958,tokens,5,530312.6,309937.1526168491,216459.0,226275.4,241000.0,394103.0,844287.0,911143.2,933428.6,951256.92,955714.0,2651563.0
959,isl_tokens,session_turn_index,959,tokens,5,184.0,129.69965304502554,29.0,40.2,57.0,190.0,268.0,332.8,354.4,371.68,376.0,920.0
959,osl_tokens,session_turn_index,959,tokens,5,117.0,109.1146186356347,19.0,24.2,32.0,55.0,173.0,252.8,279.4,300.68,306.0,585.0
959,context_length_tokens,session_turn_index,959,tokens,5,530615.0,309964.2661933791,216534.0,226478.8,241396.0,394481.0,844740.0,911450.4,933687.2,951476.64,955924.0,2653075.0
960,isl_tokens,session_turn_index,960,tokens,5,273.4,164.69681235530942,59.0,111.4,190.0,209.0,374.0,470.6,502.79999999999995,528.56,535.0,1367.0
960,osl_tokens,session_turn_index,960,tokens,5,72.8,60.42317436216009,4.0,7.2,12.0,87.0,92.0,138.20000000000002,153.6,165.92000000000002,169.0,364.0
960,context_length_tokens,session_turn_index,960,tokens,5,531005.4,310029.64628860896,216625.0,226639.0,241660.0,395189.0,845420.0,911847.8,933990.4,951704.48,956133.0,2655027.0
961,isl_tokens,session_turn_index,961,tokens,5,308.2,255.08696556272724,29.0,97.0,199.0,258.0,266.0,579.8000000000001,684.3999999999999,768.0799999999999,789.0,1541.0
961,osl_tokens,session_turn_index,961,tokens,5,496.6,700.7109532467721,2.0,14.0,32.0,122.0,469.0,1302.4,1580.1999999999998,1802.44,1858.0,2483.0
961,context_length_tokens,session_turn_index,961,tokens,5,531386.4,310196.51928453357,216746.0,226826.0,241946.0,395459.0,846378.0,912393.0,934398.0,952002.0,956403.0,2656932.0
962,isl_tokens,session_turn_index,962,tokens,5,375.4,533.5179847015469,58.0,58.0,58.0,62.0,269.0,965.6000000000001,1197.7999999999997,1383.56,1430.0,1877.0
962,osl_tokens,session_turn_index,962,tokens,5,86.2,66.4993233048277,9.0,23.8,46.0,55.0,125.0,167.60000000000002,181.79999999999998,193.16,196.0,431.0
962,context_length_tokens,session_turn_index,962,tokens,5,532258.4,310871.5157428226,216836.0,227090.8,242473.0,395730.0,848298.0,914092.2,936023.6,953568.72,957955.0,2661292.0
963,isl_tokens,session_turn_index,963,tokens,5,218.6,311.1768628931142,15.0,20.6,29.0,29.0,193.0,573.4000000000001,700.1999999999998,801.64,827.0,1093.0
963,osl_tokens,session_turn_index,963,tokens,5,41.0,47.18474329695988,1.0,3.8000000000000003,8.0,32.0,32.0,92.0,111.99999999999999,128.0,132.0,205.0
963,context_length_tokens,session_turn_index,963,tokens,5,532563.2,310902.33988659526,216911.0,227169.4,242557.0,396566.0,848438.0,914381.6,936362.7999999999,953947.76,958344.0,2662816.0
964,isl_tokens,session_turn_index,964,tokens,5,938.0,1544.6329013717143,57.0,57.4,58.0,268.0,286.0,2527.0000000000005,3273.9999999999995,3871.6,4021.0,4690.0
964,osl_tokens,session_turn_index,964,tokens,5,47.2,37.84917436351815,2.0,4.4,8.0,47.0,88.0,89.8,90.4,90.88,91.0,236.0
964,context_length_tokens,session_turn_index,964,tokens,5,533542.2,311771.1869184835,217001.0,227259.0,242646.0,396835.0,852591.0,916219.2,937428.6,954396.12,958638.0,2667711.0
965,isl_tokens,session_turn_index,965,tokens,5,240.4,315.3287807987086,20.0,23.6,29.0,29.0,286.0,617.2,727.5999999999999,815.92,838.0,1202.0
965,osl_tokens,session_turn_index,965,tokens,5,173.6,310.95118587971325,1.0,3.8000000000000003,8.0,32.0,32.0,489.80000000000007,642.3999999999999,764.48,795.0,868.0
965,context_length_tokens,session_turn_index,965,tokens,5,533829.8,311762.60372944025,217118.0,227359.6,242722.0,397675.0,852702.0,916440.0,937686.0,954682.8,958932.0,2669149.0
966,isl_tokens,session_turn_index,966,tokens,5,76.2,76.56474384467045,9.0,18.200000000000003,32.0,57.0,58.0,158.20000000000002,191.59999999999997,218.32,225.0,381.0
966,osl_tokens,session_turn_index,966,tokens,5,131.8,126.13706830269999,2.0,19.6,46.0,91.0,158.0,280.40000000000003,321.19999999999993,353.84000000000003,362.0,659.0
966,context_length_tokens,session_turn_index,966,tokens,5,534079.6,311881.8832658287,217208.0,227449.2,242811.0,397901.0,853529.0,916781.0,937865.0,954732.2,958949.0,2670398.0
967,isl_tokens,session_turn_index,967,tokens,5,581.6,1014.1677573261733,20.0,23.6,29.0,29.0,226.0,1652.8000000000002,2128.3999999999996,2508.88,2604.0,2908.0
967,osl_tokens,session_turn_index,967,tokens,5,250.0,312.46183766981846,2.0,14.0,32.0,32.0,371.0,636.2,724.5999999999999,795.3199999999999,813.0,1250.0
967,context_length_tokens,session_turn_index,967,tokens,5,534793.0,312669.92766174366,217283.0,227542.2,242931.0,398129.0,853707.0,918631.8,940273.4,957586.6799999999,961915.0,2673965.0
968,isl_tokens,session_turn_index,968,tokens,5,236.2,310.40064432922816,20.0,32.4,51.0,58.0,209.0,589.4000000000001,716.1999999999998,817.64,843.0,1181.0
968,osl_tokens,session_turn_index,968,tokens,5,497.4,435.3906751413034,79.0,116.6,173.0,371.0,562.0,1006.0,1154.0,1272.4,1302.0,2487.0
968,context_length_tokens,session_turn_index,968,tokens,5,535279.2,312815.9897776327,217373.0,227692.6,243172.0,398974.0,854571.0,919212.0,940759.0,957996.6,962306.0,2676396.0
969,isl_tokens,session_turn_index,969,tokens,5,617.2,1039.5580599466296,43.0,48.6,57.0,84.0,209.0,1699.4000000000003,2196.2,2593.64,2693.0,3086.0
969,osl_tokens,session_turn_index,969,tokens,5,193.8,236.14690343089404,2.0,23.200000000000003,55.0,93.0,165.0,458.40000000000003,556.1999999999999,634.44,654.0,969.0
969,context_length_tokens,session_turn_index,969,tokens,5,536393.8,313818.8530559628,217661.0,228036.6,243600.0,399231.0,855916.0,921703.0,943632.0,961175.2,965561.0,2681969.0
970,isl_tokens,session_turn_index,970,tokens,5,141.8,124.48196656544272,20.0,23.6,29.0,91.0,227.0,296.0,319.0,337.4,342.0,709.0
970,osl_tokens,session_turn_index,970,tokens,5,174.8,199.9853994670611,1.0,13.4,32.0,129.0,154.0,396.40000000000003,477.19999999999993,541.8399999999999,558.0,874.0
970,context_length_tokens,session_turn_index,970,tokens,5,536729.4,314026.6999199909,217917.0,228223.8,243684.0,399460.0,856029.0,922345.8,944451.4,962135.88,966557.0,2683647.0
971,isl_tokens,session_turn_index,971,tokens,5,411.4,489.24987480836415,57.0,57.0,57.0,127.0,477.0,994.2,1166.6,1304.52,1339.0,2057.0
971,osl_tokens,session_turn_index,971,tokens,5,276.8,259.5437535368555,47.0,49.8,54.0,174.0,368.0,591.8000000000001,666.3999999999999,726.0799999999999,741.0,1384.0
971,context_length_tokens,session_turn_index,971,tokens,5,537315.6,313993.155691394,218532.0,228628.4,243773.0,400800.0,856285.0,922826.8,945007.4,962751.88,967188.0,2686578.0
972,isl_tokens,session_turn_index,972,tokens,5,255.0,265.05622045143554,29.0,29.0,29.0,67.0,508.0,588.4,615.1999999999999,636.64,642.0,1275.0
972,osl_tokens,session_turn_index,972,tokens,5,447.8,628.4801985743068,32.0,32.0,32.0,135.0,358.0,1152.4,1417.1999999999998,1629.04,1682.0,2239.0
972,context_length_tokens,session_turn_index,972,tokens,5,537847.4,314117.2982760421,218615.0,228708.6,243849.0,402183.0,856720.0,923410.0,945640.0,963424.0,967870.0,2689237.0
973,isl_tokens,session_turn_index,973,tokens,5,135.4,56.61660533801015,58.0,72.4,94.0,127.0,190.0,200.8,204.4,207.28,208.0,677.0
973,osl_tokens,session_turn_index,973,tokens,5,162.0,174.25383783435015,7.0,7.4,8.0,46.0,362.0,377.0,382.0,386.0,387.0,810.0
973,context_length_tokens,session_turn_index,973,tokens,5,538430.6,314104.50700147555,218705.0,228858.6,244089.0,403959.0,856982.0,923843.6,946130.7999999999,963960.56,968418.0,2692153.0
974,isl_tokens,session_turn_index,974,tokens,5,256.0,274.2998359459954,29.0,40.6,58.0,67.0,388.0,598.0,668.0,724.0,738.0,1280.0
974,osl_tokens,session_turn_index,974,tokens,5,207.6,134.29311225822417,32.0,41.2,55.0,309.0,316.0,322.0,324.0,325.6,326.0,1038.0
974,context_length_tokens,session_turn_index,974,tokens,5,538848.6,314147.30913353374,218780.0,229071.6,244509.0,404704.0,857436.0,924262.8,946538.4,964358.88,968814.0,2694243.0
975,isl_tokens,session_turn_index,975,tokens,5,320.0,491.44602959022876,29.0,40.2,57.0,96.0,117.0,827.4000000000001,1064.1999999999998,1253.6399999999999,1301.0,1600.0
975,osl_tokens,session_turn_index,975,tokens,5,77.0,89.37784960492169,1.0,7.0,16.0,32.0,91.0,183.40000000000003,214.2,238.84,245.0,385.0
975,context_length_tokens,session_turn_index,975,tokens,5,539376.2,314606.16385023354,218869.0,229158.6,244593.0,405130.0,857848.0,925403.8,947922.4,965937.28,970441.0,2696881.0
976,isl_tokens,session_turn_index,976,tokens,5,727.0,1161.2856668365455,58.0,84.4,124.0,193.0,213.0,1913.4000000000003,2480.1999999999994,2933.64,3047.0,3635.0
976,osl_tokens,session_turn_index,976,tokens,5,163.0,230.06694677854097,1.0,3.8000000000000003,8.0,47.0,148.0,425.80000000000007,518.3999999999999,592.48,611.0,815.0
976,context_length_tokens,session_turn_index,976,tokens,5,540180.2,314401.16199874325,219173.0,229377.0,244683.0,408178.0,858217.0,925676.8,948163.4,966152.6799999999,970650.0,2700901.0
977,isl_tokens,session_turn_index,977,tokens,4,579.75,658.6844369650767,57.0,119.70000000000002,213.75,276.0,642.0,1282.8000000000002,1496.3999999999994,1667.2799999999997,1710.0,2319.0
977,osl_tokens,session_turn_index,977,tokens,4,73.5,61.259693110560065,8.0,21.800000000000004,42.5,56.0,87.0,139.20000000000002,156.59999999999997,170.51999999999998,174.0,294.0
977,context_length_tokens,session_turn_index,977,tokens,4,614826.25,309948.8797135545,219841.0,276855.4,362377.0,634260.0,886709.25,937250.1,954097.0499999999,967574.61,970944.0,2459305.0
978,isl_tokens,session_turn_index,978,tokens,4,440.25,398.140914124635,29.0,106.10000000000001,221.75,317.0,535.5,873.0000000000001,985.4999999999998,1075.4999999999998,1098.0,1761.0
978,osl_tokens,session_turn_index,978,tokens,4,164.0,156.27059864222701,8.0,15.200000000000001,26.0,127.5,265.5,342.0,367.49999999999994,387.9,393.0,656.0
978,context_length_tokens,session_turn_index,978,tokens,4,615340.0,309918.7092827731,219924.0,277260.3,363264.75,635099.0,887174.25,937612.5,954425.25,967875.45,971238.0,2461360.0
979,isl_tokens,session_turn_index,979,tokens,4,320.75,423.2578262714111,59.0,59.6,60.5,85.5,345.75,770.1000000000001,911.5499999999996,1024.7099999999998,1053.0,1283.0
979,osl_tokens,session_turn_index,979,tokens,4,232.75,286.15325876180407,4.0,16.6,35.5,104.5,301.75,551.5000000000001,634.7499999999998,701.3499999999999,718.0,931.0
979,context_length_tokens,session_turn_index,979,tokens,4,615824.75,310100.0157823077,220015.0,277460.2,363628.0,635964.0,888160.75,938077.9,954716.95,968028.19,971356.0,2463299.0
980,isl_tokens,session_turn_index,980,tokens,4,346.0,282.90811229089917,29.0,88.4,177.5,278.0,446.5,658.0,728.4999999999998,784.8999999999999,799.0,1384.0
980,osl_tokens,session_turn_index,980,tokens,4,79.0,110.16578416187124,5.0,6.5,8.75,21.0,91.25,197.90000000000003,233.4499999999999,261.88999999999993,269.0,316.0
980,context_length_tokens,session_turn_index,980,tokens,4,616403.5,310481.80081809947,220090.0,277612.6,363896.5,636611.5,889118.5,939028.0,955664.5,968973.7,972301.0,2465614.0
981,isl_tokens,session_turn_index,981,tokens,4,93.75,93.05475538627782,8.0,23.0,45.5,58.0,106.25,193.10000000000002,222.04999999999993,245.20999999999995,251.0,375.0
981,osl_tokens,session_turn_index,981,tokens,4,346.25,253.73251171263016,96.0,121.80000000000001,160.5,266.5,452.25,634.5,695.2499999999998,743.8499999999999,756.0,1385.0
981,context_length_tokens,session_turn_index,981,tokens,4,616576.25,310480.6005102211,220180.0,277752.4,364111.0,636903.0,889368.25,939138.7000000001,955728.85,969000.97,972319.0,2466305.0
982,isl_tokens,session_turn_index,982,tokens,4,551.5,452.0345672622836,29.0,79.10000000000001,154.25,529.5,926.75,1041.5,1079.75,1110.35,1118.0,2206.0
982,osl_tokens,session_turn_index,982,tokens,4,412.75,279.8431480311784,32.0,122.90000000000002,259.25,404.0,557.5,709.6,760.3,800.8599999999999,811.0,1651.0
982,context_length_tokens,session_turn_index,982,tokens,4,617474.0,310888.38122950174,220305.0,278125.5,364856.25,638029.0,890646.75,940378.5,956955.75,970217.5499999999,973533.0,2469896.0
983,isl_tokens,session_turn_index,983,tokens,4,303.75,322.426251257555,56.0,57.5,59.75,157.0,401.0,667.4000000000001,756.1999999999998,827.2399999999999,845.0,1215.0
983,osl_tokens,session_turn_index,983,tokens,4,127.75,129.1401854575097,2.0,15.200000000000003,35.0,85.5,178.25,274.1,306.04999999999995,331.60999999999996,338.0,511.0
983,context_length_tokens,session_turn_index,983,tokens,4,618190.5,311251.0098429401,220393.0,278404.9,365422.75,638828.0,891595.75,941466.1,958089.5499999999,971388.3099999999,974713.0,2472762.0
984,isl_tokens,session_turn_index,984,tokens,4,358.75,410.73493581627554,15.0,19.200000000000003,25.5,196.0,529.25,828.5000000000001,928.2499999999998,1008.0499999999998,1028.0,1435.0
984,osl_tokens,session_turn_index,984,tokens,4,107.25,150.97247265644157,2.0,9.5,20.75,29.5,116.0,267.20000000000005,317.5999999999999,357.9199999999999,368.0,429.0
984,context_length_tokens,session_turn_index,984,tokens,4,618677.0,311286.54468993674,220468.0,278766.4,366214.0,639413.0,891876.0,941998.8,958706.3999999999,972072.48,975414.0,2474708.0
985,isl_tokens,session_turn_index,985,tokens,3,56.333333333333336,8.576453553512405,46.0,48.0,51.0,56.0,61.5,64.8,65.9,66.78,67.0,169.0
985,osl_tokens,session_turn_index,985,tokens,3,811.0,947.713388460175,91.0,111.2,141.5,192.0,1171.0,1758.4,1954.1999999999998,2110.84,2150.0,2433.0
985,context_length_tokens,session_turn_index,985,tokens,3,686836.0,332810.50656592357,220556.0,349337.8,542510.5,864465.0,919976.0,953282.6,964384.8,973266.56,975487.0,2060508.0
986,isl_tokens,session_turn_index,986,tokens,3,224.33333333333334,248.4959199307349,29.0,37.0,49.0,69.0,322.0,473.8,524.4,564.88,575.0,673.0
986,osl_tokens,session_turn_index,986,tokens,3,185.33333333333334,116.73997696685664,32.0,67.4,120.5,209.0,262.0,293.8,304.4,312.88,315.0,556.0
986,context_length_tokens,session_turn_index,986,tokens,3,687871.3333333334,333589.9455572498,220676.0,349486.0,542701.0,864726.0,921469.0,955514.8,966863.4,975942.28,978212.0,2063614.0
987,isl_tokens,session_turn_index,987,tokens,3,200.66666666666666,174.98634867389578,57.0,65.2,77.5,98.0,272.5,377.2,412.09999999999997,440.02,447.0,602.0
987,osl_tokens,session_turn_index,987,tokens,3,90.0,79.04850831398824,23.0,27.6,34.5,46.0,123.5,170.0,185.5,197.9,201.0,270.0
987,context_length_tokens,session_turn_index,987,tokens,3,688257.3333333334,333811.70606030116,220765.0,349639.8,542952.0,865139.0,922003.5,956122.2,967495.1,976593.42,978868.0,2064772.0
988,isl_tokens,session_turn_index,988,tokens,3,491.0,456.60559202299163,128.0,144.4,169.0,210.0,672.5,950.0,1042.5,1116.5,1135.0,1473.0
988,osl_tokens,session_turn_index,988,tokens,3,179.66666666666666,149.58015316953725,15.0,41.400000000000006,81.0,147.0,262.0,331.0,354.0,372.4,377.0,539.0
988,context_length_tokens,session_turn_index,988,tokens,3,688838.3333333334,334086.492659544,221021.0,349910.4,543244.5,865468.0,922747.0,957114.4,968570.2,977734.84,980026.0,2066515.0
989,isl_tokens,session_turn_index,989,tokens,3,280.0,181.67186536904018,29.0,94.8,193.5,358.0,405.5,434.0,443.5,451.1,453.0,840.0
989,osl_tokens,session_turn_index,989,tokens,3,118.0,138.93883546366726,8.0,12.8,20.0,32.0,173.0,257.6,285.79999999999995,308.36,314.0,354.0
989,context_length_tokens,session_turn_index,989,tokens,3,689298.0,334111.1081371984,221427.0,350355.2,543747.5,866068.0,923233.5,957532.8,968965.9,978112.38,980399.0,2067894.0
990,isl_tokens,session_turn_index,990,tokens,3,581.6666666666666,427.8452472045886,57.0,162.2,320.0,583.0,844.0,1000.6,1052.8,1094.56,1105.0,1745.0
990,osl_tokens,session_turn_index,990,tokens,3,476.0,466.3932532387949,54.0,92.80000000000001,151.0,248.0,687.0,950.4000000000001,1038.1999999999998,1108.44,1126.0,1428.0
990,context_length_tokens,session_turn_index,990,tokens,3,689997.6666666666,334491.6907332013,221516.0,350710.2,544501.5,867487.0,924238.5,958289.4,969639.7,978719.94,980990.0,2069993.0
991,isl_tokens,session_turn_index,991,tokens,3,166.0,97.80593029055038,29.0,66.80000000000001,123.5,218.0,234.5,244.4,247.7,250.34,251.0,498.0
991,osl_tokens,session_turn_index,991,tokens,3,534.6666666666666,605.9187697666705,32.0,62.6,108.5,185.0,786.0,1146.6,1266.8,1362.96,1387.0,1604.0
991,context_length_tokens,session_turn_index,991,tokens,3,690639.6666666666,334931.06406775047,221599.0,350876.4,544792.5,867986.0,925160.0,959464.4,970899.2,980047.04,982334.0,2071919.0
992,isl_tokens,session_turn_index,992,tokens,3,68.0,11.430952132988164,58.0,58.8,60.0,62.0,73.0,79.6,81.8,83.56,84.0,204.0
992,osl_tokens,session_turn_index,992,tokens,3,62.666666666666664,45.63867755411948,17.0,22.8,31.5,46.0,85.5,109.2,117.1,123.42,125.0,188.0
992,context_length_tokens,session_turn_index,992,tokens,3,691242.3333333334,335359.9771681502,221689.0,350997.8,544961.0,868233.0,926019.0,960690.6,972247.8,981493.56,983805.0,2073727.0
993,isl_tokens,session_turn_index,993,tokens,3,73.0,72.35099630735341,15.0,17.8,22.0,29.0,102.0,145.8,160.39999999999998,172.07999999999998,175.0,219.0
993,osl_tokens,session_turn_index,993,tokens,3,142.0,172.8120366178236,8.0,12.8,20.0,32.0,209.0,315.2,350.59999999999997,378.92,386.0,426.0
993,context_length_tokens,session_turn_index,993,tokens,3,691378.0,335405.4353475308,221764.0,351085.8,545068.5,868373.0,926185.0,960872.2,972434.6,981684.52,983997.0,2074134.0
994,isl_tokens,session_turn_index,994,tokens,3,89.0,37.656340767525464,58.0,59.8,62.5,67.0,104.5,127.0,134.5,140.5,142.0,267.0
994,osl_tokens,session_turn_index,994,tokens,3,96.33333333333333,75.2964511484808,8.0,24.2,48.5,89.0,140.5,171.4,181.7,189.94,192.0,289.0
994,context_length_tokens,session_turn_index,994,tokens,3,691609.0,335486.76404989016,221854.0,351248.4,545340.0,868826.0,926486.5,961082.8,972614.9,981840.58,984147.0,2074827.0
995,isl_tokens,session_turn_index,995,tokens,3,101.33333333333333,75.79064732684516,29.0,37.0,49.0,69.0,137.5,178.60000000000002,192.29999999999998,203.26,206.0,304.0
995,osl_tokens,session_turn_index,995,tokens,3,49.333333333333336,29.601051032391098,25.0,26.4,28.5,32.0,61.5,79.2,85.1,89.82,91.0,148.0
995,context_length_tokens,session_turn_index,995,tokens,3,691806.6666666666,335539.8478773506,221972.0,351395.0,545529.5,869087.0,926724.0,961306.2,972833.6,982055.52,984361.0,2075420.0
996,isl_tokens,session_turn_index,996,tokens,3,92.66666666666667,77.4654044647602,20.0,27.6,39.0,58.0,129.0,171.60000000000002,185.79999999999998,197.16,200.0,278.0
996,osl_tokens,session_turn_index,996,tokens,3,257.3333333333333,326.1097293175344,8.0,15.600000000000001,27.0,46.0,382.0,583.6,650.8,704.56,718.0,772.0
996,context_length_tokens,session_turn_index,996,tokens,3,691948.6666666666,335582.78389426094,222062.0,351489.2,545630.0,869198.0,926892.0,961508.4,973047.2,982278.24,984586.0,2075846.0
997,isl_tokens,session_turn_index,997,tokens,3,75.0,69.33974329343886,23.0,24.2,26.0,29.0,101.0,144.2,158.6,170.12,173.0,225.0
997,osl_tokens,session_turn_index,997,tokens,3,55.0,49.68567868779359,9.0,13.600000000000001,20.5,32.0,78.0,105.60000000000001,114.8,122.16,124.0,165.0
997,context_length_tokens,session_turn_index,997,tokens,3,692281.0,335730.94678924076,222137.0,351697.4,546038.0,869939.0,927353.0,961801.4,973284.2,982470.44,984767.0,2076843.0
998,isl_tokens,session_turn_index,998,tokens,3,299.0,363.7178393571955,25.0,31.8,42.0,59.0,436.0,662.2,737.5999999999999,797.92,813.0,897.0
998,osl_tokens,session_turn_index,998,tokens,3,103.33333333333333,45.7626728046147,58.0,63.6,72.0,86.0,126.0,150.0,158.0,164.4,166.0,310.0
998,context_length_tokens,session_turn_index,998,tokens,3,692635.0,335953.5478673602,222228.0,351800.0,546158.0,870088.0,927838.5,962488.8,974038.9,983278.98,985589.0,2077905.0
999,isl_tokens,session_turn_index,999,tokens,3,25.333333333333332,7.408703590297622,15.0,17.8,22.0,29.0,30.5,31.4,31.7,31.94,32.0,76.0
999,osl_tokens,session_turn_index,999,tokens,3,2092.6666666666665,2677.4068715000258,32.0,100.0,202.0,372.0,3123.0,4773.6,5323.799999999999,5763.96,5874.0,6278.0
999,context_length_tokens,session_turn_index,999,tokens,3,692763.6666666666,335968.3321746593,222343.0,351910.0,546260.5,870178.0,927974.0,962651.6,974210.8,983458.16,985770.0,2078291.0
1000,isl_tokens,session_turn_index,1000,tokens,3,122.33333333333333,76.14168080332581,23.0,45.6,79.5,136.0,172.0,193.6,200.8,206.56,208.0,367.0
1000,osl_tokens,session_turn_index,1000,tokens,3,401.3333333333333,61.64594246357356,326.0,341.0,363.5,401.0,439.0,461.8,469.4,475.48,477.0,1204.0
1000,context_length_tokens,session_turn_index,1000,tokens,3,694978.6666666666,337050.36687547,222583.0,353281.4,549329.0,876075.0,931176.5,964237.4,975257.7,984073.94,986278.0,2084936.0
1001,isl_tokens,session_turn_index,1001,tokens,3,123.33333333333333,81.41389452803632,57.0,60.6,66.0,75.0,156.5,205.4,221.7,234.74,238.0,370.0
1001,osl_tokens,session_turn_index,1001,tokens,3,82.0,74.52963616352,8.0,17.200000000000003,31.0,54.0,119.0,158.0,171.0,181.39999999999998,184.0,246.0
1001,context_length_tokens,session_turn_index,1001,tokens,3,695503.3333333334,337114.2181678027,223041.0,353728.0,549758.5,876476.0,931734.5,964889.6,975941.3,984782.66,986993.0,2086510.0
1002,isl_tokens,session_turn_index,1002,tokens,3,171.66666666666666,106.54993612803759,29.0,63.4,115.0,201.0,243.0,268.2,276.6,283.32,285.0,515.0
1002,osl_tokens,session_turn_index,1002,tokens,3,169.66666666666666,125.23666484788798,32.0,54.0,87.0,142.0,238.5,296.4,315.7,331.14,335.0,509.0
1002,context_length_tokens,session_turn_index,1002,tokens,3,695757.0,337219.62776900554,223124.0,353888.2,550034.5,876945.0,932073.5,965150.6,976176.3,984996.86,987202.0,2087271.0
1003,isl_tokens,session_turn_index,1003,tokens,3,707.6666666666666,822.3836628295147,59.0,86.4,127.5,196.0,1032.0,1533.6000000000001,1700.8,1834.56,1868.0,2123.0
1003,osl_tokens,session_turn_index,1003,tokens,3,362.3333333333333,461.57724765802266,26.0,30.0,36.0,46.0,530.5,821.2,918.0999999999999,995.62,1015.0,1087.0
1003,context_length_tokens,session_turn_index,1003,tokens,3,696634.3333333334,337690.7482705967,223215.0,354363.0,551085.0,878955.0,933344.0,965977.4,976855.2,985557.44,987733.0,2089903.0
1004,isl_tokens,session_turn_index,1004,tokens,3,250.0,206.05986185248855,29.0,62.4,112.5,196.0,360.5,459.2,492.09999999999997,518.4200000000001,525.0,750.0
1004,osl_tokens,session_turn_index,1004,tokens,3,2481.0,3480.3933685720067,8.0,12.8,20.0,32.0,3717.5,5928.8,6665.9,7255.58,7403.0,7443.0
1004,context_length_tokens,session_turn_index,1004,tokens,3,697246.6666666666,337997.14427623333,223290.0,354731.0,551892.5,880495.0,934225.0,966463.0,977209.0,985805.8,987955.0,2091740.0
1005,isl_tokens,session_turn_index,1005,tokens,3,99.0,68.86218120274728,43.0,46.0,50.5,58.0,127.0,168.4,182.2,193.24,196.0,297.0
1005,osl_tokens,session_turn_index,1005,tokens,3,67.33333333333333,42.081930669693485,8.0,25.0,50.5,93.0,97.0,99.4,100.2,100.84,101.0,202.0
1005,context_length_tokens,session_turn_index,1005,tokens,3,699826.6666666666,339373.91523640836,223380.0,356292.2,555660.5,887941.0,938050.0,968115.4,978137.2,986154.64,988159.0,2099480.0
1006,isl_tokens,session_turn_index,1006,tokens,3,81.66666666666667,80.92932444766578,20.0,21.8,24.5,29.0,112.5,162.6,179.29999999999998,192.66,196.0,245.0
1006,osl_tokens,session_turn_index,1006,tokens,3,60.333333333333336,57.87534497137408,8.0,12.8,20.0,32.0,86.5,119.2,130.1,138.82,141.0,181.0
1006,context_length_tokens,session_turn_index,1006,tokens,3,699975.6666666666,339391.73286369577,223510.0,356418.80000000005,555782.0,888054.0,938208.5,968301.2,978332.1,986356.82,988363.0,2099927.0
1007,isl_tokens,session_turn_index,1007,tokens,3,304.0,140.743265084574,201.0,202.4,204.5,208.0,355.5,444.0,473.5,497.1,503.0,912.0
1007,osl_tokens,session_turn_index,1007,tokens,3,395.0,110.63754636951538,299.0,306.4,317.5,336.0,443.0,507.20000000000005,528.6,545.72,550.0,1185.0
1007,context_length_tokens,session_turn_index,1007,tokens,3,700340.0,339457.631174594,223750.0,356739.6,556224.0,888698.0,938635.0,968597.2,978584.6,986574.52,988572.0,2101020.0
1008,isl_tokens,session_turn_index,1008,tokens,3,157.0,129.5453588516393,58.0,61.0,65.5,73.0,206.5,286.6,313.29999999999995,334.65999999999997,340.0,471.0
1008,osl_tokens,session_turn_index,1008,tokens,3,1442.6666666666667,1996.4864693311151,8.0,17.200000000000003,31.0,54.0,2160.0,3423.6000000000004,3844.7999999999997,4181.76,4266.0,4328.0
1008,context_length_tokens,session_turn_index,1008,tokens,3,700892.0,339569.3298410012,224144.0,357179.4,556732.5,889321.0,939266.0,969233.0,979222.0,987213.2,989211.0,2102676.0
1009,isl_tokens,session_turn_index,1009,tokens,3,99.33333333333333,70.67452786463372,29.0,37.8,51.0,73.0,134.5,171.4,183.7,193.54,196.0,298.0
1009,osl_tokens,session_turn_index,1009,tokens,3,68.0,68.58571279792899,8.0,12.8,20.0,32.0,98.0,137.60000000000002,150.79999999999998,161.35999999999999,164.0,204.0
1009,context_length_tokens,session_turn_index,1009,tokens,3,702434.0,340395.56023642066,224227.0,358113.6,558943.5,893660.0,941537.5,970264.0,979839.5,987499.9,989415.0,2107302.0
1010,isl_tokens,session_turn_index,1010,tokens,3,260.0,197.14123532804257,57.0,84.8,126.5,196.0,361.5,460.8,493.9,520.38,527.0,780.0
1010,osl_tokens,session_turn_index,1010,tokens,3,354.0,462.7079712590509,8.0,15.600000000000001,27.0,46.0,527.0,815.6,911.8,988.76,1008.0,1062.0
1010,context_length_tokens,session_turn_index,1010,tokens,3,702762.0,340540.6771033381,224316.0,358323.0,559333.5,894351.0,941985.0,970565.4,980092.2,987713.64,989619.0,2108286.0
1011,isl_tokens,session_turn_index,1011,tokens,3,97.33333333333333,71.4718281718204,29.0,36.6,48.0,67.0,131.5,170.2,183.1,193.42000000000002,196.0,292.0
1011,osl_tokens,session_turn_index,1011,tokens,3,112.0,130.47605144240072,8.0,12.8,20.0,32.0,164.0,243.20000000000002,269.59999999999997,290.71999999999997,296.0,336.0
1011,context_length_tokens,session_turn_index,1011,tokens,3,703213.3333333334,340764.6485736975,224391.0,358598.0,559908.5,895426.0,942624.5,970943.6,980383.3,987935.06,989823.0,2109640.0
1012,isl_tokens,session_turn_index,1012,tokens,3,129.66666666666666,56.464344698422046,58.0,73.4,96.5,135.0,165.5,183.8,189.89999999999998,194.78,196.0,389.0
1012,osl_tokens,session_turn_index,1012,tokens,3,125.33333333333333,114.70057638138627,8.0,23.8,47.5,87.0,184.0,242.20000000000002,261.6,277.12,281.0,376.0
1012,context_length_tokens,session_turn_index,1012,tokens,3,703455.0,340860.7406082431,224481.0,358756.2,560169.0,895857.0,942942.0,971193.0,980610.0,988143.6,990027.0,2110365.0
1013,isl_tokens,session_turn_index,1013,tokens,3,181.66666666666666,119.23180038153505,29.0,62.4,112.5,196.0,258.0,295.2,307.6,317.52,320.0,545.0
1013,osl_tokens,session_turn_index,1013,tokens,3,107.0,123.42609124492276,8.0,12.8,20.0,32.0,156.5,231.20000000000002,256.09999999999997,276.02,281.0,321.0
1013,context_length_tokens,session_turn_index,1013,tokens,3,703762.0,340976.7018443733,224597.0,358969.2,560527.5,896458.0,943344.5,971476.4,980853.7,988355.54,990231.0,2111286.0
1014,isl_tokens,session_turn_index,1014,tokens,3,180.33333333333334,32.5610537640019,135.0,147.2,165.5,196.0,203.0,207.2,208.6,209.72,210.0,541.0
1014,osl_tokens,session_turn_index,1014,tokens,3,129.66666666666666,113.40879840451338,8.0,26.400000000000002,54.0,100.0,190.5,244.8,262.9,277.38,281.0,389.0
1014,context_length_tokens,session_turn_index,1014,tokens,3,704049.3333333334,340998.8493238976,224839.0,359246.0,560856.5,896874.0,943654.5,971722.8,981078.9,988563.78,990435.0,2112148.0
1015,isl_tokens,session_turn_index,1015,tokens,3,122.66666666666667,65.49469868283659,37.0,56.6,86.0,135.0,165.5,183.8,189.89999999999998,194.78,196.0,368.0
1015,osl_tokens,session_turn_index,1015,tokens,3,196.0,133.29666162361306,8.0,62.0,143.0,278.0,290.0,297.2,299.6,301.52,302.0,588.0
1015,context_length_tokens,session_turn_index,1015,tokens,3,704301.6666666666,341070.20782074897,224976.0,359438.80000000005,561133.0,897290.0,943964.5,971969.2,981304.1,988772.02,990639.0,2112905.0
1016,isl_tokens,session_turn_index,1016,tokens,3,129.66666666666666,56.464344698422046,58.0,73.4,96.5,135.0,165.5,183.8,189.89999999999998,194.78,196.0,389.0
1016,osl_tokens,session_turn_index,1016,tokens,3,113.0,117.47623873220775,8.0,17.200000000000003,31.0,54.0,165.5,232.4,254.7,272.53999999999996,277.0,339.0
1016,context_length_tokens,session_turn_index,1016,tokens,3,704627.3333333334,341036.5587013933,225336.0,359809.4,561519.5,897703.0,944273.0,972215.0,981529.0,988980.2,990843.0,2113882.0
1017,isl_tokens,session_turn_index,1017,tokens,3,120.0,68.99758449878276,29.0,50.2,82.0,135.0,165.5,183.8,189.89999999999998,194.78,196.0,360.0
1017,osl_tokens,session_turn_index,1017,tokens,3,106.33333333333333,122.48628041086434,8.0,12.8,20.0,32.0,155.5,229.60000000000002,254.29999999999998,274.06,279.0,319.0
1017,context_length_tokens,session_turn_index,1017,tokens,3,704860.3333333334,341132.5091879824,225419.0,359958.2,561767.0,898115.0,944581.0,972460.6,981753.8,989188.36,991047.0,2114581.0
1018,isl_tokens,session_turn_index,1018,tokens,3,270.6666666666667,248.3067099822762,58.0,73.4,96.5,135.0,377.0,522.2,570.5999999999999,609.3199999999999,619.0,812.0
1018,osl_tokens,session_turn_index,1018,tokens,3,218.66666666666666,124.2157621059242,46.0,92.2,161.5,277.0,305.0,321.8,327.4,331.88,333.0,656.0
1018,context_length_tokens,session_turn_index,1018,tokens,3,705237.3333333334,341343.8668052431,225509.0,360113.0,562019.0,898529.0,945101.5,973045.0,982359.5,989811.1,991674.0,2115712.0
1019,isl_tokens,session_turn_index,1019,tokens,3,393.0,441.94418953830206,29.0,50.2,82.0,135.0,575.0,839.0,926.9999999999999,997.4,1015.0,1179.0
1019,osl_tokens,session_turn_index,1019,tokens,3,109.33333333333333,118.67696584519771,19.0,21.6,25.5,32.0,154.5,228.0,252.49999999999997,272.1,277.0,328.0
1019,context_length_tokens,session_turn_index,1019,tokens,3,705849.0,341763.720825758,225584.0,360255.4,562262.5,898941.0,945981.5,974205.8,983613.9,991140.38,993022.0,2117547.0
1020,isl_tokens,session_turn_index,1020,tokens,3,154.33333333333334,88.42825089051324,57.0,72.6,96.0,135.0,203.0,243.8,257.4,268.28,271.0,463.0
1020,osl_tokens,session_turn_index,1020,tokens,3,125.0,112.57293931787811,8.0,24.400000000000002,49.0,90.0,183.5,239.6,258.29999999999995,273.26,277.0,375.0
1020,context_length_tokens,session_turn_index,1020,tokens,3,706112.6666666666,341880.85488011106,225673.0,360409.0,562513.0,899353.0,946332.5,974520.2,983916.1,991432.82,993312.0,2118338.0
1021,isl_tokens,session_turn_index,1021,tokens,3,291.3333333333333,328.8062583886681,29.0,41.2,59.5,90.0,422.5,622.0,688.4999999999999,741.6999999999999,755.0,874.0
1021,osl_tokens,session_turn_index,1021,tokens,3,85.33333333333333,81.87117251443813,23.0,24.8,27.5,32.0,116.5,167.20000000000002,184.1,197.62,201.0,256.0
1021,context_length_tokens,session_turn_index,1021,tokens,3,706529.0,342107.9399672955,225792.0,360577.6,562756.0,899720.0,946897.5,975204.0,984639.5,992187.9,994075.0,2119587.0
1022,isl_tokens,session_turn_index,1022,tokens,3,253.66666666666666,124.32841813340808,128.0,144.4,169.0,210.0,316.5,380.4,401.7,418.74,423.0,761.0
1022,osl_tokens,session_turn_index,1022,tokens,3,157.33333333333334,127.72192015816584,8.0,35.2,76.0,144.0,232.0,284.8,302.4,316.48,320.0,472.0
1022,context_length_tokens,session_turn_index,1022,tokens,3,706868.0,342181.47364909557,226034.0,360837.0,563041.5,900049.0,947285.0,975626.6,985073.8,992631.56,994521.0,2120604.0
1023,isl_tokens,session_turn_index,1023,tokens,3,227.33333333333334,226.28644580609674,29.0,45.0,69.0,109.0,326.5,457.0,500.49999999999994,535.3,544.0,682.0
1023,osl_tokens,session_turn_index,1023,tokens,3,327.6666666666667,262.5443877814865,32.0,81.80000000000001,156.5,281.0,475.5,592.2,631.0999999999999,662.22,670.0,983.0
1023,context_length_tokens,session_turn_index,1023,tokens,3,707252.6666666666,342180.33909069386,226383.0,361253.80000000005,563560.0,900737.0,947687.5,975857.8,985247.9,992759.98,994638.0,2121758.0
1024,isl_tokens,session_turn_index,1024,tokens,3,73.33333333333333,11.897712198383164,57.0,61.2,67.5,78.0,81.5,83.6,84.3,84.86,85.0,220.0
1024,osl_tokens,session_turn_index,1024,tokens,3,60.0,43.48179695765421,10.0,18.8,32.0,54.0,85.0,103.6,109.8,114.75999999999999,116.0,180.0
1024,context_length_tokens,session_turn_index,1024,tokens,3,707653.6666666666,342417.70622475445,226472.0,361396.80000000005,563784.0,901096.0,948244.5,976533.6,985963.3,993507.06,995393.0,2122961.0
1025,isl_tokens,session_turn_index,1025,tokens,3,282.0,242.49673537321416,29.0,64.80000000000001,118.5,208.0,408.5,528.8,568.9,600.98,609.0,846.0
1025,osl_tokens,session_turn_index,1025,tokens,3,193.33333333333334,172.21175595437407,32.0,48.8,74.0,116.0,274.0,368.8,400.4,425.68,432.0,580.0
1025,context_length_tokens,session_turn_index,1025,tokens,3,707995.6666666666,342576.4904030761,226555.0,361608.2,564188.0,901821.0,948716.0,976853.0,986232.0,993735.2,995611.0,2123987.0
1026,isl_tokens,session_turn_index,1026,tokens,3,629.6666666666666,418.6170352747511,57.0,202.8,421.5,786.0,916.0,994.0,1020.0,1040.8,1046.0,1889.0
1026,osl_tokens,session_turn_index,1026,tokens,3,213.33333333333334,145.16504017458504,46.0,75.6,120.0,194.0,297.0,358.8,379.4,395.88,400.0,640.0
1026,context_length_tokens,session_turn_index,1026,tokens,3,708818.6666666666,343094.81178466626,226644.0,361911.80000000005,564813.5,902983.0,949906.0,978059.8,987444.4,994952.08,996829.0,2126456.0
1027,isl_tokens,session_turn_index,1027,tokens,3,151.66666666666666,87.121881420354,29.0,63.800000000000004,116.0,203.0,213.0,219.0,221.0,222.6,223.0,455.0
1027,osl_tokens,session_turn_index,1027,tokens,3,83.33333333333333,90.10117769608908,8.0,12.8,20.0,32.0,121.0,174.4,192.2,206.44,210.0,250.0
1027,context_length_tokens,session_turn_index,1027,tokens,3,709183.6666666666,343307.07361615624,226719.0,362055.2,565059.5,903400.0,950416.0,978625.6,988028.8,995551.36,997432.0,2127551.0
1028,isl_tokens,session_turn_index,1028,tokens,3,145.66666666666666,142.75931571082225,32.0,37.2,45.0,58.0,202.5,289.20000000000005,318.09999999999997,341.21999999999997,347.0,437.0
1028,osl_tokens,session_turn_index,1028,tokens,3,125.66666666666667,114.59009070983795,8.0,24.0,48.0,88.0,184.5,242.4,261.7,277.14,281.0,377.0
1028,context_length_tokens,session_turn_index,1028,tokens,3,709412.6666666666,343409.90527971415,226809.0,362175.6,565225.5,903642.0,950714.5,978958.0,988372.5,995904.1,997787.0,2128238.0
1029,isl_tokens,session_turn_index,1029,tokens,3,167.33333333333334,54.73775865179559,90.0,112.6,146.5,203.0,206.0,207.8,208.4,208.88,209.0,502.0
1029,osl_tokens,session_turn_index,1029,tokens,3,190.66666666666666,133.8514931639622,8.0,54.2,123.5,239.0,282.0,307.8,316.4,323.28,325.0,572.0
1029,context_length_tokens,session_turn_index,1029,tokens,3,709705.6666666666,343399.79009538656,227106.0,362487.4,565559.5,904013.0,951005.5,979201.0,988599.5,996118.3,997998.0,2129117.0
1030,isl_tokens,session_turn_index,1030,tokens,3,128.66666666666666,58.88029287366775,59.0,72.0,91.5,124.0,163.5,187.2,195.1,201.42000000000002,203.0,386.0
1030,osl_tokens,session_turn_index,1030,tokens,3,65.33333333333333,52.0597946809457,8.0,17.200000000000003,31.0,54.0,94.0,118.0,126.0,132.4,134.0,196.0
1030,context_length_tokens,session_turn_index,1030,tokens,3,710025.0,343347.42136889085,227490.0,362867.2,565933.0,904376.0,951292.5,979442.4,988825.7,996332.34,998209.0,2130075.0
1031,isl_tokens,session_turn_index,1031,tokens,3,167.0,101.23240587875011,29.0,63.800000000000004,116.0,203.0,236.0,255.8,262.4,267.68,269.0,501.0
1031,osl_tokens,session_turn_index,1031,tokens,3,113.66666666666667,132.8265368399285,8.0,12.8,20.0,32.0,166.5,247.20000000000002,274.09999999999997,295.62,301.0,341.0
1031,context_length_tokens,session_turn_index,1031,tokens,3,710257.3333333334,343443.62317982974,227573.0,363014.2,566176.0,904779.0,951599.5,979691.8,989055.9,996547.1799999999,998420.0,2130772.0
1032,isl_tokens,session_turn_index,1032,tokens,3,152.33333333333334,67.4553350167518,57.0,85.0,127.0,197.0,200.0,201.8,202.4,202.88,203.0,457.0
1032,osl_tokens,session_turn_index,1032,tokens,3,70.0,62.758797524065635,8.0,15.600000000000001,27.0,46.0,101.0,134.0,145.0,153.8,156.0,210.0
1032,context_length_tokens,session_turn_index,1032,tokens,3,710523.3333333334,343554.98613791395,227662.0,363185.0,566469.5,905277.0,951954.0,979960.2,989295.6,996763.92,998631.0,2131570.0
1033,isl_tokens,session_turn_index,1033,tokens,3,418.3333333333333,433.4246057723176,29.0,63.800000000000004,116.0,203.0,613.0,859.0,940.9999999999999,1006.6,1023.0,1255.0
1033,osl_tokens,session_turn_index,1033,tokens,3,278.6666666666667,365.94110030015605,8.0,12.8,20.0,32.0,414.0,643.2,719.5999999999999,780.72,796.0,836.0
1033,context_length_tokens,session_turn_index,1033,tokens,3,711011.6666666666,343801.87689068186,227737.0,363480.80000000005,567096.5,906456.0,952649.0,980364.8,989603.4,996994.28,998842.0,2133035.0
1034,isl_tokens,session_turn_index,1034,tokens,3,142.66666666666666,61.64594246357356,58.0,79.8,112.5,167.0,185.0,195.8,199.4,202.28,203.0,428.0
1034,osl_tokens,session_turn_index,1034,tokens,3,80.33333333333333,54.92014404771916,8.0,24.8,50.0,92.0,116.5,131.2,136.1,140.01999999999998,141.0,241.0
1034,context_length_tokens,session_turn_index,1034,tokens,3,711433.0,344001.2305365588,227827.0,363745.4,567623.0,907419.0,953236.0,980726.2,989889.6,997220.32,999053.0,2134299.0
1035,isl_tokens,session_turn_index,1035,tokens,3,418.6666666666667,433.88964290729757,29.0,63.800000000000004,116.0,203.0,613.5,859.8000000000001,941.9,1007.58,1024.0,1256.0
1035,osl_tokens,session_turn_index,1035,tokens,3,60.333333333333336,57.87534497137408,8.0,12.8,20.0,32.0,86.5,119.2,130.1,138.82,141.0,181.0
1035,context_length_tokens,session_turn_index,1035,tokens,3,711932.0,344224.82942789973,227948.0,364075.2,568266.0,908584.0,953924.0,981128.0,990196.0,997450.4,999264.0,2135796.0
1036,isl_tokens,session_turn_index,1036,tokens,3,289.0,118.10447352520846,203.0,204.0,205.5,208.0,332.0,406.4,431.2,451.03999999999996,456.0,867.0
1036,osl_tokens,session_turn_index,1036,tokens,3,1102.0,1328.6474325418312,8.0,71.6,167.0,326.0,1649.0,2442.8,2707.3999999999996,2919.08,2972.0,3306.0
1036,context_length_tokens,session_turn_index,1036,tokens,3,712281.3333333334,344284.783420483,228188.0,364386.6,568684.5,909181.0,954328.0,981416.2,990445.6,997669.12,999475.0,2136844.0
1037,isl_tokens,session_turn_index,1037,tokens,3,110.66666666666667,65.65735974655765,56.0,59.4,64.5,73.0,138.0,177.0,190.0,200.39999999999998,203.0,332.0
1037,osl_tokens,session_turn_index,1037,tokens,3,82.0,74.52963616352,8.0,17.200000000000003,31.0,54.0,119.0,158.0,171.0,181.39999999999998,184.0,246.0
1037,context_length_tokens,session_turn_index,1037,tokens,3,713494.0,344747.03501939896,228570.0,365301.2,570398.0,912226.0,955956.0,982194.0,990940.0,997936.8,999686.0,2140482.0
1038,isl_tokens,session_turn_index,1038,tokens,2,45.5,16.5,29.0,32.3,37.25,45.5,53.75,58.7,60.349999999999994,61.67,62.0,91.0
1038,osl_tokens,session_turn_index,1038,tokens,2,78.5,46.5,32.0,41.3,55.25,78.5,101.75,115.7,120.35,124.07,125.0,157.0
1038,context_length_tokens,session_turn_index,1038,tokens,2,570562.5,341909.5,228653.0,297034.9,399607.75,570562.5,741517.25,844090.1,878281.0499999999,905633.8099999999,912472.0,1141125.0
1039,isl_tokens,session_turn_index,1039,tokens,2,36.5,21.5,15.0,19.3,25.75,36.5,47.25,53.7,55.85,57.57,58.0,73.0
1039,osl_tokens,session_turn_index,1039,tokens,2,164.0,118.0,46.0,69.6,105.0,164.0,223.0,258.4,270.2,279.64,282.0,328.0
1039,context_length_tokens,session_turn_index,1039,tokens,2,570677.5,341934.5,228743.0,297129.9,399710.25,570677.5,741644.75,844225.1,878418.5499999999,905773.3099999999,912612.0,1141355.0
1040,isl_tokens,session_turn_index,1040,tokens,2,60.5,31.5,29.0,35.3,44.75,60.5,76.25,85.7,88.85,91.37,92.0,121.0
1040,osl_tokens,session_turn_index,1040,tokens,2,117.0,85.0,32.0,49.0,74.5,117.0,159.5,185.0,193.5,200.3,202.0,234.0
1040,context_length_tokens,session_turn_index,1040,tokens,2,570902.0,342084.0,228818.0,297234.8,399860.0,570902.0,741944.0,844569.2000000001,878777.6,906144.32,912986.0,1141804.0
1041,isl_tokens,session_turn_index,1041,tokens,2,94.0,34.0,60.0,66.8,77.0,94.0,111.0,121.2,124.6,127.32,128.0,188.0
1041,osl_tokens,session_turn_index,1041,tokens,2,110.0,25.0,85.0,90.0,97.5,110.0,122.5,130.0,132.5,134.5,135.0,220.0
1041,context_length_tokens,session_turn_index,1041,tokens,2,571113.0,342203.0,228910.0,297350.6,400011.5,571113.0,742214.5,844875.4,879095.7,906471.94,913316.0,1142226.0
1042,isl_tokens,session_turn_index,1042,tokens,2,332.0,124.0,208.0,232.8,270.0,332.0,394.0,431.20000000000005,443.6,453.52,456.0,664.0
1042,osl_tokens,session_turn_index,1042,tokens,2,313.0,7.0,306.0,307.4,309.5,313.0,316.5,318.6,319.3,319.86,320.0,626.0
1042,context_length_tokens,session_turn_index,1042,tokens,2,571555.0,342352.0,229203.0,297673.4,400379.0,571555.0,742731.0,845436.6,879671.7999999999,907059.96,913907.0,1143110.0
1043,isl_tokens,session_turn_index,1043,tokens,2,107.0,78.0,29.0,44.6,68.0,107.0,146.0,169.4,177.2,183.44,185.0,214.0
1043,osl_tokens,session_turn_index,1043,tokens,2,139.0,107.0,32.0,53.400000000000006,85.5,139.0,192.5,224.6,235.29999999999998,243.85999999999999,246.0,278.0
1043,context_length_tokens,session_turn_index,1043,tokens,2,571975.0,342423.0,229552.0,298036.6,400763.5,571975.0,743186.5,845913.4,880155.7,907549.54,914398.0,1143950.0
1044,isl_tokens,session_turn_index,1044,tokens,2,45.5,16.5,29.0,32.3,37.25,45.5,53.75,58.7,60.349999999999994,61.67,62.0,91.0
1044,osl_tokens,session_turn_index,1044,tokens,2,82.5,42.5,40.0,48.5,61.25,82.5,103.75,116.5,120.75,124.15,125.0,165.0
1044,context_length_tokens,session_turn_index,1044,tokens,2,572159.5,342546.5,229613.0,298122.3,400886.25,572159.5,743432.75,846196.7000000001,880451.35,907855.07,914706.0,1144319.0
1045,isl_tokens,session_turn_index,1045,tokens,2,22.0,7.0,15.0,16.4,18.5,22.0,25.5,27.6,28.299999999999997,28.86,29.0,44.0
1045,osl_tokens,session_turn_index,1045,tokens,2,185.5,153.5,32.0,62.7,108.75,185.5,262.25,308.3,323.65,335.93,339.0,371.0
1045,context_length_tokens,session_turn_index,1045,tokens,2,572264.0,342582.0,229682.0,298198.4,400973.0,572264.0,743555.0,846329.6,880587.7999999999,907994.36,914846.0,1144528.0
1046,isl_tokens,session_turn_index,1046,tokens,2,60.0,31.0,29.0,35.2,44.5,60.0,75.5,84.80000000000001,87.9,90.38,91.0,120.0
1046,osl_tokens,session_turn_index,1046,tokens,2,125.0,76.0,49.0,64.2,87.0,125.0,163.0,185.8,193.4,199.48,201.0,250.0
1046,context_length_tokens,session_turn_index,1046,tokens,2,572509.5,342766.5,229743.0,298296.3,401126.25,572509.5,743892.75,846722.7000000001,880999.35,908420.67,915276.0,1145019.0
1047,isl_tokens,session_turn_index,1047,tokens,2,91.0,33.0,58.0,64.6,74.5,91.0,107.5,117.4,120.69999999999999,123.34,124.0,182.0
1047,osl_tokens,session_turn_index,1047,tokens,2,101.5,47.5,54.0,63.5,77.75,101.5,125.25,139.5,144.25,148.05,149.0,203.0
1047,context_length_tokens,session_turn_index,1047,tokens,2,572725.5,342875.5,229850.0,298425.1,401287.75,572725.5,744163.25,847025.9,881313.45,908743.49,915601.0,1145451.0
1048,isl_tokens,session_turn_index,1048,tokens,2,68.0,39.0,29.0,36.8,48.5,68.0,87.5,99.2,103.1,106.22,107.0,136.0
1048,osl_tokens,session_turn_index,1048,tokens,2,81.5,49.5,32.0,41.9,56.75,81.5,106.25,121.10000000000001,126.05,130.01,131.0,163.0
1048,context_length_tokens,session_turn_index,1048,tokens,2,572895.0,342962.0,229933.0,298525.4,401414.0,572895.0,744376.0,847264.6,881560.7999999999,908997.76,915857.0,1145790.0
1049,isl_tokens,session_turn_index,1049,tokens,2,125.5,66.5,59.0,72.3,92.25,125.5,158.75,178.7,185.35,190.67,192.0,251.0
1049,osl_tokens,session_turn_index,1049,tokens,2,143.0,97.0,46.0,65.4,94.5,143.0,191.5,220.6,230.29999999999998,238.06,240.0,286.0
1049,context_length_tokens,session_turn_index,1049,tokens,2,573102.0,343078.0,230024.0,298639.6,401563.0,573102.0,744641.0,847564.4,881872.2,909318.44,916180.0,1146204.0
1050,isl_tokens,session_turn_index,1050,tokens,2,118.0,89.0,29.0,46.8,73.5,118.0,162.5,189.20000000000002,198.1,205.22,207.0,236.0
1050,osl_tokens,session_turn_index,1050,tokens,2,127.5,95.5,32.0,51.1,79.75,127.5,175.25,203.9,213.45,221.09,223.0,255.0
1050,context_length_tokens,session_turn_index,1050,tokens,2,573363.0,343264.0,230099.0,298751.8,401731.0,573363.0,744995.0,847974.2000000001,882300.6,909761.72,916627.0,1146726.0
1051,isl_tokens,session_turn_index,1051,tokens,2,556.5,497.5,59.0,158.5,307.75,556.5,805.25,954.5,1004.25,1044.05,1054.0,1113.0
1051,osl_tokens,session_turn_index,1051,tokens,2,133.0,41.0,92.0,100.2,112.5,133.0,153.5,165.8,169.89999999999998,173.18,174.0,266.0
1051,context_length_tokens,session_turn_index,1051,tokens,2,574047.0,343857.0,230190.0,298961.4,402118.5,574047.0,745975.5,849132.6,883518.2999999999,911026.86,917904.0,1148094.0
1052,isl_tokens,session_turn_index,1052,tokens,2,322.0,293.0,29.0,87.6,175.5,322.0,468.5,556.4,585.6999999999999,609.14,615.0,644.0
1052,osl_tokens,session_turn_index,1052,tokens,2,74.0,42.0,32.0,40.4,53.0,74.0,95.0,107.60000000000001,111.8,115.16,116.0,148.0
1052,context_length_tokens,session_turn_index,1052,tokens,2,574502.0,344191.0,230311.0,299149.2,402406.5,574502.0,746597.5,849854.8,884273.9,911809.18,918693.0,1149004.0
1053,isl_tokens,session_turn_index,1053,tokens,2,501.0,291.0,210.0,268.2,355.5,501.0,646.5,733.8000000000001,762.9,786.18,792.0,1002.0
1053,osl_tokens,session_turn_index,1053,tokens,2,227.5,111.5,116.0,138.3,171.75,227.5,283.25,316.70000000000005,327.85,336.77,339.0,455.0
1053,context_length_tokens,session_turn_index,1053,tokens,2,575077.0,344524.0,230553.0,299457.8,402815.0,575077.0,747339.0,850696.2000000001,885148.6,912710.52,919601.0,1150154.0
1054,isl_tokens,session_turn_index,1054,tokens,2,751.5,693.5,58.0,196.70000000000002,404.75,751.5,1098.25,1306.3,1375.6499999999999,1431.1299999999999,1445.0,1503.0
1054,osl_tokens,session_turn_index,1054,tokens,2,87.0,33.0,54.0,60.6,70.5,87.0,103.5,113.4,116.69999999999999,119.34,120.0,174.0
1054,context_length_tokens,session_turn_index,1054,tokens,2,576056.0,345106.0,230950.0,299971.2,403503.0,576056.0,748609.0,852140.8,886651.4,914259.88,921162.0,1152112.0
1055,isl_tokens,session_turn_index,1055,tokens,2,690.5,661.5,29.0,161.3,359.75,690.5,1021.25,1219.7,1285.85,1338.77,1352.0,1381.0
1055,osl_tokens,session_turn_index,1055,tokens,2,75.0,43.0,32.0,40.6,53.5,75.0,96.5,109.4,113.7,117.14,118.0,150.0
1055,context_length_tokens,session_turn_index,1055,tokens,2,576833.5,345800.5,231033.0,300193.1,403933.25,576833.5,749733.75,853473.9,888053.95,915717.99,922634.0,1153667.0
1056,isl_tokens,session_turn_index,1056,tokens,2,477.5,419.5,58.0,141.9,267.75,477.5,687.25,813.1,855.05,888.61,897.0,955.0
1056,osl_tokens,session_turn_index,1056,tokens,2,85.5,39.5,46.0,53.9,65.75,85.5,105.25,117.10000000000001,121.05,124.21,125.0,171.0
1056,context_length_tokens,session_turn_index,1056,tokens,2,577386.0,346263.0,231123.0,300375.6,404254.5,577386.0,750517.5,854396.4,889022.7,916723.74,923649.0,1154772.0
1057,isl_tokens,session_turn_index,1057,tokens,2,315.0,286.0,29.0,86.2,172.0,315.0,458.0,543.8000000000001,572.4,595.28,601.0,630.0
1057,osl_tokens,session_turn_index,1057,tokens,2,78.0,46.0,32.0,41.2,55.0,78.0,101.0,114.8,119.39999999999999,123.08,124.0,156.0
1057,context_length_tokens,session_turn_index,1057,tokens,2,577786.5,346588.5,231198.0,300515.7,404492.25,577786.5,751080.75,855057.3,889716.15,917443.23,924375.0,1155573.0
1058,isl_tokens,session_turn_index,1058,tokens,2,40.0,17.0,23.0,26.4,31.5,40.0,48.5,53.6,55.3,56.66,57.0,80.0
1058,osl_tokens,session_turn_index,1058,tokens,2,119.0,30.0,89.0,95.0,104.0,119.0,134.0,143.0,146.0,148.4,149.0,238.0
1058,context_length_tokens,session_turn_index,1058,tokens,2,577904.5,346617.5,231287.0,300610.5,404595.75,577904.5,751213.25,855198.5,889860.25,917589.65,924522.0,1155809.0
1059,isl_tokens,session_turn_index,1059,tokens,2,454.5,245.5,209.0,258.1,331.75,454.5,577.25,650.9000000000001,675.45,695.0899999999999,700.0,909.0
1059,osl_tokens,session_turn_index,1059,tokens,2,288.0,34.0,254.0,260.8,271.0,288.0,305.0,315.2,318.6,321.32,322.0,576.0
1059,context_length_tokens,session_turn_index,1059,tokens,2,578478.0,346893.0,231585.0,300963.6,405031.5,578478.0,751924.5,855992.4,890681.7,918433.14,925371.0,1156956.0
1060,isl_tokens,session_turn_index,1060,tokens,2,244.5,187.5,57.0,94.5,150.75,244.5,338.25,394.5,413.25,428.25,432.0,489.0
1060,osl_tokens,session_turn_index,1060,tokens,2,133.0,79.0,54.0,69.8,93.5,133.0,172.5,196.20000000000002,204.1,210.42,212.0,266.0
1060,context_length_tokens,session_turn_index,1060,tokens,2,579010.5,347046.5,231964.0,301373.3,405487.25,579010.5,752533.75,856647.7000000001,891352.35,919116.07,926057.0,1158021.0
1061,isl_tokens,session_turn_index,1061,tokens,2,28.5,0.5,28.0,28.1,28.25,28.5,28.75,28.9,28.95,28.99,29.0,57.0
1061,osl_tokens,session_turn_index,1061,tokens,2,168.0,136.0,32.0,59.2,100.0,168.0,236.0,276.8,290.4,301.28,304.0,336.0
1061,context_length_tokens,session_turn_index,1061,tokens,2,579172.0,347125.0,232047.0,301472.0,405609.5,579172.0,752734.5,856872.0,891584.5,919354.5,926297.0,1158344.0
1062,isl_tokens,session_turn_index,1062,tokens,2,75.0,16.0,59.0,62.2,67.0,75.0,83.0,87.8,89.4,90.68,91.0,150.0
1062,osl_tokens,session_turn_index,1062,tokens,2,123.5,77.5,46.0,61.5,84.75,123.5,162.25,185.5,193.25,199.45,201.0,247.0
1062,context_length_tokens,session_turn_index,1062,tokens,2,579415.0,347277.0,232138.0,301593.4,405776.5,579415.0,753053.5,857236.6,891964.2999999999,919746.46,926692.0,1158830.0
1063,isl_tokens,session_turn_index,1063,tokens,2,76.5,47.5,29.0,38.5,52.75,76.5,100.25,114.5,119.25,123.05,124.0,153.0
1063,osl_tokens,session_turn_index,1063,tokens,2,90.5,58.5,32.0,43.7,61.25,90.5,119.75,137.3,143.14999999999998,147.82999999999998,149.0,181.0
1063,context_length_tokens,session_turn_index,1063,tokens,2,579615.0,347402.0,232213.0,301693.4,405914.0,579615.0,753316.0,857536.6,892276.7999999999,920068.96,927017.0,1159230.0
1064,isl_tokens,session_turn_index,1064,tokens,2,75.5,18.5,57.0,60.7,66.25,75.5,84.75,90.30000000000001,92.15,93.63,94.0,151.0
1064,osl_tokens,session_turn_index,1064,tokens,2,119.5,31.5,88.0,94.3,103.75,119.5,135.25,144.7,147.85,150.37,151.0,239.0
1064,context_length_tokens,session_turn_index,1064,tokens,2,579781.0,347479.0,232302.0,301797.8,406041.5,579781.0,753520.5,857764.2000000001,892512.1,920310.42,927260.0,1159562.0
1065,isl_tokens,session_turn_index,1065,tokens,2,29.5,0.5,29.0,29.1,29.25,29.5,29.75,29.9,29.95,29.99,30.0,59.0
1065,osl_tokens,session_turn_index,1065,tokens,2,135.5,103.5,32.0,52.7,83.75,135.5,187.25,218.3,228.64999999999998,236.93,239.0,271.0
1065,context_length_tokens,session_turn_index,1065,tokens,2,579930.0,347511.0,232419.0,301921.2,406174.5,579930.0,753685.5,857938.8,892689.9,920490.78,927441.0,1159860.0
1066,isl_tokens,session_turn_index,1066,tokens,2,135.5,71.5,64.0,78.3,99.75,135.5,171.25,192.70000000000002,199.85,205.57,207.0,271.0
1066,osl_tokens,session_turn_index,1066,tokens,2,129.5,55.5,74.0,85.1,101.75,129.5,157.25,173.9,179.45,183.89,185.0,259.0
1066,context_length_tokens,session_turn_index,1066,tokens,2,580201.0,347543.0,232658.0,302166.6,406429.5,580201.0,753972.5,858235.4,892989.7,920793.14,927744.0,1160402.0
1067,isl_tokens,session_turn_index,1067,tokens,2,180.0,89.0,91.0,108.8,135.5,180.0,224.5,251.20000000000002,260.1,267.22,269.0,360.0
1067,osl_tokens,session_turn_index,1067,tokens,2,319.0,75.0,244.0,259.0,281.5,319.0,356.5,379.0,386.5,392.5,394.0,638.0
1067,context_length_tokens,session_turn_index,1067,tokens,2,580510.5,347687.5,232823.0,302360.5,406666.75,580510.5,754354.25,858660.5,893429.25,921244.25,928198.0,1161021.0
1068,isl_tokens,session_turn_index,1068,tokens,2,555.5,497.5,58.0,157.5,306.75,555.5,804.25,953.5,1003.25,1043.05,1053.0,1111.0
1068,osl_tokens,session_turn_index,1068,tokens,2,89.5,35.5,54.0,61.1,71.75,89.5,107.25,117.9,121.45,124.29,125.0,179.0
1068,context_length_tokens,session_turn_index,1068,tokens,2,581385.0,348110.0,233275.0,302897.0,407330.0,581385.0,755440.0,859873.0,894684.0,922532.8,929495.0,1162770.0
1069,isl_tokens,session_turn_index,1069,tokens,2,133.0,104.0,29.0,49.8,81.0,133.0,185.0,216.20000000000002,226.6,234.92,237.0,266.0
1069,osl_tokens,session_turn_index,1069,tokens,2,106.5,74.5,32.0,46.9,69.25,106.5,143.75,166.1,173.54999999999998,179.51,181.0,213.0
1069,context_length_tokens,session_turn_index,1069,tokens,2,581607.5,348249.5,233358.0,303007.9,407482.75,581607.5,755732.25,860207.1,895032.0499999999,922892.01,929857.0,1163215.0
1070,isl_tokens,session_turn_index,1070,tokens,2,336.5,278.5,58.0,113.7,197.25,336.5,475.75,559.3,587.15,609.43,615.0,673.0
1070,osl_tokens,session_turn_index,1070,tokens,2,516.5,470.5,46.0,140.10000000000002,281.25,516.5,751.75,892.9,939.9499999999999,977.59,987.0,1033.0
1070,context_length_tokens,session_turn_index,1070,tokens,2,582050.5,348602.5,233448.0,303168.5,407749.25,582050.5,756351.75,860932.5,895792.75,923680.95,930653.0,1164101.0
1071,isl_tokens,session_turn_index,1071,tokens,2,123.0,94.0,29.0,47.8,76.0,123.0,170.0,198.20000000000002,207.6,215.12,217.0,246.0
1071,osl_tokens,session_turn_index,1071,tokens,2,1149.0,1117.0,32.0,255.4,590.5,1149.0,1707.5,2042.6000000000001,2154.2999999999997,2243.66,2266.0,2298.0
1071,context_length_tokens,session_turn_index,1071,tokens,2,582690.0,349167.0,233523.0,303356.4,408106.5,582690.0,757273.5,862023.6,896940.2999999999,924873.66,931857.0,1165380.0
1072,isl_tokens,session_turn_index,1072,tokens,2,60.0,2.0,58.0,58.4,59.0,60.0,61.0,61.6,61.8,61.96,62.0,120.0
1072,osl_tokens,session_turn_index,1072,tokens,2,110.0,15.0,95.0,98.0,102.5,110.0,117.5,122.0,123.5,124.7,125.0,220.0
1072,context_length_tokens,session_turn_index,1072,tokens,2,583899.0,350286.0,233613.0,303670.2,408756.0,583899.0,759042.0,864127.8,899156.4,927179.28,934185.0,1167798.0
1073,isl_tokens,session_turn_index,1073,tokens,2,22.0,7.0,15.0,16.4,18.5,22.0,25.5,27.6,28.299999999999997,28.86,29.0,44.0
1073,osl_tokens,session_turn_index,1073,tokens,2,83.0,51.0,32.0,42.2,57.5,83.0,108.5,123.8,128.89999999999998,132.98000000000002,134.0,166.0
1073,context_length_tokens,session_turn_index,1073,tokens,2,584031.0,350294.0,233737.0,303795.8,408884.0,584031.0,759178.0,864266.2000000001,899295.6,927319.12,934325.0,1168062.0
1074,isl_tokens,session_turn_index,1074,tokens,2,1823.0,1763.0,60.0,412.6,941.5,1823.0,2704.5,3233.4,3409.7,3550.74,3586.0,3646.0
1074,osl_tokens,session_turn_index,1074,tokens,2,68.5,22.5,46.0,50.5,57.25,68.5,79.75,86.5,88.75,90.55,91.0,137.0
1074,context_length_tokens,session_turn_index,1074,tokens,2,585937.0,352108.0,233829.0,304250.6,409883.0,585937.0,761991.0,867623.4,902834.2,931002.84,938045.0,1171874.0
1075,isl_tokens,session_turn_index,1075,tokens,2,24.5,4.5,20.0,20.9,22.25,24.5,26.75,28.1,28.549999999999997,28.91,29.0,49.0
1075,osl_tokens,session_turn_index,1075,tokens,2,489.5,457.5,32.0,123.5,260.75,489.5,718.25,855.5,901.25,937.85,947.0,979.0
1075,context_length_tokens,session_turn_index,1075,tokens,2,586030.0,352126.0,233904.0,304329.2,409967.0,586030.0,762093.0,867730.8,902943.4,931113.48,938156.0,1172060.0
1076,isl_tokens,session_turn_index,1076,tokens,2,39.5,17.5,22.0,25.5,30.75,39.5,48.25,53.5,55.25,56.65,57.0,79.0
1076,osl_tokens,session_turn_index,1076,tokens,2,93.0,9.0,84.0,85.8,88.5,93.0,97.5,100.2,101.1,101.82,102.0,186.0
1076,context_length_tokens,session_turn_index,1076,tokens,2,586559.0,352566.0,233993.0,304506.2,410276.0,586559.0,762842.0,868611.8,903868.4,932073.68,939125.0,1173118.0
1077,isl_tokens,session_turn_index,1077,tokens,2,27.0,2.0,25.0,25.4,26.0,27.0,28.0,28.6,28.8,28.96,29.0,54.0
1077,osl_tokens,session_turn_index,1077,tokens,2,38.5,6.5,32.0,33.3,35.25,38.5,41.75,43.7,44.35,44.87,45.0,77.0
1077,context_length_tokens,session_turn_index,1077,tokens,2,586679.0,352573.0,234106.0,304620.6,410392.5,586679.0,762965.5,868737.4,903994.7,932200.54,939252.0,1173358.0
1078,isl_tokens,session_turn_index,1078,tokens,1,57.0,0.0,57.0,57.0,57.0,57.0,57.0,57.0,57.0,57.0,57.0,57.0
1078,osl_tokens,session_turn_index,1078,tokens,1,46.0,0.0,46.0,46.0,46.0,46.0,46.0,46.0,46.0,46.0,46.0,46.0
1078,context_length_tokens,session_turn_index,1078,tokens,1,234195.0,0.0,234195.0,234195.0,234195.0,234195.0,234195.0,234195.0,234195.0,234195.0,234195.0,234195.0
1079,isl_tokens,session_turn_index,1079,tokens,1,209.0,0.0,209.0,209.0,209.0,209.0,209.0,209.0,209.0,209.0,209.0,209.0
1079,osl_tokens,session_turn_index,1079,tokens,1,96.0,0.0,96.0,96.0,96.0,96.0,96.0,96.0,96.0,96.0,96.0,96.0
1079,context_length_tokens,session_turn_index,1079,tokens,1,234450.0,0.0,234450.0,234450.0,234450.0,234450.0,234450.0,234450.0,234450.0,234450.0,234450.0,234450.0
1080,isl_tokens,session_turn_index,1080,tokens,1,91.0,0.0,91.0,91.0,91.0,91.0,91.0,91.0,91.0,91.0,91.0,91.0
1080,osl_tokens,session_turn_index,1080,tokens,1,386.0,0.0,386.0,386.0,386.0,386.0,386.0,386.0,386.0,386.0,386.0,386.0
1080,context_length_tokens,session_turn_index,1080,tokens,1,234637.0,0.0,234637.0,234637.0,234637.0,234637.0,234637.0,234637.0,234637.0,234637.0,234637.0,234637.0
1081,isl_tokens,session_turn_index,1081,tokens,1,57.0,0.0,57.0,57.0,57.0,57.0,57.0,57.0,57.0,57.0,57.0,57.0
1081,osl_tokens,session_turn_index,1081,tokens,1,54.0,0.0,54.0,54.0,54.0,54.0,54.0,54.0,54.0,54.0,54.0,54.0
1081,context_length_tokens,session_turn_index,1081,tokens,1,235080.0,0.0,235080.0,235080.0,235080.0,235080.0,235080.0,235080.0,235080.0,235080.0,235080.0,235080.0
1082,isl_tokens,session_turn_index,1082,tokens,1,29.0,0.0,29.0,29.0,29.0,29.0,29.0,29.0,29.0,29.0,29.0,29.0
1082,osl_tokens,session_turn_index,1082,tokens,1,32.0,0.0,32.0,32.0,32.0,32.0,32.0,32.0,32.0,32.0,32.0,32.0
1082,context_length_tokens,session_turn_index,1082,tokens,1,235163.0,0.0,235163.0,235163.0,235163.0,235163.0,235163.0,235163.0,235163.0,235163.0,235163.0,235163.0
1083,isl_tokens,session_turn_index,1083,tokens,1,60.0,0.0,60.0,60.0,60.0,60.0,60.0,60.0,60.0,60.0,60.0,60.0
1083,osl_tokens,session_turn_index,1083,tokens,1,46.0,0.0,46.0,46.0,46.0,46.0,46.0,46.0,46.0,46.0,46.0,46.0
1083,context_length_tokens,session_turn_index,1083,tokens,1,235255.0,0.0,235255.0,235255.0,235255.0,235255.0,235255.0,235255.0,235255.0,235255.0,235255.0,235255.0
1084,isl_tokens,session_turn_index,1084,tokens,1,29.0,0.0,29.0,29.0,29.0,29.0,29.0,29.0,29.0,29.0,29.0,29.0
1084,osl_tokens,session_turn_index,1084,tokens,1,32.0,0.0,32.0,32.0,32.0,32.0,32.0,32.0,32.0,32.0,32.0,32.0
1084,context_length_tokens,session_turn_index,1084,tokens,1,235330.0,0.0,235330.0,235330.0,235330.0,235330.0,235330.0,235330.0,235330.0,235330.0,235330.0,235330.0
1085,isl_tokens,session_turn_index,1085,tokens,1,56.0,0.0,56.0,56.0,56.0,56.0,56.0,56.0,56.0,56.0,56.0,56.0
1085,osl_tokens,session_turn_index,1085,tokens,1,90.0,0.0,90.0,90.0,90.0,90.0,90.0,90.0,90.0,90.0,90.0,90.0
1085,context_length_tokens,session_turn_index,1085,tokens,1,235418.0,0.0,235418.0,235418.0,235418.0,235418.0,235418.0,235418.0,235418.0,235418.0,235418.0,235418.0
1086,isl_tokens,session_turn_index,1086,tokens,1,214.0,0.0,214.0,214.0,214.0,214.0,214.0,214.0,214.0,214.0,214.0,214.0
1086,osl_tokens,session_turn_index,1086,tokens,1,507.0,0.0,507.0,507.0,507.0,507.0,507.0,507.0,507.0,507.0,507.0,507.0
1086,context_length_tokens,session_turn_index,1086,tokens,1,235722.0,0.0,235722.0,235722.0,235722.0,235722.0,235722.0,235722.0,235722.0,235722.0,235722.0,235722.0
1087,isl_tokens,session_turn_index,1087,tokens,1,56.0,0.0,56.0,56.0,56.0,56.0,56.0,56.0,56.0,56.0,56.0,56.0
1087,osl_tokens,session_turn_index,1087,tokens,1,56.0,0.0,56.0,56.0,56.0,56.0,56.0,56.0,56.0,56.0,56.0,56.0
1087,context_length_tokens,session_turn_index,1087,tokens,1,236285.0,0.0,236285.0,236285.0,236285.0,236285.0,236285.0,236285.0,236285.0,236285.0,236285.0,236285.0
1088,isl_tokens,session_turn_index,1088,tokens,1,29.0,0.0,29.0,29.0,29.0,29.0,29.0,29.0,29.0,29.0,29.0,29.0
1088,osl_tokens,session_turn_index,1088,tokens,1,32.0,0.0,32.0,32.0,32.0,32.0,32.0,32.0,32.0,32.0,32.0,32.0
1088,context_length_tokens,session_turn_index,1088,tokens,1,236370.0,0.0,236370.0,236370.0,236370.0,236370.0,236370.0,236370.0,236370.0,236370.0,236370.0,236370.0
1089,isl_tokens,session_turn_index,1089,tokens,1,57.0,0.0,57.0,57.0,57.0,57.0,57.0,57.0,57.0,57.0,57.0,57.0
1089,osl_tokens,session_turn_index,1089,tokens,1,46.0,0.0,46.0,46.0,46.0,46.0,46.0,46.0,46.0,46.0,46.0,46.0
1089,context_length_tokens,session_turn_index,1089,tokens,1,236459.0,0.0,236459.0,236459.0,236459.0,236459.0,236459.0,236459.0,236459.0,236459.0,236459.0,236459.0
1090,isl_tokens,session_turn_index,1090,tokens,1,29.0,0.0,29.0,29.0,29.0,29.0,29.0,29.0,29.0,29.0,29.0,29.0
1090,osl_tokens,session_turn_index,1090,tokens,1,32.0,0.0,32.0,32.0,32.0,32.0,32.0,32.0,32.0,32.0,32.0,32.0
1090,context_length_tokens,session_turn_index,1090,tokens,1,236534.0,0.0,236534.0,236534.0,236534.0,236534.0,236534.0,236534.0,236534.0,236534.0,236534.0,236534.0
1091,isl_tokens,session_turn_index,1091,tokens,1,59.0,0.0,59.0,59.0,59.0,59.0,59.0,59.0,59.0,59.0,59.0,59.0
1091,osl_tokens,session_turn_index,1091,tokens,1,94.0,0.0,94.0,94.0,94.0,94.0,94.0,94.0,94.0,94.0,94.0,94.0
1091,context_length_tokens,session_turn_index,1091,tokens,1,236625.0,0.0,236625.0,236625.0,236625.0,236625.0,236625.0,236625.0,236625.0,236625.0,236625.0,236625.0
1092,isl_tokens,session_turn_index,1092,tokens,1,29.0,0.0,29.0,29.0,29.0,29.0,29.0,29.0,29.0,29.0,29.0,29.0
1092,osl_tokens,session_turn_index,1092,tokens,1,32.0,0.0,32.0,32.0,32.0,32.0,32.0,32.0,32.0,32.0,32.0,32.0
1092,context_length_tokens,session_turn_index,1092,tokens,1,236748.0,0.0,236748.0,236748.0,236748.0,236748.0,236748.0,236748.0,236748.0,236748.0,236748.0,236748.0
1093,isl_tokens,session_turn_index,1093,tokens,1,59.0,0.0,59.0,59.0,59.0,59.0,59.0,59.0,59.0,59.0,59.0,59.0
1093,osl_tokens,session_turn_index,1093,tokens,1,46.0,0.0,46.0,46.0,46.0,46.0,46.0,46.0,46.0,46.0,46.0,46.0
1093,context_length_tokens,session_turn_index,1093,tokens,1,236839.0,0.0,236839.0,236839.0,236839.0,236839.0,236839.0,236839.0,236839.0,236839.0,236839.0,236839.0
1094,isl_tokens,session_turn_index,1094,tokens,1,29.0,0.0,29.0,29.0,29.0,29.0,29.0,29.0,29.0,29.0,29.0,29.0
1094,osl_tokens,session_turn_index,1094,tokens,1,32.0,0.0,32.0,32.0,32.0,32.0,32.0,32.0,32.0,32.0,32.0,32.0
1094,context_length_tokens,session_turn_index,1094,tokens,1,236914.0,0.0,236914.0,236914.0,236914.0,236914.0,236914.0,236914.0,236914.0,236914.0,236914.0,236914.0
1095,isl_tokens,session_turn_index,1095,tokens,1,59.0,0.0,59.0,59.0,59.0,59.0,59.0,59.0,59.0,59.0,59.0,59.0
1095,osl_tokens,session_turn_index,1095,tokens,1,90.0,0.0,90.0,90.0,90.0,90.0,90.0,90.0,90.0,90.0,90.0,90.0
1095,context_length_tokens,session_turn_index,1095,tokens,1,237005.0,0.0,237005.0,237005.0,237005.0,237005.0,237005.0,237005.0,237005.0,237005.0,237005.0,237005.0
1096,isl_tokens,session_turn_index,1096,tokens,1,29.0,0.0,29.0,29.0,29.0,29.0,29.0,29.0,29.0,29.0,29.0,29.0
1096,osl_tokens,session_turn_index,1096,tokens,1,32.0,0.0,32.0,32.0,32.0,32.0,32.0,32.0,32.0,32.0,32.0,32.0
1096,context_length_tokens,session_turn_index,1096,tokens,1,237124.0,0.0,237124.0,237124.0,237124.0,237124.0,237124.0,237124.0,237124.0,237124.0,237124.0,237124.0
1097,isl_tokens,session_turn_index,1097,tokens,1,57.0,0.0,57.0,57.0,57.0,57.0,57.0,57.0,57.0,57.0,57.0,57.0
1097,osl_tokens,session_turn_index,1097,tokens,1,46.0,0.0,46.0,46.0,46.0,46.0,46.0,46.0,46.0,46.0,46.0,46.0
1097,context_length_tokens,session_turn_index,1097,tokens,1,237213.0,0.0,237213.0,237213.0,237213.0,237213.0,237213.0,237213.0,237213.0,237213.0,237213.0,237213.0
1098,isl_tokens,session_turn_index,1098,tokens,1,29.0,0.0,29.0,29.0,29.0,29.0,29.0,29.0,29.0,29.0,29.0,29.0
1098,osl_tokens,session_turn_index,1098,tokens,1,32.0,0.0,32.0,32.0,32.0,32.0,32.0,32.0,32.0,32.0,32.0,32.0
1098,context_length_tokens,session_turn_index,1098,tokens,1,237288.0,0.0,237288.0,237288.0,237288.0,237288.0,237288.0,237288.0,237288.0,237288.0,237288.0,237288.0
1099,isl_tokens,session_turn_index,1099,tokens,1,60.0,0.0,60.0,60.0,60.0,60.0,60.0,60.0,60.0,60.0,60.0,60.0
1099,osl_tokens,session_turn_index,1099,tokens,1,81.0,0.0,81.0,81.0,81.0,81.0,81.0,81.0,81.0,81.0,81.0,81.0
1099,context_length_tokens,session_turn_index,1099,tokens,1,237380.0,0.0,237380.0,237380.0,237380.0,237380.0,237380.0,237380.0,237380.0,237380.0,237380.0,237380.0
1100,isl_tokens,session_turn_index,1100,tokens,1,29.0,0.0,29.0,29.0,29.0,29.0,29.0,29.0,29.0,29.0,29.0,29.0
1100,osl_tokens,session_turn_index,1100,tokens,1,32.0,0.0,32.0,32.0,32.0,32.0,32.0,32.0,32.0,32.0,32.0,32.0
1100,context_length_tokens,session_turn_index,1100,tokens,1,237490.0,0.0,237490.0,237490.0,237490.0,237490.0,237490.0,237490.0,237490.0,237490.0,237490.0,237490.0
1101,isl_tokens,session_turn_index,1101,tokens,1,57.0,0.0,57.0,57.0,57.0,57.0,57.0,57.0,57.0,57.0,57.0,57.0
1101,osl_tokens,session_turn_index,1101,tokens,1,46.0,0.0,46.0,46.0,46.0,46.0,46.0,46.0,46.0,46.0,46.0,46.0
1101,context_length_tokens,session_turn_index,1101,tokens,1,237579.0,0.0,237579.0,237579.0,237579.0,237579.0,237579.0,237579.0,237579.0,237579.0,237579.0,237579.0
1102,isl_tokens,session_turn_index,1102,tokens,1,29.0,0.0,29.0,29.0,29.0,29.0,29.0,29.0,29.0,29.0,29.0,29.0
1102,osl_tokens,session_turn_index,1102,tokens,1,32.0,0.0,32.0,32.0,32.0,32.0,32.0,32.0,32.0,32.0,32.0,32.0
1102,context_length_tokens,session_turn_index,1102,tokens,1,237654.0,0.0,237654.0,237654.0,237654.0,237654.0,237654.0,237654.0,237654.0,237654.0,237654.0,237654.0
1103,isl_tokens,session_turn_index,1103,tokens,1,57.0,0.0,57.0,57.0,57.0,57.0,57.0,57.0,57.0,57.0,57.0,57.0
1103,osl_tokens,session_turn_index,1103,tokens,1,83.0,0.0,83.0,83.0,83.0,83.0,83.0,83.0,83.0,83.0,83.0,83.0
1103,context_length_tokens,session_turn_index,1103,tokens,1,237743.0,0.0,237743.0,237743.0,237743.0,237743.0,237743.0,237743.0,237743.0,237743.0,237743.0,237743.0
1104,isl_tokens,session_turn_index,1104,tokens,1,29.0,0.0,29.0,29.0,29.0,29.0,29.0,29.0,29.0,29.0,29.0,29.0
1104,osl_tokens,session_turn_index,1104,tokens,1,32.0,0.0,32.0,32.0,32.0,32.0,32.0,32.0,32.0,32.0,32.0,32.0
1104,context_length_tokens,session_turn_index,1104,tokens,1,237855.0,0.0,237855.0,237855.0,237855.0,237855.0,237855.0,237855.0,237855.0,237855.0,237855.0,237855.0
1105,isl_tokens,session_turn_index,1105,tokens,1,57.0,0.0,57.0,57.0,57.0,57.0,57.0,57.0,57.0,57.0,57.0,57.0
1105,osl_tokens,session_turn_index,1105,tokens,1,46.0,0.0,46.0,46.0,46.0,46.0,46.0,46.0,46.0,46.0,46.0,46.0
1105,context_length_tokens,session_turn_index,1105,tokens,1,237944.0,0.0,237944.0,237944.0,237944.0,237944.0,237944.0,237944.0,237944.0,237944.0,237944.0,237944.0
1106,isl_tokens,session_turn_index,1106,tokens,1,29.0,0.0,29.0,29.0,29.0,29.0,29.0,29.0,29.0,29.0,29.0,29.0
1106,osl_tokens,session_turn_index,1106,tokens,1,32.0,0.0,32.0,32.0,32.0,32.0,32.0,32.0,32.0,32.0,32.0,32.0
1106,context_length_tokens,session_turn_index,1106,tokens,1,238019.0,0.0,238019.0,238019.0,238019.0,238019.0,238019.0,238019.0,238019.0,238019.0,238019.0,238019.0
1107,isl_tokens,session_turn_index,1107,tokens,1,57.0,0.0,57.0,57.0,57.0,57.0,57.0,57.0,57.0,57.0,57.0,57.0
1107,osl_tokens,session_turn_index,1107,tokens,1,94.0,0.0,94.0,94.0,94.0,94.0,94.0,94.0,94.0,94.0,94.0,94.0
1107,context_length_tokens,session_turn_index,1107,tokens,1,238108.0,0.0,238108.0,238108.0,238108.0,238108.0,238108.0,238108.0,238108.0,238108.0,238108.0,238108.0
1108,isl_tokens,session_turn_index,1108,tokens,1,29.0,0.0,29.0,29.0,29.0,29.0,29.0,29.0,29.0,29.0,29.0,29.0
1108,osl_tokens,session_turn_index,1108,tokens,1,32.0,0.0,32.0,32.0,32.0,32.0,32.0,32.0,32.0,32.0,32.0,32.0
1108,context_length_tokens,session_turn_index,1108,tokens,1,238231.0,0.0,238231.0,238231.0,238231.0,238231.0,238231.0,238231.0,238231.0,238231.0,238231.0,238231.0
1109,isl_tokens,session_turn_index,1109,tokens,1,57.0,0.0,57.0,57.0,57.0,57.0,57.0,57.0,57.0,57.0,57.0,57.0
1109,osl_tokens,session_turn_index,1109,tokens,1,46.0,0.0,46.0,46.0,46.0,46.0,46.0,46.0,46.0,46.0,46.0,46.0
1109,context_length_tokens,session_turn_index,1109,tokens,1,238320.0,0.0,238320.0,238320.0,238320.0,238320.0,238320.0,238320.0,238320.0,238320.0,238320.0,238320.0
1110,isl_tokens,session_turn_index,1110,tokens,1,206.0,0.0,206.0,206.0,206.0,206.0,206.0,206.0,206.0,206.0,206.0,206.0
1110,osl_tokens,session_turn_index,1110,tokens,1,473.0,0.0,473.0,473.0,473.0,473.0,473.0,473.0,473.0,473.0,473.0,473.0
1110,context_length_tokens,session_turn_index,1110,tokens,1,238572.0,0.0,238572.0,238572.0,238572.0,238572.0,238572.0,238572.0,238572.0,238572.0,238572.0,238572.0
1111,isl_tokens,session_turn_index,1111,tokens,1,57.0,0.0,57.0,57.0,57.0,57.0,57.0,57.0,57.0,57.0,57.0,57.0
1111,osl_tokens,session_turn_index,1111,tokens,1,54.0,0.0,54.0,54.0,54.0,54.0,54.0,54.0,54.0,54.0,54.0,54.0
1111,context_length_tokens,session_turn_index,1111,tokens,1,239102.0,0.0,239102.0,239102.0,239102.0,239102.0,239102.0,239102.0,239102.0,239102.0,239102.0,239102.0
1112,isl_tokens,session_turn_index,1112,tokens,1,29.0,0.0,29.0,29.0,29.0,29.0,29.0,29.0,29.0,29.0,29.0,29.0
1112,osl_tokens,session_turn_index,1112,tokens,1,32.0,0.0,32.0,32.0,32.0,32.0,32.0,32.0,32.0,32.0,32.0,32.0
1112,context_length_tokens,session_turn_index,1112,tokens,1,239185.0,0.0,239185.0,239185.0,239185.0,239185.0,239185.0,239185.0,239185.0,239185.0,239185.0,239185.0
1113,isl_tokens,session_turn_index,1113,tokens,1,57.0,0.0,57.0,57.0,57.0,57.0,57.0,57.0,57.0,57.0,57.0,57.0
1113,osl_tokens,session_turn_index,1113,tokens,1,46.0,0.0,46.0,46.0,46.0,46.0,46.0,46.0,46.0,46.0,46.0,46.0
1113,context_length_tokens,session_turn_index,1113,tokens,1,239274.0,0.0,239274.0,239274.0,239274.0,239274.0,239274.0,239274.0,239274.0,239274.0,239274.0,239274.0
1114,isl_tokens,session_turn_index,1114,tokens,1,29.0,0.0,29.0,29.0,29.0,29.0,29.0,29.0,29.0,29.0,29.0,29.0
1114,osl_tokens,session_turn_index,1114,tokens,1,32.0,0.0,32.0,32.0,32.0,32.0,32.0,32.0,32.0,32.0,32.0,32.0
1114,context_length_tokens,session_turn_index,1114,tokens,1,239349.0,0.0,239349.0,239349.0,239349.0,239349.0,239349.0,239349.0,239349.0,239349.0,239349.0,239349.0
1115,isl_tokens,session_turn_index,1115,tokens,1,58.0,0.0,58.0,58.0,58.0,58.0,58.0,58.0,58.0,58.0,58.0,58.0
1115,osl_tokens,session_turn_index,1115,tokens,1,89.0,0.0,89.0,89.0,89.0,89.0,89.0,89.0,89.0,89.0,89.0,89.0
1115,context_length_tokens,session_turn_index,1115,tokens,1,239439.0,0.0,239439.0,239439.0,239439.0,239439.0,239439.0,239439.0,239439.0,239439.0,239439.0,239439.0
1116,isl_tokens,session_turn_index,1116,tokens,1,29.0,0.0,29.0,29.0,29.0,29.0,29.0,29.0,29.0,29.0,29.0,29.0
1116,osl_tokens,session_turn_index,1116,tokens,1,32.0,0.0,32.0,32.0,32.0,32.0,32.0,32.0,32.0,32.0,32.0,32.0
1116,context_length_tokens,session_turn_index,1116,tokens,1,239557.0,0.0,239557.0,239557.0,239557.0,239557.0,239557.0,239557.0,239557.0,239557.0,239557.0,239557.0
1117,isl_tokens,session_turn_index,1117,tokens,1,208.0,0.0,208.0,208.0,208.0,208.0,208.0,208.0,208.0,208.0,208.0,208.0
1117,osl_tokens,session_turn_index,1117,tokens,1,364.0,0.0,364.0,364.0,364.0,364.0,364.0,364.0,364.0,364.0,364.0,364.0
1117,context_length_tokens,session_turn_index,1117,tokens,1,239797.0,0.0,239797.0,239797.0,239797.0,239797.0,239797.0,239797.0,239797.0,239797.0,239797.0,239797.0
1118,isl_tokens,session_turn_index,1118,tokens,1,58.0,0.0,58.0,58.0,58.0,58.0,58.0,58.0,58.0,58.0,58.0,58.0
1118,osl_tokens,session_turn_index,1118,tokens,1,54.0,0.0,54.0,54.0,54.0,54.0,54.0,54.0,54.0,54.0,54.0,54.0
1118,context_length_tokens,session_turn_index,1118,tokens,1,240219.0,0.0,240219.0,240219.0,240219.0,240219.0,240219.0,240219.0,240219.0,240219.0,240219.0,240219.0
1119,isl_tokens,session_turn_index,1119,tokens,1,29.0,0.0,29.0,29.0,29.0,29.0,29.0,29.0,29.0,29.0,29.0,29.0
1119,osl_tokens,session_turn_index,1119,tokens,1,32.0,0.0,32.0,32.0,32.0,32.0,32.0,32.0,32.0,32.0,32.0,32.0
1119,context_length_tokens,session_turn_index,1119,tokens,1,240302.0,0.0,240302.0,240302.0,240302.0,240302.0,240302.0,240302.0,240302.0,240302.0,240302.0,240302.0
1120,isl_tokens,session_turn_index,1120,tokens,1,58.0,0.0,58.0,58.0,58.0,58.0,58.0,58.0,58.0,58.0,58.0,58.0
1120,osl_tokens,session_turn_index,1120,tokens,1,46.0,0.0,46.0,46.0,46.0,46.0,46.0,46.0,46.0,46.0,46.0,46.0
1120,context_length_tokens,session_turn_index,1120,tokens,1,240392.0,0.0,240392.0,240392.0,240392.0,240392.0,240392.0,240392.0,240392.0,240392.0,240392.0,240392.0
1121,isl_tokens,session_turn_index,1121,tokens,1,29.0,0.0,29.0,29.0,29.0,29.0,29.0,29.0,29.0,29.0,29.0,29.0
1121,osl_tokens,session_turn_index,1121,tokens,1,32.0,0.0,32.0,32.0,32.0,32.0,32.0,32.0,32.0,32.0,32.0,32.0
1121,context_length_tokens,session_turn_index,1121,tokens,1,240467.0,0.0,240467.0,240467.0,240467.0,240467.0,240467.0,240467.0,240467.0,240467.0,240467.0,240467.0
1122,isl_tokens,session_turn_index,1122,tokens,1,209.0,0.0,209.0,209.0,209.0,209.0,209.0,209.0,209.0,209.0,209.0,209.0
1122,osl_tokens,session_turn_index,1122,tokens,1,336.0,0.0,336.0,336.0,336.0,336.0,336.0,336.0,336.0,336.0,336.0,336.0
1122,context_length_tokens,session_turn_index,1122,tokens,1,240708.0,0.0,240708.0,240708.0,240708.0,240708.0,240708.0,240708.0,240708.0,240708.0,240708.0,240708.0
1123,isl_tokens,session_turn_index,1123,tokens,1,57.0,0.0,57.0,57.0,57.0,57.0,57.0,57.0,57.0,57.0,57.0,57.0
1123,osl_tokens,session_turn_index,1123,tokens,1,54.0,0.0,54.0,54.0,54.0,54.0,54.0,54.0,54.0,54.0,54.0,54.0
1123,context_length_tokens,session_turn_index,1123,tokens,1,241101.0,0.0,241101.0,241101.0,241101.0,241101.0,241101.0,241101.0,241101.0,241101.0,241101.0,241101.0
1124,isl_tokens,session_turn_index,1124,tokens,1,29.0,0.0,29.0,29.0,29.0,29.0,29.0,29.0,29.0,29.0,29.0,29.0
1124,osl_tokens,session_turn_index,1124,tokens,1,32.0,0.0,32.0,32.0,32.0,32.0,32.0,32.0,32.0,32.0,32.0,32.0
1124,context_length_tokens,session_turn_index,1124,tokens,1,241184.0,0.0,241184.0,241184.0,241184.0,241184.0,241184.0,241184.0,241184.0,241184.0,241184.0,241184.0
1125,isl_tokens,session_turn_index,1125,tokens,1,59.0,0.0,59.0,59.0,59.0,59.0,59.0,59.0,59.0,59.0,59.0,59.0
1125,osl_tokens,session_turn_index,1125,tokens,1,46.0,0.0,46.0,46.0,46.0,46.0,46.0,46.0,46.0,46.0,46.0,46.0
1125,context_length_tokens,session_turn_index,1125,tokens,1,241275.0,0.0,241275.0,241275.0,241275.0,241275.0,241275.0,241275.0,241275.0,241275.0,241275.0,241275.0
1126,isl_tokens,session_turn_index,1126,tokens,1,29.0,0.0,29.0,29.0,29.0,29.0,29.0,29.0,29.0,29.0,29.0,29.0
1126,osl_tokens,session_turn_index,1126,tokens,1,32.0,0.0,32.0,32.0,32.0,32.0,32.0,32.0,32.0,32.0,32.0,32.0
1126,context_length_tokens,session_turn_index,1126,tokens,1,241350.0,0.0,241350.0,241350.0,241350.0,241350.0,241350.0,241350.0,241350.0,241350.0,241350.0,241350.0
1127,isl_tokens,session_turn_index,1127,tokens,1,57.0,0.0,57.0,57.0,57.0,57.0,57.0,57.0,57.0,57.0,57.0,57.0
1127,osl_tokens,session_turn_index,1127,tokens,1,88.0,0.0,88.0,88.0,88.0,88.0,88.0,88.0,88.0,88.0,88.0,88.0
1127,context_length_tokens,session_turn_index,1127,tokens,1,241439.0,0.0,241439.0,241439.0,241439.0,241439.0,241439.0,241439.0,241439.0,241439.0,241439.0,241439.0
1128,isl_tokens,session_turn_index,1128,tokens,1,29.0,0.0,29.0,29.0,29.0,29.0,29.0,29.0,29.0,29.0,29.0,29.0
1128,osl_tokens,session_turn_index,1128,tokens,1,32.0,0.0,32.0,32.0,32.0,32.0,32.0,32.0,32.0,32.0,32.0,32.0
1128,context_length_tokens,session_turn_index,1128,tokens,1,241556.0,0.0,241556.0,241556.0,241556.0,241556.0,241556.0,241556.0,241556.0,241556.0,241556.0,241556.0
1129,isl_tokens,session_turn_index,1129,tokens,1,59.0,0.0,59.0,59.0,59.0,59.0,59.0,59.0,59.0,59.0,59.0,59.0
1129,osl_tokens,session_turn_index,1129,tokens,1,46.0,0.0,46.0,46.0,46.0,46.0,46.0,46.0,46.0,46.0,46.0,46.0
1129,context_length_tokens,session_turn_index,1129,tokens,1,241647.0,0.0,241647.0,241647.0,241647.0,241647.0,241647.0,241647.0,241647.0,241647.0,241647.0,241647.0
1130,isl_tokens,session_turn_index,1130,tokens,1,29.0,0.0,29.0,29.0,29.0,29.0,29.0,29.0,29.0,29.0,29.0,29.0
1130,osl_tokens,session_turn_index,1130,tokens,1,32.0,0.0,32.0,32.0,32.0,32.0,32.0,32.0,32.0,32.0,32.0,32.0
1130,context_length_tokens,session_turn_index,1130,tokens,1,241722.0,0.0,241722.0,241722.0,241722.0,241722.0,241722.0,241722.0,241722.0,241722.0,241722.0,241722.0
1131,isl_tokens,session_turn_index,1131,tokens,1,59.0,0.0,59.0,59.0,59.0,59.0,59.0,59.0,59.0,59.0,59.0,59.0
1131,osl_tokens,session_turn_index,1131,tokens,1,80.0,0.0,80.0,80.0,80.0,80.0,80.0,80.0,80.0,80.0,80.0,80.0
1131,context_length_tokens,session_turn_index,1131,tokens,1,241813.0,0.0,241813.0,241813.0,241813.0,241813.0,241813.0,241813.0,241813.0,241813.0,241813.0,241813.0
1132,isl_tokens,session_turn_index,1132,tokens,1,29.0,0.0,29.0,29.0,29.0,29.0,29.0,29.0,29.0,29.0,29.0,29.0
1132,osl_tokens,session_turn_index,1132,tokens,1,32.0,0.0,32.0,32.0,32.0,32.0,32.0,32.0,32.0,32.0,32.0,32.0
1132,context_length_tokens,session_turn_index,1132,tokens,1,241922.0,0.0,241922.0,241922.0,241922.0,241922.0,241922.0,241922.0,241922.0,241922.0,241922.0,241922.0
1133,isl_tokens,session_turn_index,1133,tokens,1,209.0,0.0,209.0,209.0,209.0,209.0,209.0,209.0,209.0,209.0,209.0,209.0
1133,osl_tokens,session_turn_index,1133,tokens,1,348.0,0.0,348.0,348.0,348.0,348.0,348.0,348.0,348.0,348.0,348.0,348.0
1133,context_length_tokens,session_turn_index,1133,tokens,1,242163.0,0.0,242163.0,242163.0,242163.0,242163.0,242163.0,242163.0,242163.0,242163.0,242163.0,242163.0
1134,isl_tokens,session_turn_index,1134,tokens,1,58.0,0.0,58.0,58.0,58.0,58.0,58.0,58.0,58.0,58.0,58.0,58.0
1134,osl_tokens,session_turn_index,1134,tokens,1,54.0,0.0,54.0,54.0,54.0,54.0,54.0,54.0,54.0,54.0,54.0,54.0
1134,context_length_tokens,session_turn_index,1134,tokens,1,242569.0,0.0,242569.0,242569.0,242569.0,242569.0,242569.0,242569.0,242569.0,242569.0,242569.0,242569.0
1135,isl_tokens,session_turn_index,1135,tokens,1,29.0,0.0,29.0,29.0,29.0,29.0,29.0,29.0,29.0,29.0,29.0,29.0
1135,osl_tokens,session_turn_index,1135,tokens,1,32.0,0.0,32.0,32.0,32.0,32.0,32.0,32.0,32.0,32.0,32.0,32.0
1135,context_length_tokens,session_turn_index,1135,tokens,1,242652.0,0.0,242652.0,242652.0,242652.0,242652.0,242652.0,242652.0,242652.0,242652.0,242652.0,242652.0
1136,isl_tokens,session_turn_index,1136,tokens,1,58.0,0.0,58.0,58.0,58.0,58.0,58.0,58.0,58.0,58.0,58.0,58.0
1136,osl_tokens,session_turn_index,1136,tokens,1,46.0,0.0,46.0,46.0,46.0,46.0,46.0,46.0,46.0,46.0,46.0,46.0
1136,context_length_tokens,session_turn_index,1136,tokens,1,242742.0,0.0,242742.0,242742.0,242742.0,242742.0,242742.0,242742.0,242742.0,242742.0,242742.0,242742.0
1137,isl_tokens,session_turn_index,1137,tokens,1,29.0,0.0,29.0,29.0,29.0,29.0,29.0,29.0,29.0,29.0,29.0,29.0
1137,osl_tokens,session_turn_index,1137,tokens,1,32.0,0.0,32.0,32.0,32.0,32.0,32.0,32.0,32.0,32.0,32.0,32.0
1137,context_length_tokens,session_turn_index,1137,tokens,1,242817.0,0.0,242817.0,242817.0,242817.0,242817.0,242817.0,242817.0,242817.0,242817.0,242817.0,242817.0
1138,isl_tokens,session_turn_index,1138,tokens,1,59.0,0.0,59.0,59.0,59.0,59.0,59.0,59.0,59.0,59.0,59.0,59.0
1138,osl_tokens,session_turn_index,1138,tokens,1,85.0,0.0,85.0,85.0,85.0,85.0,85.0,85.0,85.0,85.0,85.0,85.0
1138,context_length_tokens,session_turn_index,1138,tokens,1,242908.0,0.0,242908.0,242908.0,242908.0,242908.0,242908.0,242908.0,242908.0,242908.0,242908.0,242908.0
1139,isl_tokens,session_turn_index,1139,tokens,1,208.0,0.0,208.0,208.0,208.0,208.0,208.0,208.0,208.0,208.0,208.0,208.0
1139,osl_tokens,session_turn_index,1139,tokens,1,322.0,0.0,322.0,322.0,322.0,322.0,322.0,322.0,322.0,322.0,322.0,322.0
1139,context_length_tokens,session_turn_index,1139,tokens,1,243201.0,0.0,243201.0,243201.0,243201.0,243201.0,243201.0,243201.0,243201.0,243201.0,243201.0,243201.0
1140,isl_tokens,session_turn_index,1140,tokens,1,57.0,0.0,57.0,57.0,57.0,57.0,57.0,57.0,57.0,57.0,57.0,57.0
1140,osl_tokens,session_turn_index,1140,tokens,1,54.0,0.0,54.0,54.0,54.0,54.0,54.0,54.0,54.0,54.0,54.0,54.0
1140,context_length_tokens,session_turn_index,1140,tokens,1,243580.0,0.0,243580.0,243580.0,243580.0,243580.0,243580.0,243580.0,243580.0,243580.0,243580.0,243580.0
1141,isl_tokens,session_turn_index,1141,tokens,1,29.0,0.0,29.0,29.0,29.0,29.0,29.0,29.0,29.0,29.0,29.0,29.0
1141,osl_tokens,session_turn_index,1141,tokens,1,32.0,0.0,32.0,32.0,32.0,32.0,32.0,32.0,32.0,32.0,32.0,32.0
1141,context_length_tokens,session_turn_index,1141,tokens,1,243663.0,0.0,243663.0,243663.0,243663.0,243663.0,243663.0,243663.0,243663.0,243663.0,243663.0,243663.0
1142,isl_tokens,session_turn_index,1142,tokens,1,59.0,0.0,59.0,59.0,59.0,59.0,59.0,59.0,59.0,59.0,59.0,59.0
1142,osl_tokens,session_turn_index,1142,tokens,1,46.0,0.0,46.0,46.0,46.0,46.0,46.0,46.0,46.0,46.0,46.0,46.0
1142,context_length_tokens,session_turn_index,1142,tokens,1,243754.0,0.0,243754.0,243754.0,243754.0,243754.0,243754.0,243754.0,243754.0,243754.0,243754.0,243754.0
1143,isl_tokens,session_turn_index,1143,tokens,1,29.0,0.0,29.0,29.0,29.0,29.0,29.0,29.0,29.0,29.0,29.0,29.0
1143,osl_tokens,session_turn_index,1143,tokens,1,32.0,0.0,32.0,32.0,32.0,32.0,32.0,32.0,32.0,32.0,32.0,32.0
1143,context_length_tokens,session_turn_index,1143,tokens,1,243829.0,0.0,243829.0,243829.0,243829.0,243829.0,243829.0,243829.0,243829.0,243829.0,243829.0,243829.0
1144,isl_tokens,session_turn_index,1144,tokens,1,58.0,0.0,58.0,58.0,58.0,58.0,58.0,58.0,58.0,58.0,58.0,58.0
1144,osl_tokens,session_turn_index,1144,tokens,1,80.0,0.0,80.0,80.0,80.0,80.0,80.0,80.0,80.0,80.0,80.0,80.0
1144,context_length_tokens,session_turn_index,1144,tokens,1,243919.0,0.0,243919.0,243919.0,243919.0,243919.0,243919.0,243919.0,243919.0,243919.0,243919.0,243919.0
1145,isl_tokens,session_turn_index,1145,tokens,1,29.0,0.0,29.0,29.0,29.0,29.0,29.0,29.0,29.0,29.0,29.0,29.0
1145,osl_tokens,session_turn_index,1145,tokens,1,32.0,0.0,32.0,32.0,32.0,32.0,32.0,32.0,32.0,32.0,32.0,32.0
1145,context_length_tokens,session_turn_index,1145,tokens,1,244028.0,0.0,244028.0,244028.0,244028.0,244028.0,244028.0,244028.0,244028.0,244028.0,244028.0,244028.0
1146,isl_tokens,session_turn_index,1146,tokens,1,208.0,0.0,208.0,208.0,208.0,208.0,208.0,208.0,208.0,208.0,208.0,208.0
1146,osl_tokens,session_turn_index,1146,tokens,1,322.0,0.0,322.0,322.0,322.0,322.0,322.0,322.0,322.0,322.0,322.0,322.0
1146,context_length_tokens,session_turn_index,1146,tokens,1,244268.0,0.0,244268.0,244268.0,244268.0,244268.0,244268.0,244268.0,244268.0,244268.0,244268.0,244268.0
1147,isl_tokens,session_turn_index,1147,tokens,1,57.0,0.0,57.0,57.0,57.0,57.0,57.0,57.0,57.0,57.0,57.0,57.0
1147,osl_tokens,session_turn_index,1147,tokens,1,54.0,0.0,54.0,54.0,54.0,54.0,54.0,54.0,54.0,54.0,54.0,54.0
1147,context_length_tokens,session_turn_index,1147,tokens,1,244647.0,0.0,244647.0,244647.0,244647.0,244647.0,244647.0,244647.0,244647.0,244647.0,244647.0,244647.0
1148,isl_tokens,session_turn_index,1148,tokens,1,29.0,0.0,29.0,29.0,29.0,29.0,29.0,29.0,29.0,29.0,29.0,29.0
1148,osl_tokens,session_turn_index,1148,tokens,1,32.0,0.0,32.0,32.0,32.0,32.0,32.0,32.0,32.0,32.0,32.0,32.0
1148,context_length_tokens,session_turn_index,1148,tokens,1,244730.0,0.0,244730.0,244730.0,244730.0,244730.0,244730.0,244730.0,244730.0,244730.0,244730.0,244730.0
